/*
 Navicat Premium Data Transfer

 Source Server         : win11
 Source Server Type    : MySQL
 Source Server Version : 50617 (5.6.17)
 Source Host           : localhost:3306
 Source Schema         : ry_socket

 Target Server Type    : MySQL
 Target Server Version : 50617 (5.6.17)
 File Encoding         : 65001

 Date: 30/03/2023 20:09:44
*/

SET NAMES utf8mb4;
SET FOREIGN_KEY_CHECKS = 0;

-- ----------------------------
-- Table structure for act_evt_log
-- ----------------------------
DROP TABLE IF EXISTS `act_evt_log`;
CREATE TABLE `act_evt_log`  (
  `LOG_NR_` bigint(20) NOT NULL AUTO_INCREMENT,
  `TYPE_` varchar(64) CHARACTER SET utf8 COLLATE utf8_bin NULL DEFAULT NULL,
  `PROC_DEF_ID_` varchar(64) CHARACTER SET utf8 COLLATE utf8_bin NULL DEFAULT NULL,
  `PROC_INST_ID_` varchar(64) CHARACTER SET utf8 COLLATE utf8_bin NULL DEFAULT NULL,
  `EXECUTION_ID_` varchar(64) CHARACTER SET utf8 COLLATE utf8_bin NULL DEFAULT NULL,
  `TASK_ID_` varchar(64) CHARACTER SET utf8 COLLATE utf8_bin NULL DEFAULT NULL,
  `TIME_STAMP_` timestamp(3) NOT NULL DEFAULT CURRENT_TIMESTAMP(3),
  `USER_ID_` varchar(255) CHARACTER SET utf8 COLLATE utf8_bin NULL DEFAULT NULL,
  `DATA_` longblob NULL,
  `LOCK_OWNER_` varchar(255) CHARACTER SET utf8 COLLATE utf8_bin NULL DEFAULT NULL,
  `LOCK_TIME_` timestamp(3) NULL DEFAULT NULL,
  `IS_PROCESSED_` tinyint(4) NULL DEFAULT 0,
  PRIMARY KEY (`LOG_NR_`) USING BTREE
) ENGINE = InnoDB AUTO_INCREMENT = 1 CHARACTER SET = utf8 COLLATE = utf8_bin ROW_FORMAT = COMPACT;

-- ----------------------------
-- Records of act_evt_log
-- ----------------------------

-- ----------------------------
-- Table structure for act_ge_bytearray
-- ----------------------------
DROP TABLE IF EXISTS `act_ge_bytearray`;
CREATE TABLE `act_ge_bytearray`  (
  `ID_` varchar(64) CHARACTER SET utf8 COLLATE utf8_bin NOT NULL,
  `REV_` int(11) NULL DEFAULT NULL,
  `NAME_` varchar(255) CHARACTER SET utf8 COLLATE utf8_bin NULL DEFAULT NULL,
  `DEPLOYMENT_ID_` varchar(64) CHARACTER SET utf8 COLLATE utf8_bin NULL DEFAULT NULL,
  `BYTES_` longblob NULL,
  `GENERATED_` tinyint(4) NULL DEFAULT NULL,
  PRIMARY KEY (`ID_`) USING BTREE,
  INDEX `ACT_FK_BYTEARR_DEPL`(`DEPLOYMENT_ID_`) USING BTREE,
  CONSTRAINT `ACT_FK_BYTEARR_DEPL` FOREIGN KEY (`DEPLOYMENT_ID_`) REFERENCES `act_re_deployment` (`ID_`) ON DELETE RESTRICT ON UPDATE RESTRICT
) ENGINE = InnoDB CHARACTER SET = utf8 COLLATE = utf8_bin ROW_FORMAT = COMPACT;

-- ----------------------------
-- Records of act_ge_bytearray
-- ----------------------------
INSERT INTO `act_ge_bytearray` VALUES ('035a3c8a-1ec1-11ed-af71-3887d5e2c283', 1, 'leave.bpmn', '035a3c89-1ec1-11ed-af71-3887d5e2c283', 0x3C3F786D6C2076657273696F6E3D22312E302220656E636F64696E673D225554462D38223F3E0A3C62706D6E323A646566696E6974696F6E7320786D6C6E733A7873693D22687474703A2F2F7777772E77332E6F72672F323030312F584D4C536368656D612D696E7374616E63652220786D6C6E733A62706D6E323D22687474703A2F2F7777772E6F6D672E6F72672F737065632F42504D4E2F32303130303532342F4D4F44454C2220786D6C6E733A62706D6E64693D22687474703A2F2F7777772E6F6D672E6F72672F737065632F42504D4E2F32303130303532342F44492220786D6C6E733A64693D22687474703A2F2F7777772E6F6D672E6F72672F737065632F44442F32303130303532342F44492220786D6C6E733A64633D22687474703A2F2F7777772E6F6D672E6F72672F737065632F44442F32303130303532342F4443222069643D226469616772616D5F50726F636573735F3136363037393533303330343622207461726765744E616D6573706163653D22687474703A2F2F666C6F7761626C652E6F72672F62706D6E223E3C62706D6E323A70726F636573732069643D226C6561766522206E616D653D22E8AFB7E581872220697345786563757461626C653D2274727565223E3C62706D6E323A73746172744576656E742069643D224576656E745F31753261757476223E3C62706D6E323A6F7574676F696E673E466C6F775F3163786F7838343C2F62706D6E323A6F7574676F696E673E3C2F62706D6E323A73746172744576656E743E3C62706D6E323A757365725461736B2069643D2241637469766974795F3067637864777522206E616D653D22E7BB8FE79086223E3C62706D6E323A696E636F6D696E673E466C6F775F3163786F7838343C2F62706D6E323A696E636F6D696E673E3C62706D6E323A6F7574676F696E673E466C6F775F31796B3164736A3C2F62706D6E323A6F7574676F696E673E3C2F62706D6E323A757365725461736B3E3C62706D6E323A73657175656E6365466C6F772069643D22466C6F775F3163786F7838342220736F757263655265663D224576656E745F3175326175747622207461726765745265663D2241637469766974795F3067637864777522202F3E3C62706D6E323A757365725461736B2069643D2241637469766974795F3133757130356D22206E616D653D22E4BABAE4BA8B223E3C62706D6E323A696E636F6D696E673E466C6F775F31796B3164736A3C2F62706D6E323A696E636F6D696E673E3C62706D6E323A6F7574676F696E673E466C6F775F3172697230686A3C2F62706D6E323A6F7574676F696E673E3C2F62706D6E323A757365725461736B3E3C62706D6E323A73657175656E6365466C6F772069643D22466C6F775F31796B3164736A2220736F757263655265663D2241637469766974795F3067637864777522207461726765745265663D2241637469766974795F3133757130356D22202F3E3C62706D6E323A656E644576656E742069643D224576656E745F30686C646A376C223E3C62706D6E323A696E636F6D696E673E466C6F775F3172697230686A3C2F62706D6E323A696E636F6D696E673E3C2F62706D6E323A656E644576656E743E3C62706D6E323A73657175656E6365466C6F772069643D22466C6F775F3172697230686A2220736F757263655265663D2241637469766974795F3133757130356D22207461726765745265663D224576656E745F30686C646A376C22202F3E3C2F62706D6E323A70726F636573733E3C62706D6E64693A42504D4E4469616772616D2069643D2242504D4E4469616772616D5F31223E3C62706D6E64693A42504D4E506C616E652069643D226C656176655F6469222062706D6E456C656D656E743D226C65617665223E3C62706D6E64693A42504D4E456467652069643D22466C6F775F3172697230686A5F6469222062706D6E456C656D656E743D22466C6F775F3172697230686A223E3C64693A776179706F696E7420783D223538302220793D2232383022202F3E3C64693A776179706F696E7420783D223634322220793D2232383022202F3E3C2F62706D6E64693A42504D4E456467653E3C62706D6E64693A42504D4E456467652069643D22466C6F775F31796B3164736A5F6469222062706D6E456C656D656E743D22466C6F775F31796B3164736A223E3C64693A776179706F696E7420783D223432302220793D2232383022202F3E3C64693A776179706F696E7420783D223438302220793D2232383022202F3E3C2F62706D6E64693A42504D4E456467653E3C62706D6E64693A42504D4E456467652069643D22466C6F775F3163786F7838345F6469222062706D6E456C656D656E743D22466C6F775F3163786F783834223E3C64693A776179706F696E7420783D223236382220793D2232383022202F3E3C64693A776179706F696E7420783D223332302220793D2232383022202F3E3C2F62706D6E64693A42504D4E456467653E3C62706D6E64693A42504D4E53686170652069643D224576656E745F317532617574765F6469222062706D6E456C656D656E743D224576656E745F31753261757476223E3C64633A426F756E647320783D223233322220793D22323632222077696474683D22333622206865696768743D22333622202F3E3C2F62706D6E64693A42504D4E53686170653E3C62706D6E64693A42504D4E53686170652069643D2241637469766974795F306763786477755F6469222062706D6E456C656D656E743D2241637469766974795F30676378647775223E3C64633A426F756E647320783D223332302220793D22323430222077696474683D2231303022206865696768743D22383022202F3E3C2F62706D6E64693A42504D4E53686170653E3C62706D6E64693A42504D4E53686170652069643D2241637469766974795F3133757130356D5F6469222062706D6E456C656D656E743D2241637469766974795F3133757130356D223E3C64633A426F756E647320783D223438302220793D22323430222077696474683D2231303022206865696768743D22383022202F3E3C2F62706D6E64693A42504D4E53686170653E3C62706D6E64693A42504D4E53686170652069643D224576656E745F30686C646A376C5F6469222062706D6E456C656D656E743D224576656E745F30686C646A376C223E3C64633A426F756E647320783D223634322220793D22323632222077696474683D22333622206865696768743D22333622202F3E3C2F62706D6E64693A42504D4E53686170653E3C2F62706D6E64693A42504D4E506C616E653E3C2F62706D6E64693A42504D4E4469616772616D3E3C2F62706D6E323A646566696E6974696F6E733E, 0);
INSERT INTO `act_ge_bytearray` VALUES ('0384f60b-1ec1-11ed-af71-3887d5e2c283', 1, 'leave.leave.png', '035a3c89-1ec1-11ed-af71-3887d5e2c283', 0x89504E470D0A1A0A0000000D49484452000002B00000014A0806000000E5A56C5400000EF84944415478DAEDDD4F6CD6F51D07700F1E76F0C0C1C30E1E3C78F0B0040F3BECB083871D3C98CC03B5F401023C0D329554D40191A01B8D7FA2C36AA8C61049604AC29A2EC0D62C6E16B0B4A90F86C53001216320034A4781E140044AF1B7EFB7E9D3FC28F40FD0F6799EDFF37A259F385A469BE69DDFEFDDEFF37DBEBF7BEE0100000000000000000000000000000000000000000000000000000000000000000000000000000000000000000000000000000000000000000000000000000000000000000000000000000000000000000000000000000000000000000000000000000000000000000000000000000000000000000000000000000000000000000000000000000000000000000000000000000000000000000000000000000000000000000000000000000000000000000000000000000000000000000000000000000000000000000000000000000000000000000000000000000000000000000000000000000000000000000000000000000000000000000000000000000000000000000000000000000000000000000000000000000000000000000000000000000000000000000000000000000000000000000000000000000000000000000000000000000000000000000000000000000000000000000000000000000000000000000000000000000000000000000000000000000000000000000000000000000000000000000000000000000000000000000000000000000000000000000000000000000000000000000000000000000000000000000000000000000000000000000000000000000000000000000000000000000000000000000000000000000000000000000000000000000000000000000000000000000000000000000000000000000000000000000000000000000000000000000000000000000000000000000000000000000000000000000000000000000000000000000000000000000000000000000000000000000000000000000000000000000000000000000000000000000000000000000000000000000000000000000000000000000000A02A244972EFD1A3475B77EFDE7D7DC78E1D497B7BBB99E6D9BE7D7BD2D9D97936CC5CF99307F9038071C4F2D0D5D595F4F5F52557AF5E35259A3367CE24BB76EDFA5F2813B3E4CFC81F008C21AE7C290F655322AEB6B7B71F943F237F003086F8B2AD9B77F94C2810D7E4CFC81F008C21EE8173E32EAB0291C89F913F00988402F1DDB7BDC9D13D1B9203DB1B0727FEEFF831377D0542FEE40F00CAAE405C3CDF93ECFFDBCBC93FFEB2EC86891F8B9F73E35720E44FFE00A0AC0AC489037FBEA93C14E7E48136377E0542FEE40F00CAAB401CFCECCD510B44FC9C1BBF02217FF20700655520F6B7FF76D402113FE7C6AF40C89FFC018002A140C89FFCC91F00DC698188EFFA1EAD40C4CFB9F12B10F2277F00505605E270F77BA31688F839377E0542FEE40F00CAAA409CEBF92AD9FFE96F6E7EF9367C2C7ECE8D5F81903FF90380B22A1071BEF9FB47371588F831377D0542FEE40F00CAAF405CB9921CFEFC839B5FBE0D1F8B9F73E35720E44FFE00A06C0A447CD2D13FBB9B47DD83183FE769480A84FCC91F0094BE405CB992F41EDE99ECFBEBCA51CB4371E2DF897FD76A9802217FF20700252910E3AD7A590D5320E44FFE00A0AC0AC44456BDC65A0D53041408F9933F0098D60271A7E5A1388A8002217FF20700D35A208C02217FF2C7E8162C583063F6ECD9B3C234872984E90D93A426FEB9505B5BFB615D5DDDDC30F7FBA901633A79F2E4CCAD5BB7BEFBFEFBEFEF5FB56AD5C5254B965C9F3367CEF08565D1A245FD2FBEF8E2B9D5AB5777AE59B3E657E142F42305D68D5B81903FA3C08E2714D2C7C37DA42D14D281118575DC09FF9FF6304F3CFAE8A3F7FA4902839224B9B750282C5FBB766D6F28A8C91B6FBC916CD9B225D9BB776FD2D3D3930C0C0C2445E7CE9D4BBEFAEAAB64DBB66DC97BEFBD9784023BB06CD9B2CFF3F9FC4C05D62810F2277F8C140AE84F43F9DC7DBBA57594D913FEADC7FC54A1CAEDDAB52BFFCE3BEF5C7CE6996792D6D6D6A4B7B737B91DE7CF9F1FBC683FFBECB3D71A1A1ABAC3C5E54105C22810F2277FC4D5D25036DFB8D58AEB8A152B06EF39DDDDDDC9F1E3C793CB972F0FDE53FAFBFB07FFBC7BF7EEC18594975F7E79B422DB5CEDAF0042D5AEBAB6B4B4ECCBE7F3C9E6CD9B872F1E772AAED2C655D979F3E65DABAFAF5FA140180542FEE4AF7ACD9933E78191ABAEE1FE906CD8B0E1B6174A8E1D3B96AC5FBF3EBEE237B2C4EE8B5FC74F1BAA44B8783CD8DCDCDCB774E9D2C10BC3648AFFDEF3CF3F7F79D1A2459BAAE1B763054281903FA3C0DE2814D78773B9DCA974D98C5BD3FAFAFAEEEAFE12B7B03536368E2CB127AAED953FA8DAF21AB70CC49765E2CBFF5321AEE6BEF6DA6B97EAEBEB3FC9FA867B054281903FA3C0DEB8F29A2EAF71D5B5A3A3E386F752DCADAEAEAEC17F5789852A11B70DC495D7585EEF76CBC044B614BCFAEAAB17C24566BD02611408F993BFEC1BDAF33ABC6D209E6073E8D0A129B9C7C43DB223B614ECABA9A9B9CF9D1E3228EE798DDB062E5CB8904C8758921B1A1A2E848BD87205C22810F2277FD916DFB0955E799DAAF29A2EB1E9631EE31BBBDCE921633A3B3B17C5376C4DF69ED789EC890D1798CBE137E3871408A340C89FFC65D3D05159C3A70DC46D03D3216E2718715EAC23B6202BE2D681B7DF7EFBBB78DA40296CD9B2E5DB5062B728104681903FF9CBECEAEBEEF41BB62673CFEB7846BCB16B8F871D4046C48714C4735EA77ADFEB58FB61F3F9FCE95C2EF78802611408F993BF6C197AC2D6F0D681BB3D6DE04E4E2748EF878D4FEC72E7870C686A6AEA8D074697525B5B5B7C97E8C70A845120E44FFEB2253E1EB6581EE339AFA5B069D3A61B1E3BEBCE0F15EEE4C99333E3E3616FF7E0E8C9168FECCAE572FFCDDAD9B00A8402217FA69A0B6CB8A6CF48EF7D2DD5BD26AEFAA6DFD015BEA7FB3500A8605BB76E7DF7ADB7DE4ACAC14B2FBDB427BED454093FB7F81B7C989F2B100A84FC996A2DB013C961288BB3D28F872DA5F46367C3F73D5703800AB676EDDA03F179D2E560E3C68DFB2AE59893F44B51A174FF4C815020E4CF545B819D480EE335BDF8F74ABD552DDEEB8ADF4BF87E3FD400A082AD5AB5EAE2DEBD7BCBA2C07EF9E59787C385A5504917EED47C72AB9508054281903F93F5023B560EE335BDF8F9EEEEEE92DE63E2B9B0A9EFB5A00140055BB264C9F552EF7F2D3A7BF6EC77E1A2D25BA117EEE19588F4055C815020E4CF545181BD2987F19A5EFCF8F1E3C74B7A8FE9E9E9497F9FBD1A0054B0B8A97D3ACFE31B4FBCB054F2853BBD12115F5253201408F933D55660D3394CFFB9BFBFBFA4F797F8F5D3DF8F0600157E012A2713B82056D42810E53559CB97FCC95F254DB9DD633400B0023B592E66600576F02485E2935E14082B60F267AA7005763887E98F97EA6139566021839E7EFAE9ABE5B207F6F4E9D3FB2B780FEC0DC5A1A8D20A44F8966F3913FDBC02217FF257D505F6A61CA6F7C01E3B76CC1E5860722C5FBEFC3FE5720A41A150E8A8C053080AF1B184A33D5BBB120BC4581F1BEFF30A84FCC95F5516D85173E81402604A3436367E5A2EE7C0363535B555D039B0B75CF152201408F993BF2A2AB0E3E6307D0E6C4B4B8B736081C9F1E69B6F2E5CB366CD0FE55060172F5EDC56294FE29A28054281903FF9ABE647C97A12173025162C58F0A37C3EDF7FEEDCB9529F011BF7BF9E89DF8F02A1402810F2277F99B9C7CC08D7F66BC5E278E4C89192DC63FAFAFA925C2EF743AAC0DEAF0140850BBF157FD6D6D656D202DBDCDCFCFB7051F9588150201408F993BFCCADC2B6158BE3BA75EB4A728FD9B469D30D0F5A70E7870CC8E7F3339F7AEAA981521D7132303070225C50FE157E3B7E448150201408F993BF6C895BC38AE571DEBC7983ABA1D329BEC2387FFEFCF4EAEB13EEFC9011CF3DF7DCAE52BD99EBF5D75FDF182E2AAD0A84638C1408F993BFCCAEC20E9F46D0D8D838ADE78FC7AF973EEA6BBC373F0215A4A6A6E6C70B172EBC3ADDE7F47DFDF5D7BBC205E562F8FA0F29104681903FF9CBA6279F7CF217E933633B3A3AA6E51ED3D5D575C359B57575758FB9E343C6E472B986A54B977E3F5D5B092E5DBA74207CCD03E1A2F26B05C22810F2277F995F85FD5DB148C6A740C67239D5E7BECE9D3BF78754816D76A7878CAAAFAFFF68F5EAD5535E620706068EE5F3F99DE182F28102611408F993BFEC1B7AB46C215D62A7EAE106B1BCCE9F3FFF7AAABCEEABA9A9B9CF5D1E327C8109C5F24FAFBCF2CA85A92AB171E53514E5CFE2BED7AC1D9BA5402810F267E46F74A1B43E10AEFD87D325366E2798CC3DB1716577C4CAEB89300FBAC3431594D85C2EB7AEA1A1E1C264EF898D7B5E87B60D7C90F5F2AA402810F26714D89BC532992EB1C53776DDEDE904F1B481116FD8525EA11AD5D6D62E09BF1D7FD7D2D272BEBFBFFFAE8FCA1A3A6DE06296F7BC2A100A84FC19F99BF04A6C215D36E3115B1B366C487A7B7B6FFB2105F19CD7F45159C56D03CA2B54A9783A415D5DDD1FC385E1DBD6D6D623E137DC6BB7FB84ADF89082F06F1C8A5B06C27F1F56208C02217FF2477CB5AFB6B6F69D11A5737056AE5C99B4B4B40CEE918DAF04161751E27F7B7A7A06F7B86EDBB66DF0F1B0E9276CA5DFB065CF2B1057637F12E6C370A1B8F0C20B2FEC5DBF7EFDDE2FBEF8E2C8A953A72EA5FAEAC558580B854247535353DBE2C58BE3D357CE84D2BA398B0F2950201408F933F277F7868ED82ADCAAC8DEC1EC7154167093B86F75E862138F43896FC4FA26FD9CEB30BD4317A2E6F8F4956AD8E7AA402810F267E46F52164A1E1F7AECECB5DB2DAEF1F1B0F1095B1E5200A0402810F267E4AF140B253342999D1D17428616447A4714D6C18592F8AA6028AD73E356373F3500054281903F237F0028B04681903FF953600150208C02217FF207000A8402217F46FE0050608D02217F4681054081300A84FCC91F0028100A84FC19F903408175E35620E4CF28B00028104681903FF90300054281903F237F0028B00A8402217F4681054081300A84FCC91F0028100A84FC19F90300054281903FA3C002A040180542FEE40F0014080542FE8CFC018002A140C89F516001A83C3B76EC70E32E9FB91C0AC435F933F2070063E8ECECECEDEBEB73F32E83E9E9E9F943281007E5CFC81F008C61E7CE9DBFECE8E8F8F6F4E9D3DFBB89976EE52B9687EDDBB7FF3BCC2CF933F20700E30837ADC7DBDBDBF7C4970FE31E3833ED137FEE07ABB53CC89FFC0100000000000000000000000000000000000000000000007097FE0F9AACDABD0B7E2F080000000049454E44AE426082, 1);
INSERT INTO `act_ge_bytearray` VALUES ('1a9cdcb8-ca2d-11ed-9c60-2016b9c02335', 1, 'repair.bpmn', '1a9cdcb7-ca2d-11ed-9c60-2016b9c02335', 0x3C3F786D6C2076657273696F6E3D22312E302220656E636F64696E673D225554462D38223F3E0A3C62706D6E323A646566696E6974696F6E7320786D6C6E733A7873693D22687474703A2F2F7777772E77332E6F72672F323030312F584D4C536368656D612D696E7374616E63652220786D6C6E733A62706D6E323D22687474703A2F2F7777772E6F6D672E6F72672F737065632F42504D4E2F32303130303532342F4D4F44454C2220786D6C6E733A62706D6E64693D22687474703A2F2F7777772E6F6D672E6F72672F737065632F42504D4E2F32303130303532342F44492220786D6C6E733A64633D22687474703A2F2F7777772E6F6D672E6F72672F737065632F44442F32303130303532342F44432220786D6C6E733A64693D22687474703A2F2F7777772E6F6D672E6F72672F737065632F44442F32303130303532342F4449222069643D226469616772616D5F50726F636573735F3136373936353239323334343522207461726765744E616D6573706163653D22687474703A2F2F666C6F7761626C652E6F72672F62706D6E223E3C62706D6E323A70726F636573732069643D2272657061697222206E616D653D22E8AEBEE5A487E7BBB4E4BFAE2220697345786563757461626C653D2274727565223E3C62706D6E323A73746172744576656E742069643D224576656E745F31343930636367223E3C62706D6E323A6F7574676F696E673E466C6F775F30326F313977323C2F62706D6E323A6F7574676F696E673E3C2F62706D6E323A73746172744576656E743E3C62706D6E323A656E644576656E742069643D224576656E745F3172706D396874223E3C62706D6E323A696E636F6D696E673E466C6F775F307676303977393C2F62706D6E323A696E636F6D696E673E3C2F62706D6E323A656E644576656E743E3C62706D6E323A757365725461736B2069643D2241637469766974795F313268686F793522206E616D653D22E59198E5B7A5E68AA5E4BFAE223E3C62706D6E323A696E636F6D696E673E466C6F775F30326F313977323C2F62706D6E323A696E636F6D696E673E3C62706D6E323A6F7574676F696E673E466C6F775F307338353665393C2F62706D6E323A6F7574676F696E673E3C2F62706D6E323A757365725461736B3E3C62706D6E323A757365725461736B2069643D2241637469766974795F3078683964776322206E616D653D22E8AEBEE5A487E7BBB4E4BFAE223E3C62706D6E323A696E636F6D696E673E466C6F775F307338353665393C2F62706D6E323A696E636F6D696E673E3C62706D6E323A6F7574676F696E673E466C6F775F30317063376B783C2F62706D6E323A6F7574676F696E673E3C2F62706D6E323A757365725461736B3E3C62706D6E323A757365725461736B2069643D2241637469766974795F316E653374686422206E616D653D22E7BB93E69E9CE6A380E6B58B223E3C62706D6E323A696E636F6D696E673E466C6F775F30317063376B783C2F62706D6E323A696E636F6D696E673E3C62706D6E323A6F7574676F696E673E466C6F775F307676303977393C2F62706D6E323A6F7574676F696E673E3C2F62706D6E323A757365725461736B3E3C62706D6E323A73657175656E6365466C6F772069643D22466C6F775F30326F313977322220736F757263655265663D224576656E745F3134393063636722207461726765745265663D2241637469766974795F313268686F793522202F3E3C62706D6E323A73657175656E6365466C6F772069643D22466C6F775F307338353665392220736F757263655265663D2241637469766974795F313268686F793522207461726765745265663D2241637469766974795F3078683964776322202F3E3C62706D6E323A73657175656E6365466C6F772069643D22466C6F775F30317063376B782220736F757263655265663D2241637469766974795F3078683964776322207461726765745265663D2241637469766974795F316E653374686422202F3E3C62706D6E323A73657175656E6365466C6F772069643D22466C6F775F307676303977392220736F757263655265663D2241637469766974795F316E653374686422207461726765745265663D224576656E745F3172706D39687422202F3E3C2F62706D6E323A70726F636573733E3C62706D6E64693A42504D4E4469616772616D2069643D2242504D4E4469616772616D5F31223E3C62706D6E64693A42504D4E506C616E652069643D227265706169725F6469222062706D6E456C656D656E743D22726570616972223E3C62706D6E64693A42504D4E456467652069643D22466C6F775F30326F313977325F6469222062706D6E456C656D656E743D22466C6F775F30326F31397732223E3C64693A776179706F696E7420783D223230382220793D2232393022202F3E3C64693A776179706F696E7420783D223331302220793D2232393022202F3E3C2F62706D6E64693A42504D4E456467653E3C62706D6E64693A42504D4E456467652069643D22466C6F775F307338353665395F6469222062706D6E456C656D656E743D22466C6F775F30733835366539223E3C64693A776179706F696E7420783D223431302220793D2232393022202F3E3C64693A776179706F696E7420783D223533302220793D2232393022202F3E3C2F62706D6E64693A42504D4E456467653E3C62706D6E64693A42504D4E456467652069643D22466C6F775F30317063376B785F6469222062706D6E456C656D656E743D22466C6F775F30317063376B78223E3C64693A776179706F696E7420783D223633302220793D2232393022202F3E3C64693A776179706F696E7420783D223734302220793D2232393022202F3E3C2F62706D6E64693A42504D4E456467653E3C62706D6E64693A42504D4E456467652069643D22466C6F775F307676303977395F6469222062706D6E456C656D656E743D22466C6F775F30767630397739223E3C64693A776179706F696E7420783D223834302220793D2232393022202F3E3C64693A776179706F696E7420783D223933322220793D2232393022202F3E3C2F62706D6E64693A42504D4E456467653E3C62706D6E64693A42504D4E53686170652069643D224576656E745F313439306363675F6469222062706D6E456C656D656E743D224576656E745F31343930636367223E3C64633A426F756E647320783D223137322220793D22323732222077696474683D22333622206865696768743D22333622202F3E3C2F62706D6E64693A42504D4E53686170653E3C62706D6E64693A42504D4E53686170652069643D224576656E745F3172706D3968745F6469222062706D6E456C656D656E743D224576656E745F3172706D396874223E3C64633A426F756E647320783D223933322220793D22323732222077696474683D22333622206865696768743D22333622202F3E3C2F62706D6E64693A42504D4E53686170653E3C62706D6E64693A42504D4E53686170652069643D2241637469766974795F313268686F79355F6469222062706D6E456C656D656E743D2241637469766974795F313268686F7935223E3C64633A426F756E647320783D223331302220793D22323530222077696474683D2231303022206865696768743D22383022202F3E3C2F62706D6E64693A42504D4E53686170653E3C62706D6E64693A42504D4E53686170652069643D2241637469766974795F307868396477635F6469222062706D6E456C656D656E743D2241637469766974795F30786839647763223E3C64633A426F756E647320783D223533302220793D22323530222077696474683D2231303022206865696768743D22383022202F3E3C2F62706D6E64693A42504D4E53686170653E3C62706D6E64693A42504D4E53686170652069643D2241637469766974795F316E65337468645F6469222062706D6E456C656D656E743D2241637469766974795F316E6533746864223E3C64633A426F756E647320783D223734302220793D22323530222077696474683D2231303022206865696768743D22383022202F3E3C2F62706D6E64693A42504D4E53686170653E3C2F62706D6E64693A42504D4E506C616E653E3C2F62706D6E64693A42504D4E4469616772616D3E3C2F62706D6E323A646566696E6974696F6E733E, 0);
INSERT INTO `act_ge_bytearray` VALUES ('1ab28799-ca2d-11ed-9c60-2016b9c02335', 1, 'repair.repair.png', '1a9cdcb7-ca2d-11ed-9c60-2016b9c02335', 0x89504E470D0A1A0A0000000D49484452000003D2000001540806000000C8E504320000154D49444154785EEDDDDD8F54E77D07F0BC48552E9D36B9CC8DAFF22F24BDE945A256B5E4E402B32F066BAD25062B918C1560D5DA55C0B1D472E7B70423556A6CECA835F25E2C6954D786502437C601E190E0CA71C12F80290B78CD921A0831D3F3A01D77FCEC18AF97DD39BFE79CCF47FA6ACDBC9CF37867BEB3BFB3B333F399CF00000000000000000000000000000000000000000000000000000000000000000000000000000000000000000000000000000000000000000000000000000000000000000000000000000000000000000000000000000000000000000000000000000000000000000000000000000000000000000000000000000000000000000000000000000000000000000000000000000000000000000000000000000000000000000000000000000000000000000000000000000000000000000000000000000000000000000000000000000000000000000000000000000000000000000000000000000000000000000000000000000000000000000000000000000000000000000000000000000000000000000000000000000000000000000000000000000000000000000000000000000000000000000000000000000000000000000000000000000000000000000000000000000000000000000000000000000000000000000000000000000000000000000000000000000000000000000000000000000000000000000000000000000000000000000000000000000000000000000000000000000000000000000000000000000000000000000000000000000000000000000000000000000000000000000000000000000000000000000000000000000000000000000000000000000000000000000000000000000000000000000000000000000000000000000000000000000000000000000000000000000000000000000000000000000000000000000000000000000000000000000000000000000000000000000000000000000000000000000000000000000000000000000000000000000000000000000000000000000000000000000000000000000000000000000000000000000000000000000000000000000000000000000000000000000000000000000000000000000000000000000000000000000000000000000000000000000000000000000000000000000000000000000000000000000000000000000000000000000000000000000000000000000000000000000000000000000000000000000000000000000000000000000000000000000000000000000000000000000000000000000000000000000000000000000000000000000000000000000000000000000000000000000000000000000000000000000000000000000000000000000000000000000000000000000000000000000000000000000000000000000000000000000000000000000000000000000000000000000000000000000000000000000000000000000000000000D4A6D3E9FCC9B163C79EF9E52F7FF987DDBB77779E7FFE791970AAEFFBD57DFBF6BDB367CF9E6FE5B70FCDA26FF547DFCAA747F5478F0068BD6A18D959FD30EC9C3E7DBA73F1E2C5CEE5CB9765C049DFF7F4FDDFBB77EFF96A40B925BF8D680E7DAB3FFA563E3DAA3F7A0440EBA5DFE8A71F86F90F49197C4E9D3A75B61A485ECE6F239A43DFE244DFCAA54771A24700B456FAB338BFD18F91743B5403C9A5FC36A239F42D4EF4AD5C7A14277A04406BA5D73AE53F18A5BEA4DB23BF8D680E7D8B157D2B931EC58A1E01D04A0B1D487EFFDEA9CEB15FFD53E7C80B0F5C4BFAEF745A7E39B9B118489A4DDF6245DFCAA447B1A24700B4D24206920B33273BBF7DEEEF3ABFFED78D1F493A2D9D975F5E161F0349B3E95BACE85B99F42856F40880565AC84072FCC8D4BC61A49B134776CDBBBC2C3E069266D3B758D1B732E951ACE81100ADB49081E4BF7EB175DE20D24D3A2FBFBC2C3E069266D3B758D1B732E951ACE81100ADB49081E4B7CF6F9E37887493CECB2F2F8B8F81A4D9F42D56F4AD4C7A142B7A04402B194862C540D26CFA162BFA56263D8A153D02A095163290A4773BCD07916ED279F9E565F13190349BBEC58ABE95498F62458F0068A5850C24AFBFF8D8BC41A49B745E7E79597C0C24CDA66FB1A26F65D2A358D123005A692103C9B993873BBFFDF71FCC1B46D269E9BCFCF2B2F818489A4DDF6245DFCAA447B1A24700B4D242069294370E3C396F2049A7E597931B8B81A4D9F42D56F4AD4C7A142B7A04402B2D6820B974A9F3FA7F6E9B3790A4D3D279F32E2F8B8E81A4D9F42D56F4AD4C7A142B7A04402B7DD2407261E664E7772F3E3A6F18E9269D972E935F4F16170349B3E95BACE85B99F42856F4088056FAD881E4D2A5CEA9D7F7747EF36F7F3B6F08C9932E932EEBB7FC371E0349B3E95BACE85B99F42856F4088056EA37907CD26FF33F2E7ECB7FE33190349BBEC58ABE95498F62458F0068A57E03C9427E9BFF7149D7CDB7270B8F81A4D9F42D56F4AD4C7A142B7A04402BF51B48F221E3D326DF9E2C3C069266D3B758D1B732E951ACE81100ADD46F2091FA622069367D8B157D2B931EC58A1EC536363676D3F0F0F08AA1A1A147AAAFBBABBC51E5FD2A9DB9AFE9DFBBE7CE5F912E9F6F03F804E7CF9FFFD3A9A9A9071E7BECB15F6FD9B2E5ECC4C4C4C5BBEFBEFB6A2ADABA75EBAE6CD8B061F6BEFBEE7BFB81071ED8B571E3C6BFAAAEF2D97C1B94C740122B069266D3B758D1B732E951ACE8514C232323DFAC66F8C92A97E70E9A179A74F9C974FD7C9B4066FFFEFDEB1E7AE8A1936BD7AEED5407CF9D9D3B77760E1E3CD8397AF468E7DCB9739D247D4DFF4EA7A7F3376DDA74757C7CFC727540FDDCE8E8E8CDF93629878124560C24CDA66FB1A26F65D2A358D1A358AA03E0AF5507C22FF539405E4C5E4ADBCBF701AD77F8F0E1BFFEF18F7FFCCE5D77DDD579F6D9673B67CE9CB976D0BC50E9F2E97AD501F51FEEBDF7DE67AAA27D29DF07F1194862C540D26CFA162BFA56263D8A153D8A616C6CEC0B4343433FAA0E7EAFFD35696FD6AF5FDF79FAE9A7AFFB44593A3F5D2EBF6EDA5EDA6EDA7EBE4F689DAA379FFFF9CF7F3E950EA09F78E289CE850B173E7A84FC29A5EBA7ED54057B7FD5AA55DFCEF7476C0692583190349BBEC58ABE95498F62458FEA571DEC7E656464E4D7BD07C0A3A3A39DEDDBB7774E9C38918FEED7952E9FAE97AE9F1D50BF92F693EF1B5AA3EAC74D3B76ECF8DD77BFFBDDCEB163C7F2EEDC90B4BDEAE0FCE2F8F8F8967CBFC4652089150349B3E95BACE85B99F42856F4A85ED501F457AB9CEC3DE8DDBA756BE7F8F1E3F9A8FEA9A4EBA7ED6407D3C7D3FEF23540E3559DB8E991471E99B9FFFEFB3B333333795F9644DAEEC4C4C4FB77DC71C793F9FE89C940122B069266D3B758D1B732E951ACE8517DE69E89FEF0203A3D8B3C3535958FE737246D2F7B76FAB867A66995AA079FDFB163C7EBE9203A3DE82DA7B4FD0D1B36BC77FBEDB7DF97AF83780C24B1622069367D8B157D2B931EC58A1ED523BD66B9F7CFB9EFBCF3CECEA14387F2B17C49A4EDA6EDF71C4CBFE235D3B4467A4DF4F7BEF7BD657B263A97F6B366CD9AD9AA68B7E66B21160349AC18489A4DDF6245DFCAA447B1A247F5987B63B10F9F895EAE83E8AEB4FDDE67A6D3FEF33541E35477FC5BD21B8B2DF56BA23F49DADFAA55AB666EBBEDB62FE76B220E0349AC18489A4DDF6245DFCAA447B1A2478337F711571F740F6A77EDDA958FE1CB22EDA7E759E90F7C34168D973EE22ABDAB761DB66DDBF64E55B487F33511878124560C24CDA66FB1A26F65D2A358D1A3C11BEEF99CE8F486608394BD01D94BF9DAA031F6EFDFBF2E3D1B3D3B3B9BF76020D27E57AF5E7D7E7474F4E67C6DC4602089150349B3E95BACE85B99F42856F468B056AE5CF98DEE816CFA53EB1B7D77EE4F2BEDAFF74FBCD37AF23542233CF4D04327272727F30E0CD4934F3E79B42ADAF67C6DC4602089150349B3E95BACE85B99F42856F468B0AA997AB27B109B3EEFB90E69BF3DCF4A4FE66B84E2CDCECEFED9BA75EB3AD3D3D3F9FD7FA0AAFDFF717474F4F4E6CD9B3F97AF91FA194862C540D26CFA162BFA56263D8A153D1A9C6A9EFE6275E07AB97B103BE867A3BBD27E7B0EA42FA775E56B85A2FDEC673FDB32313191DFF76BB166CD9A37ABA27D3D5F23CBA7FA7EFFA2CA5FE4A7E70C24B162202993BE95197D8B458FCA8C1E2D8D85DCFFABF357740F60D7AF5F9F8FDB0395F6DF7330BD225F2B14EDD1471FFDCDCE9D3BF3FB7D2D1E7FFCF157AA92FD43BE46964FCF83DB751F980D24B162202993BE95197D8B458FCA8C1E2D8D85DCFFABD31FED5EEEA9A79ECAC7ED814AFBEF59F3A3F95AA1685BB66C397BF0E0C1FC7E5F8B7DFBF61D1E1A1A9ACAD7C8F2E97970BBEE03B38124560C2465D2B732A36FB1E85199D1A3A5B190FBFFC8C8C89EEEF9070E1CC8C7ED814AFBEFAE25ADAB779D50BC4D9B365D1CF467477F9CD75E7B2DFD69F7AFF235B27CFA3C20F77D603690C48A81A44C7D7AA66F0544DF62E9D31F3D2A207AB434FADCEFE7DDFFABAF6F774FAF7BC64FFBEF59E3DBD9FF0E946DDDBA7557DF7DF7DDFC7E5F8B73E7CE5DA84A76325F23CBA7CF03719E6B0FCC069258319094A94FBFF2E85BC0E85B2C7D7A93478F02468F96469FFB7B9E74FFFFDFEEBFEB9EF1D3FEBB6B19191999CDFF7FA068AB57AFEE5CB97225BFDFD7A25AC76C9F070409100349ACE4B78F342BFA162BF9ED2365448F6225BF7D6430A97BC64FFBEF59CF1FF3E31028DADAB56BAFD4FDDBAAAE3367CEFCF7B067A4072A7FC0EDC92F86FD895CD8F8CD7E99FAF44CDF0A88BEC5D2A73F7A5440F46869F4B9DFCFBBFFA7677EBBA7D73DE37B469A46FBFEF7BF3F5BF7EB27BA5E7DF5D503C35E233D50D77B20EE156D20A996D437833ABFEE1848CAA46F8B3BBFEEE85B2C7AB4B8F3EB8E1E2D8D85DCFF87BD461A06E3FEFBEF3F1EE55DBB5F78E185DDDEB57BB0AEF740DC2BE24072BDD396FBFCBA63202993BE2DEEFCBAA36FB1E8D1E2CEAF3B7AB4341672FFF7AEDD30209B376FDE15E573A41F7CF0C1C9619F233D50D77B20EE6520E97F5A5D31909449DF16777EDDD1B758F46871E7D71D3D5A1A0BB9FF0FFB1C69188C898989BFDCB469D3D5FC8E5F832BA3A3A387AB927D3D5F23F53390F43FADAE18489A4DDFFA9F5657F4AD4C7AD4FFB4BAA2478353CDD22BBA07AFEBD7AFCFE7ED81BAE79E7BAEF61C48AFC8D70A45DBBC79F3E7D6AC5973797A7A3ABFEF0FD48913275EAC0A762AAD275F23F53390F43FADAE18489A4DDFFA9F5657F4AD4C7AD4FFB4BAA24783333A3AFAC56AA6BEDC3D803D7EFC783E760F44DA6FCF41F4E5B4AE7CAD50BC8D1B373E37393999DFFF07EA873FFCE14FAB926DCFD7460C0692FEA7D5150349B3E95BFFD3EA8ABE95498FFA9F5657F468B0AA993ABD5CF2DA41ECF6EDDBF3B17B20D27E7B0EA427F33542238C8E8EDE3C3E3EFE87D9D9D9BC0303313333F37255B0E9B48E7C6DC46020E97F5A5D3190349BBEF53FADAEE85B99F4A8FF6975458F066BE5CA95DFE81EC456F3F5C09F954EFB1B1919F9F0CFBAD37AF2354263DC7BEFBDCF3CF1C413790F06A2DAF7BF54257B385F1371441C48FA6550E7D71D0349B3E9DB47CFAF3BFA56263DFAE8F975478F06AF9AAD5FEA1EC86EDDBA351FBF9755DA5FCFB3D12FE56B8346B9EDB6DBBE3C3636F6FEA03F6FEEC08103E94FBAA7D3FEF3351147B481A4ED3190349BBEC58ABE95498F62458F066F6464E46BD58CFD41F78076D7AE5DF918BE2CD27E7A0EA23F48EBC8D7068DB36AD5AA6FAF5DBBF6E2CCCC4CDE8965313D3DFD1F55C1DEAA726BBE16623190C48A81A4D9F42D56F4AD4C7A142B7A548FA1A1A11F750F6AD39F781F3A74281FC79754DA7EEF9F74A7FDE76B82C61A1F1FDF323131F17E7AD05B4E972E5D7AB52AF4AFAAB2FD4DBE06E23190C48A81A4D9F42D56F4AD4C7A142B7A548FB1B1B12F5407B4AF740F6CEFBCF3CE653B984EDBADF6F7E133E069BF69FFF99AA0D1EEB8E38E27376CD8F0DE723D333D3D3DBD371D445705FBC77CDFC4642089150349B3E95BACE85B99F42856F4A83ED5BCFD952AC77B9F999E9A9ACAC7F31B92B6D7FB4CF4DCFEBE92AF055AE1F6DB6FBF6F7C7C7C76A95F333DF79AE8B73D135D160349AC18489A4DDF6245DFCAA447B1A247F5AAE6EEAFF61E4CA7A43704BBD177F34ED7CFDE58ECDA4174DA5FBE066895AA08B7AE5AB56A66DBB66DEF5CB87021EFCEA7F2DE7BEFED9F7B77EEE9B4DD7C5FC4662089150349B3E95BACE85B99F42856F4A87EE919E2E19E3FF34E49CF4EA7CF7B3E71E2443EBA5F57BA7CBA5EF62CF4B53FE74EFBC9F70DAD5415E44B55211E5EBD7AF5F99FFCE42747CF9C3973252FD3755C3979F2E48B5BB66CB9F6CEDC693B697BF93E88CF40122B069266D3B758D1B732E951ACE8510CE935CB736F40961F0077D6AF5FDF79FAE9A73B070F1EEC1C3D7AB473EEDCB96BC37CFA9AFE9D4E4FE7DF73CF3DF3AE9BB697B6EB35D1D0C7E8E8E8CD5549B65707C2D3DFF9CE77DE7AFCF1C70FEDDBB7EFF06BAFBDF6F6D9B3677F5FF5ECC2F4F4F4B123478E1CA81E2C9F7FF0C10727ABEB1CAEAEF33FE97AE9FAF93629878124560C24CDA66FB1A26F65D2A358D1A358E63E1AEBC3CF99BEC1BCE423AE60613EBB72E5CA3FAF0AF3F74343435355795E1EFEFFD75CA4AF2FA7D3D3F9E972E9F2F906288F8124560C24CDA66FB1A26F65D2A358D1A398AA79FD9BD5EC3E59E5729F03E4EB255D7E325D3FDF26003D0C24B1622069367D8B157D2B931EC58A1EC536363676537560BC626868E891EAEBEE2A6F54797FEEA0397D4DFFDE3D77FE8A74F97C1B00F4612089150349B3E95BACE85B99F42856F40880563290C48A81A4D9F42D56F4AD4C7A142B7A04402B194862C540D26CFA162BFA56263D8A153D02A0950C24B1622069367D8B157D2B931EC58A1E01D04A0692583190349BBEC58ABE95498F62458F0068250349AC18489A4DDF6245DFCAA447B1A24700B4928124560C24CDA66FB1A26F65D2A358D123005AC940122B069266D3B758D1B732E951ACE81100AD642089150349B3E95BACE85B99F42856F40880563290C48A81A4D9F42D56F4AD4C7A142B7A04402B194862C540D26CFA162BFA56263D8A153D02A0950C24B1622069367D8B157D2B931EC58A1E01D04A0692583190349BBEC58ABE95498F62458F0068250349AC18489A4DDF6245DFCAA447B1A24700B4928124560C24CDA66FB1A26F65D2A358D123005AC940122B069266D3B758D1B732E951ACE81100AD642089150349B3E95BACE85B99F42856F4088056DABD7BF7D58B172FCEFBC128834F753BBC530D2497F2DB88E6D0B738D1B772E9519CE81100ADB56FDFBE774E9F3E3DEF87A30C3E6FBDF5D63F5703C9CBF96D4473E85B9CE85BB9F4284EF40880D6DAB367CFB7F6EEDD7BFED4A95367FD86BF9E54DFF7536FBEF9E64FAB61E4ED2AB7E4B711CDA16FF547DFCAA747F5478F00E033D75E6F764BFA8D7295CBE9B54E32F0A4EF7BFAFE1B465A20DDCE73B7B7BED5137D6B8074FBCDDD8E7A544FF40800000000000000000000000000000000000000000000000000000000000000000080B2FC1F11A84D0460B2FF870000000049454E44AE426082, 1);
INSERT INTO `act_ge_bytearray` VALUES ('1c55b25c-cb94-11ed-8c20-2016b9c02335', 1, 'check_in.bpmn', '1c55b25b-cb94-11ed-8c20-2016b9c02335', 0x3C3F786D6C2076657273696F6E3D22312E302220656E636F64696E673D225554462D38223F3E0A3C62706D6E323A646566696E6974696F6E7320786D6C6E733A7873693D22687474703A2F2F7777772E77332E6F72672F323030312F584D4C536368656D612D696E7374616E63652220786D6C6E733A62706D6E323D22687474703A2F2F7777772E6F6D672E6F72672F737065632F42504D4E2F32303130303532342F4D4F44454C2220786D6C6E733A62706D6E64693D22687474703A2F2F7777772E6F6D672E6F72672F737065632F42504D4E2F32303130303532342F44492220786D6C6E733A64633D22687474703A2F2F7777772E6F6D672E6F72672F737065632F44442F32303130303532342F44432220786D6C6E733A64693D22687474703A2F2F7777772E6F6D672E6F72672F737065632F44442F32303130303532342F4449222069643D226469616772616D5F50726F636573735F3136373938303731333330343322207461726765744E616D6573706163653D22687474703A2F2F666C6F7761626C652E6F72672F62706D6E223E3C62706D6E323A70726F636573732069643D22636865636B5F696E22206E616D653D22E585A5E4BD8FE7A4BEE58CBA2220697345786563757461626C653D2274727565223E3C62706D6E323A73746172744576656E742069643D224576656E745F316B6B78377768223E3C62706D6E323A6F7574676F696E673E466C6F775F316C697A6135653C2F62706D6E323A6F7574676F696E673E3C2F62706D6E323A73746172744576656E743E3C62706D6E323A696E7465726D6564696174655468726F774576656E742069643D224576656E745F30696532693735223E3C62706D6E323A696E636F6D696E673E466C6F775F3133696E6769363C2F62706D6E323A696E636F6D696E673E3C2F62706D6E323A696E7465726D6564696174655468726F774576656E743E3C62706D6E323A757365725461736B2069643D2241637469766974795F3036746D346A3222206E616D653D22E4BD8FE688B7223E3C62706D6E323A696E636F6D696E673E466C6F775F316C697A6135653C2F62706D6E323A696E636F6D696E673E3C62706D6E323A6F7574676F696E673E466C6F775F30326C657062753C2F62706D6E323A6F7574676F696E673E3C2F62706D6E323A757365725461736B3E3C62706D6E323A757365725461736B2069643D2241637469766974795F3076747733703722206E616D653D22E59198E5B7A5223E3C62706D6E323A696E636F6D696E673E466C6F775F30326C657062753C2F62706D6E323A696E636F6D696E673E3C62706D6E323A6F7574676F696E673E466C6F775F3175746B6739683C2F62706D6E323A6F7574676F696E673E3C2F62706D6E323A757365725461736B3E3C62706D6E323A757365725461736B2069643D2241637469766974795F31766633746F6822206E616D653D22E7A4BEE58CBAE7AEA1E79086E59198223E3C62706D6E323A696E636F6D696E673E466C6F775F3175746B6739683C2F62706D6E323A696E636F6D696E673E3C62706D6E323A6F7574676F696E673E466C6F775F3133696E6769363C2F62706D6E323A6F7574676F696E673E3C2F62706D6E323A757365725461736B3E3C62706D6E323A73657175656E6365466C6F772069643D22466C6F775F316C697A6135652220736F757263655265663D224576656E745F316B6B7837776822207461726765745265663D2241637469766974795F3036746D346A3222202F3E3C62706D6E323A73657175656E6365466C6F772069643D22466C6F775F30326C657062752220736F757263655265663D2241637469766974795F3036746D346A3222207461726765745265663D2241637469766974795F3076747733703722202F3E3C62706D6E323A73657175656E6365466C6F772069643D22466C6F775F3175746B6739682220736F757263655265663D2241637469766974795F3076747733703722207461726765745265663D2241637469766974795F31766633746F6822202F3E3C62706D6E323A73657175656E6365466C6F772069643D22466C6F775F3133696E6769362220736F757263655265663D2241637469766974795F31766633746F6822207461726765745265663D224576656E745F3069653269373522202F3E3C2F62706D6E323A70726F636573733E3C62706D6E64693A42504D4E4469616772616D2069643D2242504D4E4469616772616D5F31223E3C62706D6E64693A42504D4E506C616E652069643D22636865636B5F696E5F6469222062706D6E456C656D656E743D22636865636B5F696E223E3C62706D6E64693A42504D4E456467652069643D22466C6F775F316C697A6135655F6469222062706D6E456C656D656E743D22466C6F775F316C697A613565223E3C64693A776179706F696E7420783D223137382220793D2233303022202F3E3C64693A776179706F696E7420783D223232302220793D2233303022202F3E3C2F62706D6E64693A42504D4E456467653E3C62706D6E64693A42504D4E456467652069643D22466C6F775F30326C657062755F6469222062706D6E456C656D656E743D22466C6F775F30326C65706275223E3C64693A776179706F696E7420783D223332302220793D2233303022202F3E3C64693A776179706F696E7420783D223431302220793D2233303022202F3E3C2F62706D6E64693A42504D4E456467653E3C62706D6E64693A42504D4E456467652069643D22466C6F775F3175746B6739685F6469222062706D6E456C656D656E743D22466C6F775F3175746B673968223E3C64693A776179706F696E7420783D223531302220793D2233303022202F3E3C64693A776179706F696E7420783D223536302220793D2233303022202F3E3C2F62706D6E64693A42504D4E456467653E3C62706D6E64693A42504D4E456467652069643D22466C6F775F3133696E6769365F6469222062706D6E456C656D656E743D22466C6F775F3133696E676936223E3C64693A776179706F696E7420783D223636302220793D2233303022202F3E3C64693A776179706F696E7420783D223731322220793D2233303022202F3E3C2F62706D6E64693A42504D4E456467653E3C62706D6E64693A42504D4E53686170652069643D224576656E745F316B6B783777685F6469222062706D6E456C656D656E743D224576656E745F316B6B78377768223E3C64633A426F756E647320783D223134322220793D22323832222077696474683D22333622206865696768743D22333622202F3E3C2F62706D6E64693A42504D4E53686170653E3C62706D6E64693A42504D4E53686170652069643D224576656E745F306965326937355F6469222062706D6E456C656D656E743D224576656E745F30696532693735223E3C64633A426F756E647320783D223731322220793D22323832222077696474683D22333622206865696768743D22333622202F3E3C2F62706D6E64693A42504D4E53686170653E3C62706D6E64693A42504D4E53686170652069643D2241637469766974795F3036746D346A325F6469222062706D6E456C656D656E743D2241637469766974795F3036746D346A32223E3C64633A426F756E647320783D223232302220793D22323630222077696474683D2231303022206865696768743D22383022202F3E3C2F62706D6E64693A42504D4E53686170653E3C62706D6E64693A42504D4E53686170652069643D2241637469766974795F307674773370375F6469222062706D6E456C656D656E743D2241637469766974795F30767477337037223E3C64633A426F756E647320783D223431302220793D22323630222077696474683D2231303022206865696768743D22383022202F3E3C2F62706D6E64693A42504D4E53686170653E3C62706D6E64693A42504D4E53686170652069643D2241637469766974795F31766633746F685F6469222062706D6E456C656D656E743D2241637469766974795F31766633746F68223E3C64633A426F756E647320783D223536302220793D22323630222077696474683D2231303022206865696768743D22383022202F3E3C2F62706D6E64693A42504D4E53686170653E3C2F62706D6E64693A42504D4E506C616E653E3C2F62706D6E64693A42504D4E4469616772616D3E3C2F62706D6E323A646566696E6974696F6E733E, 0);
INSERT INTO `act_ge_bytearray` VALUES ('1c859bfd-cb94-11ed-8c20-2016b9c02335', 1, 'check_in.check_in.png', '1c55b25b-cb94-11ed-8c20-2016b9c02335', 0x89504E470D0A1A0A0000000D49484452000002F60000015E0806000000EE465B3E000014AB49444154785EEDDD5D8C5CE57D06F04D2235B7519BDC04AE22AEB8869BF6A64248AD6C41724330C6464836F1E6E306E1F5AA85AA36416AEBDC4040314896CA8714B5B1C285ED9AA660E31A28021BD13881165C5CC0D85BAF6D6CAF236CB0E5D3F3AE3CD2F0EED87BD6DE3DF33FEFFE7ED2A365E7CC9C33EC3C9EFF3BB3B33323230000000000000000000000000000000000000000000000000000000000000000000000000000000000000000000000000000000000000000000000000000000000000000000000000000000000000000000000000000000000000000000000000000000000000000000000000000000000000000000000000000000000000000000000000000000000000000000000000000000000000000000000000000000000000000000000000000000000000000000000000000000000000000000000000000000000000000000000000000000000000000000000000000000000000000000000000000000000000000000000000000000000000000000000000000000000000000000000000000000000000000000000000000000000000000000000000000000000000000000000000000000000000000000000000000000000000000000000000000000000000000000000000000000000000000000000000000000000000000000000000000000000000000000000000000000000000000000000000000000000000000000000000000000000000000000000000000000000000000000000000000000000000000000000000000000000000000000000000000000000000000000000000000000000000000000000000000000000000000000000000000000000000000000000000000000000000000000000000000000000000000000000000000000000000000000000000000000000000000000000000000000000000000000000000000000000000000000000000000000000000000000000000000000000000000000000000000000000000000000000000000000000000000000000000000000000000000000000000000000000000000000000000000000000000000000000000000000000000000000000000000000000000000000000000000000000000000000000000000000000000000000000000000000000000000000000000000000000000000000000000000000000000000000000000000000000000000000000000000000000000000000000000000000000000000C0A25255D51F1D3C78F057AFBFFEFA173B77EEAC5E7CF1456939F5CFFDE29E3D7B8EECDAB5EBBBF9EDC3C2D0FBE1A7C4DEEBD5F05362AF001AAB87D096FA4EB03A7AF46875F6ECD9EAF3CF3F9796937EEEE9E7BF7BF7EED3F5605A9ADF46CC3FBD1F7E4AECBD5E0D3F25F60AA0B1F4CC52BA13CCEF1CA5FD4C4C4C1CAF07D19BF96DC4FCD3FB3829A9F77A152725F50AA0B1F4EB62CF2CC548BA1DEA41742EBF8D987F7A1F2725F55EAFE2A4A45E0134965E9398DF21CAF0926E8FFC3662FEE97DAC94D27BBD8A95527A05D058D341F4875313D5C1BDFF58BDF3D2C3D349FF9D4ECBCF27D71683A81D7A1F2BA5F45EAF62A5945E0134D664109D3979B8FAFD6FFEA6FAEDBF8C7D29E9B4B42D3FBF5C7D0CA276E87DAC94D27BBD8A95527A05D058934174E89DAD3386502F9FBCB36DC6F9E5EA6310B543EF63A594DEEB55AC94D22B80C69A0CA2FF7AF91F660CA05ED2B6FCFC72F53188DAA1F7B1524AEFF52A564AE91540634D06D1EF5F5C3F6300F592B6E5E797AB8F41D40EBD8F95527AAF57B1524AAF001A338862C5206A87DEC74A29BDD7AB5829A557008D351944E95D1BF201D44BDA969F5FAE3E06513BF43E564AE9BD5EC54A29BD0268ACC9203AF0DA133306502F695B7E7EB9FA1844EDD0FB5829A5F77A152BA5F40AA0B12683E8C4E1FDD5EFFFED6F670CA1745ADA969F5FAE3E06513BF43E564AE9BD5EC54A29BD0268ACC9204AF9DF7DCFCE1844E9B4FC7C726D3188DAA1F7B1524AEFF52A564AE91540638D06D1B973D581FFD8346310A5D3D2B619E797AB8E41D40EBD8F95527AAF57B1524AAF001A9B6D10A54F427CFFB5C7670CA15ED2369F96387F3188DAA1F7B1524AEFF52A564AE9154063971D44E7CE5513077655BFFBD7BF9E317CF2A4F3A4F37AB6E9DA6310B543EF63A594DEEB55AC94D22B80C6060DA2D99E55BA5C3CDB74ED3188DAA1F7B1524AEFF52A564AE91540638306519367952E9774D97C7FD23C06513BF43E564AE9BD5EC54A29BD02686CD020CA87CB5C93EF4F9AC7206A87DEC74A29BDD7AB5829A557008D0D1A4432BC1844EDD0FB5829A5F77A152BA5F40A68E0F4E9D37FBC75EBD6879F78E289DF6ED8B0E1F8F8F8F8D91FFEF08717972D5B568D8E8E9E5FBB76EDD4830F3EF8F1C30F3FBC6D6C6CEC2FEB8B7C25DF47090CA2583188DAA1F7B1524AEFF52A564AE9D5D5B2CE615178E38D37461F7DF4D1C36BD6ACA9EA92575BB66CA9DE7AEBADEA830F3EA84E9C385125E96BFA3E9D9EB6AF5BB7EEE2AA55AB3EAF8BFF9BE5CB977F27DF67971944B1B2D807515BF43E564AE9BD5EC54A29BD9A2BEB1C1685FDFBF72FF9C52F7E71E4073FF841F5EB5FFFBA3A76ECD874B99B4AE74F97AB8BFFC5FDF7DFFFABBBEEBAEB9BF931BAC8208A95C53A88DAA6F7B1524AEFF52A564AE9555383D639070E1CA8366EDC58DD76DB6DD5CD37DF5C5D7FFDF5E96732FD357D9F4E4FDBD3F94A5DE750987A4DFEB51D3B766C4D457FE69967AA3367CEE46BF63949974FFBB9F7DE7B3F5BB162C5F7F2E3758D41142B8B6D100D8BDEC74A29BDD7AB5829A557B3A9B275CEA953A7AACD9B375737DE78E3F4027E7474B4DAB66D5BB577EFDEEAD0A143D36B99F4357D9F4E4FDBD3F9D2F9D3E5D2E54B5AE75090BABBDF78EEB9E7DEFFF18F7F5C1D3C78F04B0BF46B95F657FF233A5B3FB2DD901FB74B0CA258592C8368D8F43E564AE9BD5EC54A29BDBA922A5BE76CDFBE7D7A817ECB2DB754AFBCF24ABE74B9A274FE74B974F9B49F52D63914A2EEE8377EFEF39F9F7CE8A187AA93274FE6FD9D1769BFE3E3E39FDD73CF3DCFE6C7EF0A83285616C3208A40EF63A594DEEB55AC94D2ABCBA9FAD639E935F3636363D50D37DC50BDF0C20BF972654ED2E5D37ED2FED27EBBBECEA100752FBF563F823D90CA9EFE712FA4B4FFB56BD79EBAFBEEBB1FCCAF47171844B152FA208A42EF63A594DEEB55AC94D2AB41AABE754E5A7C2F59B2A4BAF5D65BAB4F3FFD345FA65C95B49FB4BFB4DFB4FF2EAF7328407AADD94F7EF293057BA63E978EB37AF5EAA965CB96DD9E5F97E80CA25829791045A2F7B1524AEFF52A564AE9D520BD754E5A742F5DBA34FDC16B75E1C2857C79724DD2FED27ED3FED371BABACEA1E3DE7EFBEDA5E90F48E6FB35F5B349C75BB162C5C93BEEB8E35BF9758ACC208A95920751247A1F2BA5F45EAF62A5945EE5FAD739E9E532E999F5F95ED4F7A4FDA6FDA7E374759D43C7A5B77A4A7FCD3D0C9B366D3A523F9A7D2CBF4E911944B152EA208A46EF63A594DEEB55AC94D2AB5C6F9D93FEC035BD167EBE5E7E733969FFE938E9785D5CE7D061E94319D2A3D8A9A9A9BC97AD48C75DB972E5E92E7DB88341142BA50EA268F43E564AE9BD5EC54A29BDEAD75BE7A49700A777AFD9B16347BE145910E938E978E9B85D5BE7D061E993D69E7FFEF9BC8FAD7AF6D9673FA81FCD3E955FB7A80CA25829711045A4F7B1524AEFF52A564AE955BFDE3A27BDDF7C7A6BCA36A5E3A5E3766D9D43474D4D4DFD49FA9085C9C9C9BC8BADAA8F7FA17E247B74FDFAF55FCDAF63440651AC94388822D2FB5829A5F77A152BA5F4AAA77F9D939E3D7FF5D557F325C8824AC74BC7EDDA3A878EDABE7DFB86F1F1F1BC8743B17AF5EA0FEB47B37F9A5FC736D5C77FB9CE9FE7A7E70CA258296D10B54DEFBB99E8BDD7AB6E267AAF7A9AF6ABB7CE79FFFDF7ABEBAEBBAEBA78F162BEFC5850E978E9B8E9F811D63914EEF1C71FFFDD962D5BF21E0EC5934F3EF99F75E1FF3EBF8E6DAA8F5F5DCA15EF300CA258E9CA208A4AEFBB99E8BDD7AB6E267AAF7A9AF6ABB7CEF9D9CF7E56FDE8473FCA971EAD48C74DC78FB0CEA1701B366C38FED65B6FE51D1C8A3D7BF6ECBFF3CE3BB7E6D7B14D7D771457BCC3308862A52B83282ABDEF66A2F75EAFBA99E8BDEA69DAAFDE3AE7F6DB6FAF86F5F784E9B8E9F811D639146EDDBA7567DB7EEFFACB79EFBDF7D2AFA8F6E6D7B14D03EE2806DE611844B1D2954114D580BEEB7D0712BDF703FAA4571D48F45EF50CE8D5C07EF5D63937DD7453B56FDFBE7CE9D18A74DC74FC08EB1C0A373A3A7A71A1DFCBB5A913274E9CA90B7F38BF8E6D1A70079167FA0EC3208A95AE0CA2A806F43C8FDE074CF4DE0FE8511EBD0A98E8BDEA19D0A73CD3FDEAAD73BEFDED6F57870F1FCE971EAD48C74DC78FB0CEA1702B57AEACCE9F3F9F777028EAEB913E7639FF8719320651ACE4B78F2C4CF43E56F2DBA7ABD1AB58C96F9F1292D6395FFFFAD7A7FFFF86211D371DFFD23AE75CBE168379B366CD9AF3519EB13F76ECD8FF2C1BF223D9FCCEA02F2F2FF3ABE3B0E9CA334C510DE8BBDE7720D17B3FA04F7AD58144EF55CF805E0DEC576F9D13E119FB08EB1C0AF7C0030F4C45798DFDBBEFBEBB6FD9905F7B36DB1D444FD706517D9507A6E9F6E8E9CA208A4AEF076F8F9EE8BDEF4AAF4606742025CAF6B613BD573D4DFBD55BE744788D7D84750E857BE8A1870E4579579C975E7A69E7B0FF5A7CB63B889E610FA2B96664C090E83F6DB6EDD1D395411495DE0FDE1E3DD17BDF955E8D0CB8CDFB4F1BF6F6B613BD573D4DFBD55BE74478579C08EB1C0AB77EFDFA6D51DEC7FE91471E797ED990DFDF75B63B889E610FA2B96664C090E83F6DB6EDD1D395411495DE0FDE1E3DD17BDF955E8D0CB8CDFB4F1BF6F6B613BD573D4DFBD55BE744781FFB08EB1C0A373E3EFE17EBD6AD6BF763D8063BBF7CF9F2FDCB3AF2896CC31E4473CDC88021D17FDA6CDBA3A72B83A8EBF43E564AE9FDB07B3532E036EF3F6DD8DBDB4E29BDEAE9AD73027CF2EC852EAD73E8A8FA91EC5757AF5EFDF9E4E464DEC5567DF2C927AFD5659F48D727BF8E110D7B10CD3523038644FF69B36D8F9ED20651547A1F2BA5F47ED8BD1A19709BF79F36ECED6DA7945EF5F4AF736EBCF1C6EAD5575FCD97200B2A1D2F1DB76BEB1C3A6C6C6CEC37C37ADD59CF4F7FFAD35FD6857F2ABF6E510D7B10CD3523038644FF69B36D8F9ED20651547A1F2BA5F47ED8BD1A19709BF79F36ECED6DA7945EF5EBAD73366FDE5CDD72CB2DF9126441A5E3A5E3766D9D43872D5FBEFC3BAB56ADFA626A6A2AEF632B4E9E3CF9665DF6C9743DF2EB16D5B007D15C33326048F49F36DBF6E829711045A4F7B1524AEF87DDAB9101B779FF69C3DEDE764AE955BFDE3AA75E6F4C3F7BBE63C78E7C29B220D271D2F18E1D3BB6B76BEB1C3AEEFEFBEFFFD533CF3C9377B215F5B1FFB92EFC63F9758A6CD88368AEA9AFF2C034DD1E3D250EA288F43E564AE9FDB07B3532A0032951B6B79D527A95EBAD73B66FDF5EDD70C30DD5427F864FDA7F3A4E3A5E17D73974DC1D77DCF1AD7BEFBDF7B3B6DFD37EDFBE7DE9575393E9F8F9758A6CD88348BE9C520751347A1F2BA5F45EAF62A5945EE5FAD739636363D5ADB7DE5A5DB870215F96CC8BB4DFB4FF749CAEAE7328C08A152BBEB766CD9AB3E957556D989C9CFCF7BAEC1FD5B93DBF2ED11944B152EA208A46EF63A594DEEB55AC94D2AB417AEB9C13274E544B972EAD56AD5A35EF8BFBB4BFB4DFB4FF898989CEAE7328445DC60DE3E3E39FA57FDC0BE9DCB973EF2E5FBE7CEF5D77DDF557F975E8028328564A1E4491E87DAC94D27BBD8A95527A7539BD754E5ADC2F59B264FA99F5F97A594EDA4FDA5FDAEFE4E4E47F77799D4341EEB9E79E67D7AE5D7B6AA19EB9AFCBBE3B95BD7E04BB393F76571844B152FA208A42EF63A594DEEB55AC94D2AB2BE9AD73D2E23EBD5C26BD16FE85175EC8972B73922E9FF693F6373131D1F9750E85B9FBEEBB1FAC1FD54ECDF76BEE2FBDD6ECE3AE3F8235886265310CA208F43E564AE9BD5EC54A29BD9A4DFF3A27FD816B7AF79AF4D694AFBCF24ABE74B9A274FE74B974F9B49F52D6391428BD266CC58A1527376DDA74E4CC99337997E7E4D4A9536F5CFAABF0C9125E6B6610C5CA621944C3A6F7B1524AEFF52A564AE95513FDEB9C7A9D32FD7EF369817EFDF5D757A3A3A3D5B66DDBAABD7BF756870E1D9A5ECBA4AFE9FB747ADA9ECE97CE9F2E77FCF8F1374B5AE750A8FA11E737EB823EB672E5CAD34F3FFDF407C78E1D3B9FADD9AFE4FCE1C3875FDBB061C3F45F84A7FDA4FDE5C7E82283285616D3201A26BD8F95527AAF57B1524AAF9A1AB4CE3970E040B571E3C6EAB6DB6EAB6EBEF9E6E9057C7DD6E9AFE9FB747ADA5E9FEF42A9EB1C0A973E54A12EEC53756127EFBBEFBE8F9E7CF2C9B7F7ECD9B3FFBDF7DEFBB87E94FA877A117F667272F2E03BEFBCB3AFBE5378F191471E79BEBECCFEFA32FF972E57DA87321844B1B2D806D1B0E87DAC94D27BBD8A95527A3557D6392C565FF9FEF7BFFF6775F1FFEECE3BEFDC5A97397D6AECA13AD5A5AF6FA6D3D3F674BE74FE7C072530886265B10EA2B6E97DAC94D27BBD8A95527A750DAC7360B1318862C5206A87DEC74A29BDD7AB5829A557008D1944B16210B543EF63A594DEEB55AC94D22B80C60CA2583188DAA1F7B1524AEFF52A564AE91540630651AC1844EDD0FB5829A5F77A152BA5F40AA0318328560CA276E87DAC94D27BBD8A95527A05D09841142B06513BF43E564AE9BD5EC54A29BD0268CC208A1583A81D7A1F2BA5F45EAF62A5945E01346610C58A41D40EBD8F95527AAF57B1524AAF001A338862C5206A87DEC74A29BDD7AB5829A557008D1944B16210B543EF63A594DEEB55AC94D22B80C60CA2583188DAA1F7B1524AEFF52A564AE91540630651AC1844EDD0FB5829A5F77A152BA5F40AA0318328560CA276E87DAC94D27BBD8A95527A05D09841142B06513BF43E564AE9BD5EC54A29BD0268CC208A1583A81D7A1F2BA5F45EAF62A5945E01346610C58A41D40EBD8F95527AAF57B1524AAF001A338862C5206A87DEC74A29BDD7AB5829A557008D1944B16210B543EF63A594DEEB55AC94D22B80C676EEDC79F1ECD9B333EE10A5FDD4B7C3917A109DCB6F23E69FDEC74949BDD7AB3829A957008DEDD9B3E7C8D1A34767DC294AFBF9E8A38FFEA91E446FE6B711F34FEFE3A4A4DEEB559C94D42B80C676EDDAF5DDDDBB779F9E989838EE99A6E1A4FEB94F7CF8E187BFAC87D0C77596E6B711F34FEF879F127BAF57C34F89BD02989374E7979ED9A8F3797A4DA2B49EF4734F3F7F43A845E9E77DE9E7AEF7C34991BD4FFF3F97FEBFF46A3829B257000000000000000000000000000000000000000000000000000010C6FF03A0B5639A1D7C0BB10000000049454E44AE426082, 1);
INSERT INTO `act_ge_bytearray` VALUES ('456e0a70-ca2a-11ed-9c60-2016b9c02335', 1, 'sign.bpmn', '456e0a6f-ca2a-11ed-9c60-2016b9c02335', 0x3C3F786D6C2076657273696F6E3D22312E302220656E636F64696E673D225554462D38223F3E0A3C62706D6E323A646566696E6974696F6E7320786D6C6E733A7873693D22687474703A2F2F7777772E77332E6F72672F323030312F584D4C536368656D612D696E7374616E63652220786D6C6E733A62706D6E323D22687474703A2F2F7777772E6F6D672E6F72672F737065632F42504D4E2F32303130303532342F4D4F44454C2220786D6C6E733A62706D6E64693D22687474703A2F2F7777772E6F6D672E6F72672F737065632F42504D4E2F32303130303532342F44492220786D6C6E733A64633D22687474703A2F2F7777772E6F6D672E6F72672F737065632F44442F32303130303532342F44432220786D6C6E733A64693D22687474703A2F2F7777772E6F6D672E6F72672F737065632F44442F32303130303532342F44492220786D6C6E733A666C6F7761626C653D22687474703A2F2F666C6F7761626C652E6F72672F62706D6E222069643D226469616772616D5F50726F636573735F3136363130373633323335343322207461726765744E616D6573706163653D22687474703A2F2F666C6F7761626C652E6F72672F62706D6E223E3C62706D6E323A70726F636573732069643D227369676E22206E616D653D22E8AEBEE5A487E68AA5E4BFAE2220697345786563757461626C653D2274727565223E3C62706D6E323A757365725461736B2069643D2241637469766974795F30387432626B6522206E616D653D22E8AEBEE5A487E7BBB4E4BFAE223E3C62706D6E323A696E636F6D696E673E466C6F775F31336E723464353C2F62706D6E323A696E636F6D696E673E3C62706D6E323A6F7574676F696E673E466C6F775F306F6E727864633C2F62706D6E323A6F7574676F696E673E3C2F62706D6E323A757365725461736B3E3C62706D6E323A757365725461736B2069643D2241637469766974795F30696E3274336322206E616D653D22E8AEBEE5A487E6A380E69FA5223E3C62706D6E323A696E636F6D696E673E466C6F775F306F6E727864633C2F62706D6E323A696E636F6D696E673E3C62706D6E323A6F7574676F696E673E466C6F775F307A6E327665313C2F62706D6E323A6F7574676F696E673E3C62706D6E323A6D756C7469496E7374616E63654C6F6F7043686172616374657269737469637320666C6F7761626C653A6578636C75736976653D2266616C73652220666C6F7761626C653A636F6C6C656374696F6E3D22247B636F6C6C5F757365724C6973747D22202F3E3C2F62706D6E323A757365725461736B3E3C62706D6E323A73657175656E6365466C6F772069643D22466C6F775F306F6E727864632220736F757263655265663D2241637469766974795F30387432626B6522207461726765745265663D2241637469766974795F30696E3274336322202F3E3C62706D6E323A656E644576656E742069643D224576656E745F316A686B37313722206E616D653D22E7BB93E69D9F223E3C62706D6E323A696E636F6D696E673E466C6F775F307A6E327665313C2F62706D6E323A696E636F6D696E673E3C2F62706D6E323A656E644576656E743E3C62706D6E323A73657175656E6365466C6F772069643D22466C6F775F307A6E327665312220736F757263655265663D2241637469766974795F30696E3274336322207461726765745265663D224576656E745F316A686B37313722202F3E3C62706D6E323A73746172744576656E742069643D224576656E745F3037776D66616B223E3C62706D6E323A6F7574676F696E673E466C6F775F31717631376C6C3C2F62706D6E323A6F7574676F696E673E3C2F62706D6E323A73746172744576656E743E3C62706D6E323A757365725461736B2069643D2241637469766974795F31326E6B61787822206E616D653D22E59198E5B7A5E68AA5E4BFAE223E3C62706D6E323A696E636F6D696E673E466C6F775F31717631376C6C3C2F62706D6E323A696E636F6D696E673E3C62706D6E323A6F7574676F696E673E466C6F775F31336E723464353C2F62706D6E323A6F7574676F696E673E3C2F62706D6E323A757365725461736B3E3C62706D6E323A73657175656E6365466C6F772069643D22466C6F775F31717631376C6C2220736F757263655265663D224576656E745F3037776D66616B22207461726765745265663D2241637469766974795F31326E6B61787822202F3E3C62706D6E323A73657175656E6365466C6F772069643D22466C6F775F31336E723464352220736F757263655265663D2241637469766974795F31326E6B61787822207461726765745265663D2241637469766974795F30387432626B6522202F3E3C2F62706D6E323A70726F636573733E3C62706D6E64693A42504D4E4469616772616D2069643D2242504D4E4469616772616D5F31223E3C62706D6E64693A42504D4E506C616E652069643D227369676E5F6469222062706D6E456C656D656E743D227369676E223E3C62706D6E64693A42504D4E456467652069643D22466C6F775F307A6E327665315F6469222062706D6E456C656D656E743D22466C6F775F307A6E32766531223E3C64693A776179706F696E7420783D223737302220793D2233303022202F3E3C64693A776179706F696E7420783D223833322220793D2233303022202F3E3C2F62706D6E64693A42504D4E456467653E3C62706D6E64693A42504D4E456467652069643D22466C6F775F306F6E727864635F6469222062706D6E456C656D656E743D22466C6F775F306F6E72786463223E3C64693A776179706F696E7420783D223631302220793D2233303022202F3E3C64693A776179706F696E7420783D223637302220793D2233303022202F3E3C2F62706D6E64693A42504D4E456467653E3C62706D6E64693A42504D4E456467652069643D22466C6F775F31717631376C6C5F6469222062706D6E456C656D656E743D22466C6F775F31717631376C6C223E3C64693A776179706F696E7420783D223138382220793D2232393022202F3E3C64693A776179706F696E7420783D223234392220793D2232393022202F3E3C64693A776179706F696E7420783D223234392220793D2233303022202F3E3C64693A776179706F696E7420783D223331302220793D2233303022202F3E3C2F62706D6E64693A42504D4E456467653E3C62706D6E64693A42504D4E456467652069643D22466C6F775F31336E723464355F6469222062706D6E456C656D656E743D22466C6F775F31336E72346435223E3C64693A776179706F696E7420783D223431302220793D2233303022202F3E3C64693A776179706F696E7420783D223531302220793D2233303022202F3E3C2F62706D6E64693A42504D4E456467653E3C62706D6E64693A42504D4E53686170652069643D2241637469766974795F30387432626B655F6469222062706D6E456C656D656E743D2241637469766974795F30387432626B65223E3C64633A426F756E647320783D223531302220793D22323630222077696474683D2231303022206865696768743D22383022202F3E3C2F62706D6E64693A42504D4E53686170653E3C62706D6E64693A42504D4E53686170652069643D2241637469766974795F30696E327433635F6469222062706D6E456C656D656E743D2241637469766974795F30696E32743363223E3C64633A426F756E647320783D223637302220793D22323630222077696474683D2231303022206865696768743D22383022202F3E3C2F62706D6E64693A42504D4E53686170653E3C62706D6E64693A42504D4E53686170652069643D224576656E745F316A686B3731375F6469222062706D6E456C656D656E743D224576656E745F316A686B373137223E3C64633A426F756E647320783D223833322220793D22323832222077696474683D22333622206865696768743D22333622202F3E3C62706D6E64693A42504D4E4C6162656C3E3C64633A426F756E647320783D223833392220793D22333235222077696474683D22323222206865696768743D22313422202F3E3C2F62706D6E64693A42504D4E4C6162656C3E3C2F62706D6E64693A42504D4E53686170653E3C62706D6E64693A42504D4E53686170652069643D224576656E745F3037776D66616B5F6469222062706D6E456C656D656E743D224576656E745F3037776D66616B223E3C64633A426F756E647320783D223135322220793D22323732222077696474683D22333622206865696768743D22333622202F3E3C2F62706D6E64693A42504D4E53686170653E3C62706D6E64693A42504D4E53686170652069643D2241637469766974795F31326E6B6178785F6469222062706D6E456C656D656E743D2241637469766974795F31326E6B617878223E3C64633A426F756E647320783D223331302220793D22323630222077696474683D2231303022206865696768743D22383022202F3E3C2F62706D6E64693A42504D4E53686170653E3C2F62706D6E64693A42504D4E506C616E653E3C2F62706D6E64693A42504D4E4469616772616D3E3C2F62706D6E323A646566696E6974696F6E733E, 0);
INSERT INTO `act_ge_bytearray` VALUES ('4581b981-ca2a-11ed-9c60-2016b9c02335', 1, 'sign.sign.png', '456e0a6f-ca2a-11ed-9c60-2016b9c02335', 0x89504E470D0A1A0A0000000D494844520000036E0000015E0806000000FDB44CE30000162349444154785EEDDDDB8F94759A07F039249BB97476672EBD99ABF91766F6662F66B29B3571E602ED8360DA340A461331029D5DDD0CA8C92E779E4624D9643D4E7625F645E39A751564495C4F109441378E0B1E00591ADA9686159091DAF747BADCF2D7D558DD0DF53E55BFCF27F9A6E1ADAAF77DA19EA7FAF97555577DE73B000000000000000000000000000000000000000000000000000000000000000000000000000000000000000000000000000000000000000000000000000000000000000000000000000000000000000000000000000000000000000000000000000000000000000000000000000000000000000000000000000000000000000000000000000000000000000000000000000000000000000000000000000000000000000000000000000000000000000000000000000000000000000000000000000000000000000000000000000000000000000000000000000000000000000000000000000000000000000000000000000000000000000000000000000000000000000000000000000000000000000000000000000000000000000000000000000000000000000000000000000000000000000000000000000000000000000000000000000000000000000000000000000000000000000000000000000000000000000000000000000000000000000000000000000000000000000000000000000000000000000000000000000000000000000000000000000000000000000000000000000000000000000000000000000000000000000000000000000000000000000000000000000000000000000000000000000000000000000000000000000000000000000000000000000000000000000000000000000000000000000000000000000000000000000000000000000000000000000000000000000000000000000000000000000000000000000000000000000000000000000000000000000000000000000000000000000000000000000000000000000000000000000000000000000000000000000000000000000000000000000000000000000000000000000000000000000000000000000000000000000000000000000000000000000000000000000000000000000000000000000000000000000000000000000000000000000000000000000000000000000000000000000000000000000000000000000000000000000000000000000000000000000000000000000000000000000000000000000000000000000000000000000000000000000000000000000000000000000000000000000000000000000000000000000000000000000000000000000000000000000000000000000000000000000000000000000000000000000000000000000000000000000000000000000000007CADD168FCC9C183079F7DEDB5D7BEDCBE7D7BE3A5975E922EA7FA7FBFB06BD7AE4F77ECD8F1ABFCFEA15EFAA3FE94DC1FEAAFFE945C7F0004530D055BAB6F4A8D63C78E35CE9C39D33877EE9C7439E9FF3DFDFFEFDCB9F36435285C93DF47D4477FD49F92FB43FDD59F92EB0F8060D24F72D337A5FC9B95743F478F1E3D510D066FE6F711F5D11F7152627FA8BF3829B1FE000826BDFCC64F726324DD0FD5607036BF8FA88FFE889312FB43FDC54989F5074030E935FCF93728A92FE9FEC8EF23EAA33F62A5B4FE507FB1525AFD01104CA783C1E9CF8F360EBEF54F8D775FBEF762D29FD3B6FC7AB2B4180C62D11FB1525A7FA8BF5829ADFE0008A693C1E0D4F491C6FE17FFAEF1CEBFAEFB46D2B674597E7D597C0C06B1E88F5829AD3FD45FAC94567F0004D3C96070E8DD893943413387DFDD36E7FAB2F8180C62D11FB1525A7FA8BF5829ADFE0008A693C1E0BF5ED934672068265D965F5F161F83412CFA23564AEB0FF5172BA5D51F00C1743218EC7F69C39C81A09974597E7D597C0C06B1E88F5829AD3FD45FAC94567F00046330881583412CFA23564AEB0FF5172BA5D51F00C1743218A47729CB078266D265F9F565F13118C4A23F62A5B4FE507FB1525AFD0197D1C99327FF746262E2DE471E79E49D8D1B379E181B1B3B73EBADB75E181C1C6CAC5EBDFAFCDAB56B67EEBEFBEE4FEEBDF7DE6DEBD6ADFBABEA26DFCDF7019D0C061FBCFAC89C81A09974597E7D597C0C06B1E88F5829AD3FD45FAC94567FC065F0C61B6FAC7EE081078EAC5AB5AA512DD61A5BB76E6DECD9B3A771E0C081C6D4D45423495FD3DFD3F674F9FAF5EB2F8C8E8E9EAB16702F0E0F0FFF24DF27E5EA6430983AB2AFB1FFDF7F33672848DBD265F9F565F13118C4A23F62A5B4FE507FB1525AFD014BB06FDFBEBF7EF4D1473FBDE5965B1ACF3DF75CE3F8F1E31717699D4AD74FB7AB16705FDE79E79DCF0E0D0DFD283F06E5E9643048F970F793730683B42DBF9E2C2D068358F447AC94D61FEA2F564AAB3F6011AA35D7F75F78E18589B4607BE289271AA74E9DCAD7640B926E9FF6333232F2C5F2E5CB7F9D1F8FB27434189C3DDBF8E03F37CF190CD2B674D99CEBCBA2633088457FC44A69FDA1FE62A5B4FA0316A85A675DF5D4534FFDE1B6DB6E6B1C3C78305F832D49DA5FB5183C333A3ABA313F2EE5F8B6C1E0D4F491C61F5E7D78CE50D04CBA2C5D27BF9D2C2E068358F447AC94D61FEA2F564AAB3F6001AAB5D5550F3DF4D0F43DF7DCD3989E9ECED75D9745DAEFD8D8D81737DE78E393F9F129C3BC83C1D9B38DA31FEC68FCFEDFFE76CE3090275D275DD74F77971E83412CFA23564AEB0FF5172BA5D51FD0A16A4DF5FDA79E7AEA83B4684B0F165752DAFFDAB56B3FBFE1861BEECECF83FED76E30F8B69FE2CE173FDD5D7A0C06B1E88F5829AD3FD45FAC94567F4087D2EFB4DD7EFBED57EC99B65C3ACECA952B67060707AFCDCF85FED66E30E8E4A7B8F325DD36DF9F741E83412CFA23564AEB0FF5172BA5D51FD081BD7BF75E93DE88E472FF4EDBB749C75BBE7CF9F475D75DF7E3FC9CE85FED0683FC9BFD4293EF4F3A8FC12016FD112BA5F587FA8B95D2EA0FE8407ACBFFF4AE8F75D8BC79F3A78383830FE6E744FF6A3718487D3118C4A23F62A5B4FE507FB1525AFD2DD6C8C8C855D52CB96C6060E0A1EAEBF62A1F56F9A24A63F66BFAFBF6D9CB97A5EBE7FB809E903E5C3B3DDB36333393AFA9BA221D77C58A15277D4877390C06B1623088457FC44A69FDA1FE62A5B4FA5BA8A1A1A15F560BB1F12AE76617699D265D7F3CDD3EDF2784F6C0030F1C191F1FCFD7535DF5E4934F1EA81A684B7E6EF4278341AC180C62D11FB1525A7FA8BF5829ADFE3A552DB87E56CD8DAFB759902D26AFA7FDE5C78070666666FE6CF5EAD58DC9C9C97C2DD555D5F1FF383C3C7C6CC3860DDFCBCF91FE6330881583412CFA23564AEB0FF5172BA5D5DFB7191919F9C1C0C0C06FABC5D6857C01B666CD9AC633CF3CD3D8B3674FE3C081038DA9A9A98B3366FA9AFE9EB6A7CBD3F5F2DBA6FDA5FDA6FDE7C784309E7FFEF98D636363D932AA1E2B57AEFCA86A9C9FE7E748FF3118C48AC12016FD112BA5F587FA8B95D2EAEF52AA19F1EAA1A1A1775A175CC3C3C38D2D5BB6340E1F3E9C8F959794AE9F6E976E9F2DE0DE4EC7C98F0D213CFCF0C3BFDFBA756B5ECFB578ECB1C752B3FC437E8EF41F8341AC180C62D11FB1525A7FA8BF5829ADFEE6532DD87E5AE548EB226BD3A64D8D43870EE5E3E482A4DBA7FD648BB743E978F93940ED366EDC78223D751CC1AE5DBBF60D0C0C4CE4E748FF3118C48AC12016FD112BA5F587FA8B95D2EAAF9DF40C58EBA22D3D4B363131918F914B92F6973DFB76C8336F84B37EFDFA33DDFEECB6F9BCFFFEFBE9A5926FE5E748FF3118C48AC12016FD112BA5F587FA8B95D2EA2F977EE7ACF5E59137DD745363EFDEBDF9087959A4FDA6FDB72CDEDEF63B6F84B27AF5EA0B9F7DF6595EBBB5989A9A3A5535C991FC1CE93F068358297D3088467FC44A69FDA1FE62A5B4FACBCDBE11C9D7CFB45DA9455B53DA7FEB336FE9F8F939416D56AC58D1387FFE7C5EB7B5A8CE63A6E5A71C4525BF5FFA9DC120564A1F0CA2D11FB1525A7FA8BF5829ADFE5ACDBEE5FF57CD5969DBB66DF9E87845A4E3B4CC685FF9A800C258B56AD5F928CFB81D3F7EFCBF070B7CC6CDC24DEA4EC9834144FA23564AEB0FF5172BA5D55FABC196CF694B6F20D24DD91B96BC9E9F1BD4E2AEBBEE9A89F23B6EEFBDF7DEEEC1027FC7CDC24DEA4EC9834144FA23564AEB0FF5172BA5D55FD3F5D75FFF8BE6C229BD7471A9EF1EB950E978AD2F994CE7939F2374DD3DF7DC7328CABB4ABEFCF2CBDB4B7C57490B37A93BA50E0651E98F5829AD3FD45FAC94567F4DD56C34DE5C34A5CF5BAB433A6ECBB36EE3F93942D76DD8B0615B94CF71BBFFFEFB539316F7396E166E52774A1D0CA2D21FB1525A7FA8BF5829ADFE92E1E1E11F56B3D1B9E6A2A9DBCFB635A5E3B62CDCCEA5F3CACF15BA6A6C6CEC2FD7AF5F7F212FD61A9CAF1A625FD5183FCFCFB1DFF5D3C2ADFAB7BC52E52FF2ED398341AC943818D4417FF466FAA53FD45F6FA65FEAAFA9933AAC2E5FD65C30AD59B3269F17BB2A1DBF65F1B62C3F57E8AA0D1B367C6FE5CA95E7262727F35AEDAAC3870FBF5A35C4D1743EF939F6BB3E5BB8351FDC2EF9C06C3088957E1B0CA2D21FBD997EE90FF5D79BE997FA6BEAA40EABED0F37AFF7F4D34FE7236357A5E3B79CF3C3F9B942D7AD5BB7EEC5F1F1F1BC56BBEABEFBEEFB5DD5105BF2732B417A30C8B7F5AA9607B74B3E301B0C62A5DF0683A8F4476FA65FFA43FDF566FAA5FE9A3AA9C3A1A1A11DCDCB77EFDE9D8F8C5D958EDF3C97745EADE709B5181E1EFEC9E8E8E89733333379BD76C5F4F4F49B55434CA6F3C8CFAD04E9C120DFD6ABDA3C20B77D603618C44ABF0D0651B5E90BFDD103E997FE685377EAAF07D22FF5D7D4A6FEE6D461F5F593E6F6BADFF93C1DBFE51C3FC9FE39508F3BEFBCF3D9279E7822AFD7AEA88EFD2F55333C989F5329D28341BEAD57B57920CE73F181D960102BFD361844D5A61FF2E88F80E997FE68536F79D45FC0F44BFD35B5A9BB3CA90EFFB7F9F7BA3F6B381DBF792E43434333F9BF076A71DD75D7FD786464E48B6EFF6463F7EEDDE9259293E9F8F93995A2CD8356DFC760102BF9FD23F527BF8FA4BEE4F74DBFC7E373ACE4F74F69397FFE7C3E3A76553A7ECBF9FC319FE1A036CB972FFFF5AA55ABCE4C4F4FE7757B454C4E4EFE47D5041F57B9363F177A53FE80DB925706BD14276CFAED27BA51B5E90BFDD103E997FE685377EAAF07D22FF5D7D4A6FEE6D4617A66ABB9DD336E7009A3A3A31BC7C6C6BE480F1657D2D9B367DF1B1E1E7EAB6A82BFC9CF81DE75A907E256D10683EA94DAA65B97D79D7E1B0CA2D21F8BBBBCEEF44B7FA8BFC55D5E77FAA5FE9A3AA9C341BFE3069DBBF1C61B9F5CBB76EDE757EA99B7C9C9C99D69D15635C03FE6C7A6B75DEA81B855C4C1E052DBAEF4E575A7DF0683A8F4C7E22EAF3BFDD21FEA6F7197D79D7EA9BFA64EEAD0BB4AC202DD70C30D778F8E8ECE5CEE9F74CCFE4EDB279E69EB4F977A206E653068BFADAEF4DB601095FE58DCE575A75FFA43FD2DEEF2BAD32FF5D7D4491D0EFA1C3758B8AA40AF5DBE7CF9F4E6CD9B3F3D75EA545ECB0BF2F9E79FBF31FBEE919369BFF9B1288BC1A0FDB6BAD26F8341AFD31FEDB7D595D2FA43FDB5DF56574AABBFA49A139735174B6BD6ACC947CAAEBAE38E3B2EB42CDC96E5E70AA10C0D0DFDA82AD40757AC5871F2F1C71F3F70FCF8F185BCBDCFF923478EBCBA71E3C68BEF1C99F693F6971F83F2180CDA6FAB2B250E0691E98FF6DBEA4A69FDA1FEDA6FAB2BA5D55F323C3CFCC36A663CD75C301D3A74289F2FBB221DB765D1762E9D577EAE1052FA70ECAA68B7540BAFC99B6FBEF9E3C71E7B6CEFAE5DBBF6BDFFFEFB9F9C3871E27455DFA72627270FBEFBEEBBBBAB079997EEBFFFFEF1EA36FBAADBFC4FBA5DA91FAE4D7B0683F6DBEA4A89834164FAA3FDB6BA525A7FA8BFF6DBEA4A69F5D754CD8EE3CD45D3962D5BF2355557A4E3B62CDCC6F373845EF0DDEBAFBFFECFAB05DCDF0F0C0C4C5485FC669543B3459DBEBE99B6A7CBD3F5D2F5F31D80C1A0FDB6BA52EA601095FE68BFADAE94D61FEAAFFDB6BA525AFD355533E42F9A8BA6E1E1E1AE3FEB968E57CDB25FBF4C329D4F7E8E0045883818B44BB72EAF3BA50E0651E98F6F5E5E774AEB0FF5F7CDCBEB4E69F5D7AA5A30BDDE5C386DDAB4295F5B5D51E9782DCFB6BD9E9F1B4031A20D06A5A7E4C12022FD112BA5F587FA8B95D2EAAFD5D0D0D0CFAA45D357CD05D4B66DDBF2F5D515918ED3B268FB2A9D477E6E00C53018C44AC9834144FA23564AEB0FF5172BA5D55F6E6060E0B7AD2F99DCBB776FBECEBAACD2FE5B5F22998E9F9F1340510C06B152FA60108DFE8895D2FA43FDC54A69F5971B1919F941B5807ABBB990BAE9A69BAED8E22DEDB73ADED7CFF0A5E3A6E3E7E70450148341AC943E1844A33F62A5B4FE507FB1525AFDB5532DA0AE1EFCFF37C2BBF8CCDBC4C444BEEE5A92B4BFD667DA668F77757E2E00C53118C48AC12016FD112BA5F587FA8B95D2EA6F3ED5A2EAA7AD8BB794F406224B7DB7C974FBEC8D482E2EDAD2F1F273002892C120560C06B1E88F5829AD3FD45FAC94567F9732FBCCDBD72F9B4C49CFBEA5CF5B3B7CF870BE26BBA474FD74BBEC59B68B2F8F4CC7C98F0D502C8341AC180C62D11FB1525A7FA8BF5829ADFEBE4DFA9DB3D9372CC9175C8D356BD6349E79E699C69E3D7B1A070E1C684C4D4D5D5CA4A5AFE9EF697BBAFC8E3BEE9873DBB4BFB45FBFD306903118C48AC12016FD112BA5F587FA8B95D2EAAF53B31F15F0F5E7BC2D31AF7BCB7F8079180C62C560108BFE8895D2FA43FDC54A69F5B750D582EB97D5C26BBCCAB9360BB24B255D7F3CDD3EDF27002D0C06B1623088457FC44A69FDA1FE62A5B4FA5BAC919191ABAA85D8B281818187AAAFDBAB7C58E58BD9455AFA9AFEBE7DF6F265E9FAF93E0068C360102B068358F447AC94D61FEA2F564AAB3F00823118C48AC12016FD112BA5F587FA8B95D2EA0F80600C06B1623088457FC44A69FDA1FE62A5B4FA0320188341AC180C62D11FB1525A7FA8BF5829ADFE0008C660102B068358F447AC94D61FBD547FA74F9F6EECDFBFFFE2D7A56C8F9CD2EA0F80607A69302821068358F447AC94D61FBD547F6911569DF2C5AF4BD91E39A5D51F00C1F4D26050420C06B1E88F5829AD3F7AA9FEE65B882D747BE494567F0004D34B8341093118C4A23F62A5B4FEE8A5FA9B6F21B6D0ED91535AFD01104C2F0D0625C460108BFE8895D2FAA397EA6FBE85D842B7474E69F5074030BD3418941083412CFA23564AEB8F5EAABFF916620BDD1E39A5D51F00C1F4D26050420C06B1E88F5829AD3F7AA9FEE65B882D747BE494567F0004D34B8341093118C4A23F62A5B4FEE8A5FA9B6F21B6D0ED91535AFD01104C2F0D0625C460108BFE8895D2FAA397EA6FBE85D842B7474E69F5074030BD3418941083412CFA23564AEB8F5EAABFF916620BDD1E39A5D51F00C1F4D26050420C06B1E88F5829AD3F7AA9FEE65B882D747BE494567F0004D34B8341093118C4A23F62A5B4FEE8A5FA9B6F21B6D0ED91535AFD01104C2F0D0625C460108BFE8895D2FAA397EA6FBE85D842B7474E69F5074030DBB76FBF70E6CC9939DFA0A4FBA9EE874FABC1E06C7E1F511FFD112725F6472FD5DF7C0BB1856E8F9A12EB0F806076EDDAF5E9B163C7E67C9392EEE7E38F3FFEE76A307833BF8FA88FFE889312FBA397EAEFF4E9D3171761E9EB52B6474D89F50740303B76ECF8D5CE9D3B4F1E3D7AF444AFFC64B7DF52FDBF1FFDE8A38F7E570D059F54B926BF8FA88FFEA83F25F787FAAB3F25D71F0001A56F46E9278955CEA5D7F04BD793FEDFD3FFBFA120A074BFCCDE3FFAA39E14DD1FE9DF3DFBEF577FF5A4E8FA030000000000000000000000000000000000000000000000000000000000002E93FF03377926F5D070B5F30000000049454E44AE426082, 1);
INSERT INTO `act_ge_bytearray` VALUES ('5575286c-ca27-11ed-9c60-2016b9c02335', 1, 'sign.bpmn', '5575286b-ca27-11ed-9c60-2016b9c02335', 0x3C3F786D6C2076657273696F6E3D22312E302220656E636F64696E673D225554462D38223F3E0A3C62706D6E323A646566696E6974696F6E7320786D6C6E733A7873693D22687474703A2F2F7777772E77332E6F72672F323030312F584D4C536368656D612D696E7374616E63652220786D6C6E733A62706D6E323D22687474703A2F2F7777772E6F6D672E6F72672F737065632F42504D4E2F32303130303532342F4D4F44454C2220786D6C6E733A62706D6E64693D22687474703A2F2F7777772E6F6D672E6F72672F737065632F42504D4E2F32303130303532342F44492220786D6C6E733A64633D22687474703A2F2F7777772E6F6D672E6F72672F737065632F44442F32303130303532342F44432220786D6C6E733A64693D22687474703A2F2F7777772E6F6D672E6F72672F737065632F44442F32303130303532342F44492220786D6C6E733A666C6F7761626C653D22687474703A2F2F666C6F7761626C652E6F72672F62706D6E222069643D226469616772616D5F50726F636573735F3136363130373633323335343322207461726765744E616D6573706163653D22687474703A2F2F666C6F7761626C652E6F72672F62706D6E223E3C62706D6E323A70726F636573732069643D227369676E22206E616D653D22E8AEBEE5A487E68AA5E4BFAE2220697345786563757461626C653D2274727565223E3C62706D6E323A757365725461736B2069643D2241637469766974795F30387432626B6522206E616D653D22E8AEBEE5A487E7BBB4E4BFAE223E3C62706D6E323A696E636F6D696E673E466C6F775F31336E723464353C2F62706D6E323A696E636F6D696E673E3C62706D6E323A6F7574676F696E673E466C6F775F306F6E727864633C2F62706D6E323A6F7574676F696E673E3C2F62706D6E323A757365725461736B3E3C62706D6E323A757365725461736B2069643D2241637469766974795F30696E3274336322206E616D653D22E8AEBEE5A487E6A380E69FA5223E3C62706D6E323A696E636F6D696E673E466C6F775F306F6E727864633C2F62706D6E323A696E636F6D696E673E3C62706D6E323A6F7574676F696E673E466C6F775F307A6E327665313C2F62706D6E323A6F7574676F696E673E3C62706D6E323A6D756C7469496E7374616E63654C6F6F7043686172616374657269737469637320666C6F7761626C653A6578636C75736976653D2266616C73652220666C6F7761626C653A636F6C6C656374696F6E3D22247B636F6C6C5F757365724C6973747D22202F3E3C2F62706D6E323A757365725461736B3E3C62706D6E323A73657175656E6365466C6F772069643D22466C6F775F306F6E727864632220736F757263655265663D2241637469766974795F30387432626B6522207461726765745265663D2241637469766974795F30696E3274336322202F3E3C62706D6E323A656E644576656E742069643D224576656E745F316A686B37313722206E616D653D22E7BB93E69D9F223E3C62706D6E323A696E636F6D696E673E466C6F775F307A6E327665313C2F62706D6E323A696E636F6D696E673E3C2F62706D6E323A656E644576656E743E3C62706D6E323A73657175656E6365466C6F772069643D22466C6F775F307A6E327665312220736F757263655265663D2241637469766974795F30696E3274336322207461726765745265663D224576656E745F316A686B37313722202F3E3C62706D6E323A73746172744576656E742069643D224576656E745F3037776D66616B223E3C62706D6E323A6F7574676F696E673E466C6F775F31717631376C6C3C2F62706D6E323A6F7574676F696E673E3C2F62706D6E323A73746172744576656E743E3C62706D6E323A757365725461736B2069643D2241637469766974795F31326E6B61787822206E616D653D22E59198E5B7A5E68AA5E4BFAE223E3C62706D6E323A696E636F6D696E673E466C6F775F31717631376C6C3C2F62706D6E323A696E636F6D696E673E3C62706D6E323A6F7574676F696E673E466C6F775F31336E723464353C2F62706D6E323A6F7574676F696E673E3C2F62706D6E323A757365725461736B3E3C62706D6E323A73657175656E6365466C6F772069643D22466C6F775F31717631376C6C2220736F757263655265663D224576656E745F3037776D66616B22207461726765745265663D2241637469766974795F31326E6B61787822202F3E3C62706D6E323A73657175656E6365466C6F772069643D22466C6F775F31336E723464352220736F757263655265663D2241637469766974795F31326E6B61787822207461726765745265663D2241637469766974795F30387432626B6522202F3E3C2F62706D6E323A70726F636573733E3C62706D6E64693A42504D4E4469616772616D2069643D2242504D4E4469616772616D5F31223E3C62706D6E64693A42504D4E506C616E652069643D227369676E5F6469222062706D6E456C656D656E743D227369676E223E3C62706D6E64693A42504D4E456467652069643D22466C6F775F307A6E327665315F6469222062706D6E456C656D656E743D22466C6F775F307A6E32766531223E3C64693A776179706F696E7420783D223737302220793D2233303022202F3E3C64693A776179706F696E7420783D223833322220793D2233303022202F3E3C2F62706D6E64693A42504D4E456467653E3C62706D6E64693A42504D4E456467652069643D22466C6F775F306F6E727864635F6469222062706D6E456C656D656E743D22466C6F775F306F6E72786463223E3C64693A776179706F696E7420783D223631302220793D2233303022202F3E3C64693A776179706F696E7420783D223637302220793D2233303022202F3E3C2F62706D6E64693A42504D4E456467653E3C62706D6E64693A42504D4E456467652069643D22466C6F775F31717631376C6C5F6469222062706D6E456C656D656E743D22466C6F775F31717631376C6C223E3C64693A776179706F696E7420783D223138382220793D2232393022202F3E3C64693A776179706F696E7420783D223234392220793D2232393022202F3E3C64693A776179706F696E7420783D223234392220793D2233303022202F3E3C64693A776179706F696E7420783D223331302220793D2233303022202F3E3C2F62706D6E64693A42504D4E456467653E3C62706D6E64693A42504D4E456467652069643D22466C6F775F31336E723464355F6469222062706D6E456C656D656E743D22466C6F775F31336E72346435223E3C64693A776179706F696E7420783D223431302220793D2233303022202F3E3C64693A776179706F696E7420783D223531302220793D2233303022202F3E3C2F62706D6E64693A42504D4E456467653E3C62706D6E64693A42504D4E53686170652069643D2241637469766974795F30387432626B655F6469222062706D6E456C656D656E743D2241637469766974795F30387432626B65223E3C64633A426F756E647320783D223531302220793D22323630222077696474683D2231303022206865696768743D22383022202F3E3C2F62706D6E64693A42504D4E53686170653E3C62706D6E64693A42504D4E53686170652069643D2241637469766974795F30696E327433635F6469222062706D6E456C656D656E743D2241637469766974795F30696E32743363223E3C64633A426F756E647320783D223637302220793D22323630222077696474683D2231303022206865696768743D22383022202F3E3C2F62706D6E64693A42504D4E53686170653E3C62706D6E64693A42504D4E53686170652069643D224576656E745F316A686B3731375F6469222062706D6E456C656D656E743D224576656E745F316A686B373137223E3C64633A426F756E647320783D223833322220793D22323832222077696474683D22333622206865696768743D22333622202F3E3C62706D6E64693A42504D4E4C6162656C3E3C64633A426F756E647320783D223833392220793D22333235222077696474683D22323222206865696768743D22313422202F3E3C2F62706D6E64693A42504D4E4C6162656C3E3C2F62706D6E64693A42504D4E53686170653E3C62706D6E64693A42504D4E53686170652069643D224576656E745F3037776D66616B5F6469222062706D6E456C656D656E743D224576656E745F3037776D66616B223E3C64633A426F756E647320783D223135322220793D22323732222077696474683D22333622206865696768743D22333622202F3E3C2F62706D6E64693A42504D4E53686170653E3C62706D6E64693A42504D4E53686170652069643D2241637469766974795F31326E6B6178785F6469222062706D6E456C656D656E743D2241637469766974795F31326E6B617878223E3C64633A426F756E647320783D223331302220793D22323630222077696474683D2231303022206865696768743D22383022202F3E3C2F62706D6E64693A42504D4E53686170653E3C2F62706D6E64693A42504D4E506C616E653E3C2F62706D6E64693A42504D4E4469616772616D3E3C2F62706D6E323A646566696E6974696F6E733E, 0);
INSERT INTO `act_ge_bytearray` VALUES ('558f190d-ca27-11ed-9c60-2016b9c02335', 1, 'sign.sign.png', '5575286b-ca27-11ed-9c60-2016b9c02335', 0x89504E470D0A1A0A0000000D494844520000036E0000015E0806000000FDB44CE30000162349444154785EEDDDDB8F94759A07F039249BB97476672EBD99ABF91766F6662F66B29B3571E602ED8360DA340A461331029D5DDD0CA8C92E779E4624D9643D4E7625F645E39A751564495C4F109441378E0B1E00591ADA9686159091DAF747BADCF2D7D558DD0DF53E55BFCF27F9A6E1ADAAF77DA19EA7FAF97555577DE73B000000000000000000000000000000000000000000000000000000000000000000000000000000000000000000000000000000000000000000000000000000000000000000000000000000000000000000000000000000000000000000000000000000000000000000000000000000000000000000000000000000000000000000000000000000000000000000000000000000000000000000000000000000000000000000000000000000000000000000000000000000000000000000000000000000000000000000000000000000000000000000000000000000000000000000000000000000000000000000000000000000000000000000000000000000000000000000000000000000000000000000000000000000000000000000000000000000000000000000000000000000000000000000000000000000000000000000000000000000000000000000000000000000000000000000000000000000000000000000000000000000000000000000000000000000000000000000000000000000000000000000000000000000000000000000000000000000000000000000000000000000000000000000000000000000000000000000000000000000000000000000000000000000000000000000000000000000000000000000000000000000000000000000000000000000000000000000000000000000000000000000000000000000000000000000000000000000000000000000000000000000000000000000000000000000000000000000000000000000000000000000000000000000000000000000000000000000000000000000000000000000000000000000000000000000000000000000000000000000000000000000000000000000000000000000000000000000000000000000000000000000000000000000000000000000000000000000000000000000000000000000000000000000000000000000000000000000000000000000000000000000000000000000000000000000000000000000000000000000000000000000000000000000000000000000000000000000000000000000000000000000000000000000000000000000000000000000000000000000000000000000000000000000000000000000000000000000000000000000000000000000000000000000000000000000000000000000000000000000000000000000000000000000000000000000007CADD168FCC9C183079F7DEDB5D7BEDCBE7D7BE3A5975E922EA7FA7FBFB06BD7AE4F77ECD8F1ABFCFEA15EFAA3FE94DC1FEAAFFE945C7F0004530D055BAB6F4A8D63C78E35CE9C39D33877EE9C7439E9FF3DFDFFEFDCB9F36435285C93DF47D4477FD49F92FB43FDD59F92EB0F8060D24F72D337A5FC9B95743F478F1E3D510D066FE6F711F5D11F7152627FA8BF3829B1FE000826BDFCC64F726324DD0FD5607036BF8FA88FFE889312FB43FDC54989F5074030E935FCF93728A92FE9FEC8EF23EAA33F62A5B4FE507FB1525AFD01104CA783C1E9CF8F360EBEF54F8D775FBEF762D29FD3B6FC7AB2B4180C62D11FB1525A7FA8BF5829ADFE0008A693C1E0D4F491C6FE17FFAEF1CEBFAEFB46D2B674597E7D597C0C06B1E88F5829AD3FD45FAC94567F0004D3C96070E8DD893943413387DFDD36E7FAB2F8180C62D11FB1525A7FA8BF5829ADFE0008A693C1E0BF5ED934672068265D965F5F161F83412CFA23564AEB0FF5172BA5D51F00C1743218EC7F69C39C81A09974597E7D597C0C06B1E88F5829AD3FD45FAC94567F00046330881583412CFA23564AEB0FF5172BA5D51F00C1743218A47729CB078266D265F9F565F13118C4A23F62A5B4FE507FB1525AFD0197D1C99327FF746262E2DE471E79E49D8D1B379E181B1B3B73EBADB75E181C1C6CAC5EBDFAFCDAB56B67EEBEFBEE4FEEBDF7DE6DEBD6ADFBABEA26DFCDF7019D0C061FBCFAC89C81A09974597E7D597C0C06B1E88F5829AD3FD45FAC94567FC065F0C61B6FAC7EE081078EAC5AB5AA512DD61A5BB76E6DECD9B3A771E0C081C6D4D45423495FD3DFD3F674F9FAF5EB2F8C8E8E9EAB16702F0E0F0FFF24DF27E5EA6430983AB2AFB1FFDF7F33672848DBD265F9F565F13118C4A23F62A5B4FE507FB1525AFD014BB06FDFBEBF7EF4D1473FBDE5965B1ACF3DF75CE3F8F1E31717699D4AD74FB7AB16705FDE79E79DCF0E0D0DFD283F06E5E9643048F970F793730683B42DBF9E2C2D068358F447AC94D61FEA2F564AAB3F6011AA35D7F75F78E18589B4607BE289271AA74E9DCAD7640B926E9FF6333232F2C5F2E5CB7F9D1F8FB27434189C3DDBF8E03F37CF190CD2B674D99CEBCBA2633088457FC44A69FDA1FE62A5B4FA0316A85A675DF5D4534FFDE1B6DB6E6B1C3C78305F832D49DA5FB5183C333A3ABA313F2EE5F8B6C1E0D4F491C61F5E7D78CE50D04CBA2C5D27BF9D2C2E068358F447AC94D61FEA2F564AAB3F6001AAB5D5550F3DF4D0F43DF7DCD3989E9ECED75D9745DAEFD8D8D81737DE78E393F9F129C3BC83C1D9B38DA31FEC68FCFEDFFE76CE3090275D275DD74F77971E83412CFA23564AEB0FF5172BA5D51FD0A16A4DF5FDA79E7AEA83B4684B0F165752DAFFDAB56B3FBFE1861BEECECF83FED76E30F8B69FE2CE173FDD5D7A0C06B1E88F5829AD3FD45FAC94567F4087D2EFB4DD7EFBED57EC99B65C3ACECA952B67060707AFCDCF85FED66E30E8E4A7B8F325DD36DF9F741E83412CFA23564AEB0FF5172BA5D51FD081BD7BF75E93DE88E472FF4EDBB749C75BBE7CF9F475D75DF7E3FC9CE85FED0683FC9BFD4293EF4F3A8FC12016FD112BA5F587FA8B95D2EA0FE8407ACBFFF4AE8F75D8BC79F3A78383830FE6E744FF6A3718487D3118C4A23F62A5B4FE507FB1525AFD2DD6C8C8C855D52CB96C6060E0A1EAEBF62A1F56F9A24A63F66BFAFBF6D9CB97A5EBE7FB809E903E5C3B3DDB36333393AFA9BA221D77C58A15277D4877390C06B1623088457FC44A69FDA1FE62A5B4FA5BA8A1A1A15F560BB1F12AE76617699D265D7F3CDD3EDF2784F6C0030F1C191F1FCFD7535DF5E4934F1EA81A684B7E6EF4278341AC180C62D11FB1525A7FA8BF5829ADFE3A552DB87E56CD8DAFB759902D26AFA7FDE5C78070666666FE6CF5EAD58DC9C9C97C2DD555D5F1FF383C3C7C6CC3860DDFCBCF91FE6330881583412CFA23564AEB0FF5172BA5D5DFB7191919F9C1C0C0C06FABC5D6857C01B666CD9AC633CF3CD3D8B3674FE3C081038DA9A9A98B3366FA9AFE9EB6A7CBD3F5F2DBA6FDA5FDA6FDE7C784309E7FFEF98D636363D932AA1E2B57AEFCA86A9C9FE7E748FF3118C48AC12016FD112BA5F587FA8B95D2EAEF52AA19F1EAA1A1A1775A175CC3C3C38D2D5BB6340E1F3E9C8F959794AE9F6E976E9F2DE0DE4EC7C98F0D213CFCF0C3BFDFBA756B5ECFB578ECB1C752B3FC437E8EF41F8341AC180C62D11FB1525A7FA8BF5829ADFEE6532DD87E5AE548EB226BD3A64D8D43870EE5E3E482A4DBA7FD648BB743E978F93940ED366EDC78223D751CC1AE5DBBF60D0C0C4CE4E748FF3118C48AC12016FD112BA5F587FA8B95D2EAAF9DF40C58EBA22D3D4B363131918F914B92F6973DFB76C8336F84B37EFDFA33DDFEECB6F9BCFFFEFBE9A5926FE5E748FF3118C48AC12016FD112BA5F587FA8B95D2EA2F977EE7ACF5E59137DD745363EFDEBDF9087959A4FDA6FDB72CDEDEF63B6F84B27AF5EA0B9F7DF6595EBBB5989A9A3A5535C991FC1CE93F068358297D3088467FC44A69FDA1FE62A5B4FACBCDBE11C9D7CFB45DA9455B53DA7FEB336FE9F8F939416D56AC58D1387FFE7C5EB7B5A8CE63A6E5A71C4525BF5FFA9DC120564A1F0CA2D11FB1525A7FA8BF5829ADFE5ACDBEE5FF57CD5969DBB66DF9E87845A4E3B4CC685FF9A800C258B56AD5F928CFB81D3F7EFCBF070B7CC6CDC24DEA4EC9834144FA23564AEB0FF5172BA5D55FABC196CF694B6F20D24DD91B96BC9E9F1BD4E2AEBBEE9A89F23B6EEFBDF7DEEEC1027FC7CDC24DEA4EC9834144FA23564AEB0FF5172BA5D55FD3F5D75FFF8BE6C229BD7471A9EF1EB950E978AD2F994CE7939F2374DD3DF7DC7328CABB4ABEFCF2CBDB4B7C57490B37A93BA50E0651E98F5829AD3FD45FAC94567F4DD56C34DE5C34A5CF5BAB433A6ECBB36EE3F93942D76DD8B0615B94CF71BBFFFEFB539316F7396E166E52774A1D0CA2D21FB1525A7FA8BF5829ADFE92E1E1E11F56B3D1B9E6A2A9DBCFB635A5E3B62CDCCEA5F3CACF15BA6A6C6CEC2FD7AF5F7F212FD61A9CAF1A625FD5183FCFCFB1DFF5D3C2ADFAB7BC52E52FF2ED398341AC943818D4417FF466FAA53FD45F6FA65FEAAFA9933AAC2E5FD65C30AD59B3269F17BB2A1DBF65F1B62C3F57E8AA0D1B367C6FE5CA95E7262727F35AEDAAC3870FBF5A35C4D1743EF939F6BB3E5BB8351FDC2EF9C06C3088957E1B0CA2D21FBD997EE90FF5D79BE997FA6BEAA40EABED0F37AFF7F4D34FE7236357A5E3B79CF3C3F9B942D7AD5BB7EEC5F1F1F1BC56BBEABEFBEEFB5DD5105BF2732B417A30C8B7F5AA9607B74B3E301B0C62A5DF0683A8F4476FA65FFA43FDF566FAA5FE9A3AA9C3A1A1A11DCDCB77EFDE9D8F8C5D958EDF3C97745EADE709B5181E1EFEC9E8E8E89733333379BD76C5F4F4F49B55434CA6F3C8CFAD04E9C120DFD6ABDA3C20B77D603618C44ABF0D0651B5E90BFDD103E997FE685377EAAF07D22FF5D7D4A6FEE6D461F5F593E6F6BADFF93C1DBFE51C3FC9FE39508F3BEFBCF3D9279E7822AFD7AEA88EFD2F55333C989F5329D28341BEAD57B57920CE73F181D960102BFD361844D5A61FF2E88F80E997FE68536F79D45FC0F44BFD35B5A9BB3CA90EFFB7F9F7BA3F6B381DBF792E43434333F9BF076A71DD75D7FD786464E48B6EFF6463F7EEDDE9259293E9F8F93995A2CD8356DFC760102BF9FD23F527BF8FA4BEE4F74DBFC7E373ACE4F74F69397FFE7C3E3A76553A7ECBF9FC319FE1A036CB972FFFF5AA55ABCE4C4F4FE7757B454C4E4EFE47D5041F57B9363F177A53FE80DB925706BD14276CFAED27BA51B5E90BFDD103E997FE685377EAAF07D22FF5D7D4A6FEE6D4617A66ABB9DD336E7009A3A3A31BC7C6C6BE480F1657D2D9B367DF1B1E1E7EAB6A82BFC9CF81DE75A907E256D10683EA94DAA65B97D79D7E1B0CA2D21F8BBBBCEEF44B7FA8BFC55D5E77FAA5FE9A3AA9C341BFE3069DBBF1C61B9F5CBB76EDE757EA99B7C9C9C99D69D15635C03FE6C7A6B75DEA81B855C4C1E052DBAEF4E575A7DF0683A8F4C7E22EAF3BFDD21FEA6F7197D79D7EA9BFA64EEAD0BB4AC202DD70C30D778F8E8ECE5CEE9F74CCFE4EDB279E69EB4F977A206E653068BFADAEF4DB601095FE58DCE575A75FFA43FD2DEEF2BAD32FF5D7D4491D0EFA1C3758B8AA40AF5DBE7CF9F4E6CD9B3F3D75EA545ECB0BF2F9E79FBF31FBEE919369BFF9B1288BC1A0FDB6BAD26F8341AFD31FEDB7D595D2FA43FDB5DF56574AABBFA49A139735174B6BD6ACC947CAAEBAE38E3B2EB42CDC96E5E70AA10C0D0DFDA82AD40757AC5871F2F1C71F3F70FCF8F185BCBDCFF923478EBCBA71E3C68BEF1C99F693F6971F83F2180CDA6FAB2B250E0691E98FF6DBEA4A69FDA1FEDA6FAB2BA5D55F323C3CFCC36A663CD75C301D3A74289F2FBB221DB765D1762E9D577EAE1052FA70ECAA68B7540BAFC99B6FBEF9E3C71E7B6CEFAE5DBBF6BDFFFEFB9F9C3871E27455DFA72627270FBEFBEEBBBBAB079997EEBFFFFEF1EA36FBAADBFC4FBA5DA91FAE4D7B0683F6DBEA4A89834164FAA3FDB6BA525A7FA8BFF6DBEA4A69F5D754CD8EE3CD45D3962D5BF2355557A4E3B62CDCC6F373845EF0DDEBAFBFFECFAB05DCDF0F0C0C4C5485FC669543B3459DBEBE99B6A7CBD3F5D2F5F31D80C1A0FDB6BA52EA601095FE68BFADAE94D61FEAAFFDB6BA525AFD355533E42F9A8BA6E1E1E1AE3FEB968E57CDB25FBF4C329D4F7E8E0045883818B44BB72EAF3BA50E0651E98F6F5E5E774AEB0FF5F7CDCBEB4E69F5D7AA5A30BDDE5C386DDAB4295F5B5D51E9782DCFB6BD9E9F1B4031A20D06A5A7E4C12022FD112BA5F587FA8B95D2EAAFD5D0D0D0CFAA45D357CD05D4B66DDBF2F5D515918ED3B268FB2A9D477E6E00C53018C44AC9834144FA23564AEB0FF5172BA5D55F6E6060E0B7AD2F99DCBB776FBECEBAACD2FE5B5F22998E9F9F1340510C06B152FA60108DFE8895D2FA43FDC54A69F5971B1919F941B5807ABBB990BAE9A69BAED8E22DEDB73ADED7CFF0A5E3A6E3E7E70450148341AC943E1844A33F62A5B4FE507FB1525AFDB5532DA0AE1EFCFF37C2BBF8CCDBC4C444BEEE5A92B4BFD667DA668F77757E2E00C53118C48AC12016FD112BA5F587FA8B95D2EA6F3ED5A2EAA7AD8BB794F406224B7DB7C974FBEC8D482E2EDAD2F1F273002892C120560C06B1E88F5829AD3FD45FAC94567F9732FBCCDBD72F9B4C49CFBEA5CF5B3B7CF870BE26BBA474FD74BBEC59B68B2F8F4CC7C98F0D502C8341AC180C62D11FB1525A7FA8BF5829ADFEBE4DFA9DB3D9372CC9175C8D356BD6349E79E699C69E3D7B1A070E1C684C4D4D5D5CA4A5AFE9EF697BBAFC8E3BEE9873DBB4BFB45FBFD306903118C48AC12016FD112BA5F587FA8B95D2EAAF53B31F15F0F5E7BC2D31AF7BCB7F8079180C62C560108BFE8895D2FA43FDC54A69F5B750D582EB97D5C26BBCCAB9360BB24B255D7F3CDD3EDF27002D0C06B1623088457FC44A69FDA1FE62A5B4FA5BAC919191ABAA85D8B281818187AAAFDBAB7C58E58BD9455AFA9AFEBE7DF6F265E9FAF93E0068C360102B068358F447AC94D61FEA2F564AAB3F00823118C48AC12016FD112BA5F587FA8B95D2EA0F80600C06B1623088457FC44A69FDA1FE62A5B4FA0320188341AC180C62D11FB1525A7FA8BF5829ADFE0008C660102B068358F447AC94D61FBD547FA74F9F6EECDFBFFFE2D7A56C8F9CD2EA0F80607A69302821068358F447AC94D61FBD547F6911569DF2C5AF4BD91E39A5D51F00C1F4D26050420C06B1E88F5829AD3F7AA9FEE65B882D747BE494567F0004D34B8341093118C4A23F62A5B4FEE8A5FA9B6F21B6D0ED91535AFD01104C2F0D0625C460108BFE8895D2FAA397EA6FBE85D842B7474E69F5074030BD3418941083412CFA23564AEB8F5EAABFF916620BDD1E39A5D51F00C1F4D26050420C06B1E88F5829AD3F7AA9FEE65B882D747BE494567F0004D34B8341093118C4A23F62A5B4FEE8A5FA9B6F21B6D0ED91535AFD01104C2F0D0625C460108BFE8895D2FAA397EA6FBE85D842B7474E69F5074030BD3418941083412CFA23564AEB8F5EAABFF916620BDD1E39A5D51F00C1F4D26050420C06B1E88F5829AD3F7AA9FEE65B882D747BE494567F0004D34B8341093118C4A23F62A5B4FEE8A5FA9B6F21B6D0ED91535AFD01104C2F0D0625C460108BFE8895D2FAA397EA6FBE85D842B7474E69F5074030DBB76FBF70E6CC9939DFA0A4FBA9EE874FABC1E06C7E1F511FFD112725F6472FD5DF7C0BB1856E8F9A12EB0F806076EDDAF5E9B163C7E67C9392EEE7E38F3FFEE76A307833BF8FA88FFE889312FBA397EAEFF4E9D3171761E9EB52B6474D89F50740303B76ECF8D5CE9D3B4F1E3D7AF444AFFC64B7DF52FDBF1FFDE8A38F7E570D059F54B926BF8FA88FFEA83F25F787FAAB3F25D71F0001A56F46E9278955CEA5D7F04BD793FEDFD3FFBFA120A074BFCCDE3FFAA39E14DD1FE9DF3DFBEF577FF5A4E8FA030000000000000000000000000000000000000000000000000000000000002E93FF03377926F5D070B5F30000000049454E44AE426082, 1);
INSERT INTO `act_ge_bytearray` VALUES ('66cd0564-ca2b-11ed-9c60-2016b9c02335', 1, 'var-field115', NULL, 0xACED0005737200136A6176612E7574696C2E41727261794C6973747881D21D99C7619D03000149000473697A6578700000000277040000000274000A323032332D30332D333074000A323032332D30332D333178, NULL);
INSERT INTO `act_ge_bytearray` VALUES ('66cd7a96-ca2b-11ed-9c60-2016b9c02335', 1, 'hist.var-field115', NULL, 0xACED0005737200136A6176612E7574696C2E41727261794C6973747881D21D99C7619D03000149000473697A6578700000000277040000000274000A323032332D30332D333074000A323032332D30332D333178, NULL);
INSERT INTO `act_ge_bytearray` VALUES ('66cd7a97-ca2b-11ed-9c60-2016b9c02335', 1, 'hist.detail.var-field115', NULL, 0xACED0005737200136A6176612E7574696C2E41727261794C6973747881D21D99C7619D03000149000473697A6578700000000277040000000274000A323032332D30332D333074000A323032332D30332D333178, NULL);
INSERT INTO `act_ge_bytearray` VALUES ('705636a7-cb94-11ed-8c20-2016b9c02335', 1, 'var-field111', NULL, 0xACED0005737200136A6176612E7574696C2E41727261794C6973747881D21D99C7619D03000149000473697A65787000000002770400000002737200116A6176612E6C616E672E496E746567657212E2A0A4F781873802000149000576616C7565787200106A6176612E6C616E672E4E756D62657286AC951D0B94E08B0200007870000000017371007E00020000000278, NULL);
INSERT INTO `act_ge_bytearray` VALUES ('7056abd9-cb94-11ed-8c20-2016b9c02335', 1, 'hist.var-field111', NULL, 0xACED0005737200136A6176612E7574696C2E41727261794C6973747881D21D99C7619D03000149000473697A65787000000002770400000002737200116A6176612E6C616E672E496E746567657212E2A0A4F781873802000149000576616C7565787200106A6176612E6C616E672E4E756D62657286AC951D0B94E08B0200007870000000017371007E00020000000278, NULL);
INSERT INTO `act_ge_bytearray` VALUES ('7056abda-cb94-11ed-8c20-2016b9c02335', 1, 'hist.detail.var-field111', NULL, 0xACED0005737200136A6176612E7574696C2E41727261794C6973747881D21D99C7619D03000149000473697A65787000000002770400000002737200116A6176612E6C616E672E496E746567657212E2A0A4F781873802000149000576616C7565787200106A6176612E6C616E672E4E756D62657286AC951D0B94E08B0200007870000000017371007E00020000000278, NULL);
INSERT INTO `act_ge_bytearray` VALUES ('7c1f1aa7-1eaa-11ed-94d4-3887d5e2c283', 4, 'source', NULL, 0x3C3F786D6C2076657273696F6E3D22312E302220656E636F64696E673D225554462D38223F3E0A3C62706D6E323A646566696E6974696F6E7320786D6C6E733A7873693D22687474703A2F2F7777772E77332E6F72672F323030312F584D4C536368656D612D696E7374616E63652220786D6C6E733A62706D6E323D22687474703A2F2F7777772E6F6D672E6F72672F737065632F42504D4E2F32303130303532342F4D4F44454C2220786D6C6E733A62706D6E64693D22687474703A2F2F7777772E6F6D672E6F72672F737065632F42504D4E2F32303130303532342F44492220786D6C6E733A64693D22687474703A2F2F7777772E6F6D672E6F72672F737065632F44442F32303130303532342F44492220786D6C6E733A64633D22687474703A2F2F7777772E6F6D672E6F72672F737065632F44442F32303130303532342F4443222069643D226469616772616D5F50726F636573735F3136363037393533303330343622207461726765744E616D6573706163653D22687474703A2F2F666C6F7761626C652E6F72672F62706D6E223E3C62706D6E323A70726F636573732069643D226C6561766522206E616D653D22E8AFB7E581872220697345786563757461626C653D2274727565223E3C62706D6E323A73746172744576656E742069643D224576656E745F3175326175747622206E616D653D22E5BC80E5A78B223E3C62706D6E323A6F7574676F696E673E466C6F775F3163786F7838343C2F62706D6E323A6F7574676F696E673E3C2F62706D6E323A73746172744576656E743E3C62706D6E323A73657175656E6365466C6F772069643D22466C6F775F3163786F7838342220736F757263655265663D224576656E745F3175326175747622207461726765745265663D2241637469766974795F3133757130356D22202F3E3C62706D6E323A757365725461736B2069643D2241637469766974795F3133757130356D22206E616D653D22E7A4BEE58CBAE7AEA1E79086E59198223E3C62706D6E323A696E636F6D696E673E466C6F775F3163786F7838343C2F62706D6E323A696E636F6D696E673E3C62706D6E323A6F7574676F696E673E466C6F775F3172697230686A3C2F62706D6E323A6F7574676F696E673E3C2F62706D6E323A757365725461736B3E3C62706D6E323A656E644576656E742069643D224576656E745F30686C646A376C22206E616D653D22E7BB93E69D9F223E3C62706D6E323A696E636F6D696E673E466C6F775F3172697230686A3C2F62706D6E323A696E636F6D696E673E3C2F62706D6E323A656E644576656E743E3C62706D6E323A73657175656E6365466C6F772069643D22466C6F775F3172697230686A2220736F757263655265663D2241637469766974795F3133757130356D22207461726765745265663D224576656E745F30686C646A376C22202F3E3C2F62706D6E323A70726F636573733E3C62706D6E64693A42504D4E4469616772616D2069643D2242504D4E4469616772616D5F31223E3C62706D6E64693A42504D4E506C616E652069643D226C656176655F6469222062706D6E456C656D656E743D226C65617665223E3C62706D6E64693A42504D4E456467652069643D22466C6F775F3172697230686A5F6469222062706D6E456C656D656E743D22466C6F775F3172697230686A223E3C64693A776179706F696E7420783D223538302220793D2232383022202F3E3C64693A776179706F696E7420783D223634322220793D2232383022202F3E3C2F62706D6E64693A42504D4E456467653E3C62706D6E64693A42504D4E456467652069643D22466C6F775F3163786F7838345F6469222062706D6E456C656D656E743D22466C6F775F3163786F783834223E3C64693A776179706F696E7420783D223236382220793D2232383022202F3E3C64693A776179706F696E7420783D223438302220793D2232383022202F3E3C2F62706D6E64693A42504D4E456467653E3C62706D6E64693A42504D4E53686170652069643D224576656E745F317532617574765F6469222062706D6E456C656D656E743D224576656E745F31753261757476223E3C64633A426F756E647320783D223233322220793D22323632222077696474683D22333622206865696768743D22333622202F3E3C62706D6E64693A42504D4E4C6162656C3E3C64633A426F756E647320783D223233392220793D22333035222077696474683D22323222206865696768743D22313422202F3E3C2F62706D6E64693A42504D4E4C6162656C3E3C2F62706D6E64693A42504D4E53686170653E3C62706D6E64693A42504D4E53686170652069643D2241637469766974795F3133757130356D5F6469222062706D6E456C656D656E743D2241637469766974795F3133757130356D223E3C64633A426F756E647320783D223438302220793D22323430222077696474683D2231303022206865696768743D22383022202F3E3C2F62706D6E64693A42504D4E53686170653E3C62706D6E64693A42504D4E53686170652069643D224576656E745F30686C646A376C5F6469222062706D6E456C656D656E743D224576656E745F30686C646A376C223E3C64633A426F756E647320783D223634322220793D22323632222077696474683D22333622206865696768743D22333622202F3E3C62706D6E64693A42504D4E4C6162656C3E3C64633A426F756E647320783D223634392220793D22333035222077696474683D22323222206865696768743D22313422202F3E3C2F62706D6E64693A42504D4E4C6162656C3E3C2F62706D6E64693A42504D4E53686170653E3C2F62706D6E64693A42504D4E506C616E653E3C2F62706D6E64693A42504D4E4469616772616D3E3C2F62706D6E323A646566696E6974696F6E733E, NULL);
INSERT INTO `act_ge_bytearray` VALUES ('8885298b-cb94-11ed-8c20-2016b9c02335', 1, 'var-field111', NULL, 0xACED0005737200136A6176612E7574696C2E41727261794C6973747881D21D99C7619D03000149000473697A65787000000002770400000002737200116A6176612E6C616E672E496E746567657212E2A0A4F781873802000149000576616C7565787200106A6176612E6C616E672E4E756D62657286AC951D0B94E08B0200007870000000017371007E00020000000278, NULL);
INSERT INTO `act_ge_bytearray` VALUES ('8885298d-cb94-11ed-8c20-2016b9c02335', 1, 'hist.var-field111', NULL, 0xACED0005737200136A6176612E7574696C2E41727261794C6973747881D21D99C7619D03000149000473697A65787000000002770400000002737200116A6176612E6C616E672E496E746567657212E2A0A4F781873802000149000576616C7565787200106A6176612E6C616E672E4E756D62657286AC951D0B94E08B0200007870000000017371007E00020000000278, NULL);
INSERT INTO `act_ge_bytearray` VALUES ('8885298e-cb94-11ed-8c20-2016b9c02335', 1, 'hist.detail.var-field111', NULL, 0xACED0005737200136A6176612E7574696C2E41727261794C6973747881D21D99C7619D03000149000473697A65787000000002770400000002737200116A6176612E6C616E672E496E746567657212E2A0A4F781873802000149000576616C7565787200106A6176612E6C616E672E4E756D62657286AC951D0B94E08B0200007870000000017371007E00020000000278, NULL);
INSERT INTO `act_ge_bytearray` VALUES ('8c7a3654-ca2a-11ed-9c60-2016b9c02335', 1, 'sign.bpmn', '8c7a3653-ca2a-11ed-9c60-2016b9c02335', 0x3C3F786D6C2076657273696F6E3D22312E302220656E636F64696E673D225554462D38223F3E0A3C62706D6E323A646566696E6974696F6E7320786D6C6E733A7873693D22687474703A2F2F7777772E77332E6F72672F323030312F584D4C536368656D612D696E7374616E63652220786D6C6E733A62706D6E323D22687474703A2F2F7777772E6F6D672E6F72672F737065632F42504D4E2F32303130303532342F4D4F44454C2220786D6C6E733A62706D6E64693D22687474703A2F2F7777772E6F6D672E6F72672F737065632F42504D4E2F32303130303532342F44492220786D6C6E733A64633D22687474703A2F2F7777772E6F6D672E6F72672F737065632F44442F32303130303532342F44432220786D6C6E733A64693D22687474703A2F2F7777772E6F6D672E6F72672F737065632F44442F32303130303532342F44492220786D6C6E733A666C6F7761626C653D22687474703A2F2F666C6F7761626C652E6F72672F62706D6E222069643D226469616772616D5F50726F636573735F3136363130373633323335343322207461726765744E616D6573706163653D22687474703A2F2F666C6F7761626C652E6F72672F62706D6E223E3C62706D6E323A70726F636573732069643D227369676E22206E616D653D22E8AEBEE5A487E68AA5E4BFAE2220697345786563757461626C653D2274727565223E3C62706D6E323A757365725461736B2069643D2241637469766974795F30387432626B6522206E616D653D22E8AEBEE5A487E7BBB4E4BFAE223E3C62706D6E323A696E636F6D696E673E466C6F775F31336E723464353C2F62706D6E323A696E636F6D696E673E3C62706D6E323A6F7574676F696E673E466C6F775F306F6E727864633C2F62706D6E323A6F7574676F696E673E3C2F62706D6E323A757365725461736B3E3C62706D6E323A757365725461736B2069643D2241637469766974795F30696E3274336322206E616D653D22E8AEBEE5A487E6A380E69FA5223E3C62706D6E323A696E636F6D696E673E466C6F775F306F6E727864633C2F62706D6E323A696E636F6D696E673E3C62706D6E323A6F7574676F696E673E466C6F775F307A6E327665313C2F62706D6E323A6F7574676F696E673E3C62706D6E323A6D756C7469496E7374616E63654C6F6F7043686172616374657269737469637320666C6F7761626C653A6578636C75736976653D2266616C73652220666C6F7761626C653A636F6C6C656374696F6E3D22247B636F6C6C5F757365724C6973747D22202F3E3C2F62706D6E323A757365725461736B3E3C62706D6E323A73657175656E6365466C6F772069643D22466C6F775F306F6E727864632220736F757263655265663D2241637469766974795F30387432626B6522207461726765745265663D2241637469766974795F30696E3274336322202F3E3C62706D6E323A656E644576656E742069643D224576656E745F316A686B37313722206E616D653D22E7BB93E69D9F223E3C62706D6E323A696E636F6D696E673E466C6F775F307A6E327665313C2F62706D6E323A696E636F6D696E673E3C2F62706D6E323A656E644576656E743E3C62706D6E323A73657175656E6365466C6F772069643D22466C6F775F307A6E327665312220736F757263655265663D2241637469766974795F30696E3274336322207461726765745265663D224576656E745F316A686B37313722202F3E3C62706D6E323A73746172744576656E742069643D224576656E745F3037776D66616B223E3C62706D6E323A6F7574676F696E673E466C6F775F31717631376C6C3C2F62706D6E323A6F7574676F696E673E3C2F62706D6E323A73746172744576656E743E3C62706D6E323A757365725461736B2069643D2241637469766974795F31326E6B61787822206E616D653D22E59198E5B7A5E68AA5E4BFAE223E3C62706D6E323A696E636F6D696E673E466C6F775F31717631376C6C3C2F62706D6E323A696E636F6D696E673E3C62706D6E323A6F7574676F696E673E466C6F775F31336E723464353C2F62706D6E323A6F7574676F696E673E3C2F62706D6E323A757365725461736B3E3C62706D6E323A73657175656E6365466C6F772069643D22466C6F775F31717631376C6C2220736F757263655265663D224576656E745F3037776D66616B22207461726765745265663D2241637469766974795F31326E6B61787822202F3E3C62706D6E323A73657175656E6365466C6F772069643D22466C6F775F31336E723464352220736F757263655265663D2241637469766974795F31326E6B61787822207461726765745265663D2241637469766974795F30387432626B6522202F3E3C2F62706D6E323A70726F636573733E3C62706D6E64693A42504D4E4469616772616D2069643D2242504D4E4469616772616D5F31223E3C62706D6E64693A42504D4E506C616E652069643D227369676E5F6469222062706D6E456C656D656E743D227369676E223E3C62706D6E64693A42504D4E456467652069643D22466C6F775F307A6E327665315F6469222062706D6E456C656D656E743D22466C6F775F307A6E32766531223E3C64693A776179706F696E7420783D223737302220793D2233303022202F3E3C64693A776179706F696E7420783D223833322220793D2233303022202F3E3C2F62706D6E64693A42504D4E456467653E3C62706D6E64693A42504D4E456467652069643D22466C6F775F306F6E727864635F6469222062706D6E456C656D656E743D22466C6F775F306F6E72786463223E3C64693A776179706F696E7420783D223631302220793D2233303022202F3E3C64693A776179706F696E7420783D223637302220793D2233303022202F3E3C2F62706D6E64693A42504D4E456467653E3C62706D6E64693A42504D4E456467652069643D22466C6F775F31717631376C6C5F6469222062706D6E456C656D656E743D22466C6F775F31717631376C6C223E3C64693A776179706F696E7420783D223138382220793D2232393022202F3E3C64693A776179706F696E7420783D223234392220793D2232393022202F3E3C64693A776179706F696E7420783D223234392220793D2233303022202F3E3C64693A776179706F696E7420783D223331302220793D2233303022202F3E3C2F62706D6E64693A42504D4E456467653E3C62706D6E64693A42504D4E456467652069643D22466C6F775F31336E723464355F6469222062706D6E456C656D656E743D22466C6F775F31336E72346435223E3C64693A776179706F696E7420783D223431302220793D2233303022202F3E3C64693A776179706F696E7420783D223531302220793D2233303022202F3E3C2F62706D6E64693A42504D4E456467653E3C62706D6E64693A42504D4E53686170652069643D2241637469766974795F30387432626B655F6469222062706D6E456C656D656E743D2241637469766974795F30387432626B65223E3C64633A426F756E647320783D223531302220793D22323630222077696474683D2231303022206865696768743D22383022202F3E3C2F62706D6E64693A42504D4E53686170653E3C62706D6E64693A42504D4E53686170652069643D2241637469766974795F30696E327433635F6469222062706D6E456C656D656E743D2241637469766974795F30696E32743363223E3C64633A426F756E647320783D223637302220793D22323630222077696474683D2231303022206865696768743D22383022202F3E3C2F62706D6E64693A42504D4E53686170653E3C62706D6E64693A42504D4E53686170652069643D224576656E745F316A686B3731375F6469222062706D6E456C656D656E743D224576656E745F316A686B373137223E3C64633A426F756E647320783D223833322220793D22323832222077696474683D22333622206865696768743D22333622202F3E3C62706D6E64693A42504D4E4C6162656C3E3C64633A426F756E647320783D223833392220793D22333235222077696474683D22323222206865696768743D22313422202F3E3C2F62706D6E64693A42504D4E4C6162656C3E3C2F62706D6E64693A42504D4E53686170653E3C62706D6E64693A42504D4E53686170652069643D224576656E745F3037776D66616B5F6469222062706D6E456C656D656E743D224576656E745F3037776D66616B223E3C64633A426F756E647320783D223135322220793D22323732222077696474683D22333622206865696768743D22333622202F3E3C2F62706D6E64693A42504D4E53686170653E3C62706D6E64693A42504D4E53686170652069643D2241637469766974795F31326E6B6178785F6469222062706D6E456C656D656E743D2241637469766974795F31326E6B617878223E3C64633A426F756E647320783D223331302220793D22323630222077696474683D2231303022206865696768743D22383022202F3E3C2F62706D6E64693A42504D4E53686170653E3C2F62706D6E64693A42504D4E506C616E653E3C2F62706D6E64693A42504D4E4469616772616D3E3C2F62706D6E323A646566696E6974696F6E733E, 0);
INSERT INTO `act_ge_bytearray` VALUES ('8c8de565-ca2a-11ed-9c60-2016b9c02335', 1, 'sign.sign.png', '8c7a3653-ca2a-11ed-9c60-2016b9c02335', 0x89504E470D0A1A0A0000000D494844520000036E0000015E0806000000FDB44CE30000162349444154785EEDDDDB8F94759A07F039249BB97476672EBD99ABF91766F6662F66B29B3571E602ED8360DA340A461331029D5DDD0CA8C92E779E4624D9643D4E7625F645E39A751564495C4F109441378E0B1E00591ADA9686159091DAF747BADCF2D7D558DD0DF53E55BFCF27F9A6E1ADAAF77DA19EA7FAF97555577DE73B000000000000000000000000000000000000000000000000000000000000000000000000000000000000000000000000000000000000000000000000000000000000000000000000000000000000000000000000000000000000000000000000000000000000000000000000000000000000000000000000000000000000000000000000000000000000000000000000000000000000000000000000000000000000000000000000000000000000000000000000000000000000000000000000000000000000000000000000000000000000000000000000000000000000000000000000000000000000000000000000000000000000000000000000000000000000000000000000000000000000000000000000000000000000000000000000000000000000000000000000000000000000000000000000000000000000000000000000000000000000000000000000000000000000000000000000000000000000000000000000000000000000000000000000000000000000000000000000000000000000000000000000000000000000000000000000000000000000000000000000000000000000000000000000000000000000000000000000000000000000000000000000000000000000000000000000000000000000000000000000000000000000000000000000000000000000000000000000000000000000000000000000000000000000000000000000000000000000000000000000000000000000000000000000000000000000000000000000000000000000000000000000000000000000000000000000000000000000000000000000000000000000000000000000000000000000000000000000000000000000000000000000000000000000000000000000000000000000000000000000000000000000000000000000000000000000000000000000000000000000000000000000000000000000000000000000000000000000000000000000000000000000000000000000000000000000000000000000000000000000000000000000000000000000000000000000000000000000000000000000000000000000000000000000000000000000000000000000000000000000000000000000000000000000000000000000000000000000000000000000000000000000000000000000000000000000000000000000000000000000000000000000000000000000000000007CADD168FCC9C183079F7DEDB5D7BEDCBE7D7BE3A5975E922EA7FA7FBFB06BD7AE4F77ECD8F1ABFCFEA15EFAA3FE94DC1FEAAFFE945C7F0004530D055BAB6F4A8D63C78E35CE9C39D33877EE9C7439E9FF3DFDFFEFDCB9F36435285C93DF47D4477FD49F92FB43FDD59F92EB0F8060D24F72D337A5FC9B95743F478F1E3D510D066FE6F711F5D11F7152627FA8BF3829B1FE000826BDFCC64F726324DD0FD5607036BF8FA88FFE889312FB43FDC54989F5074030E935FCF93728A92FE9FEC8EF23EAA33F62A5B4FE507FB1525AFD01104CA783C1E9CF8F360EBEF54F8D775FBEF762D29FD3B6FC7AB2B4180C62D11FB1525A7FA8BF5829ADFE0008A693C1E0D4F491C6FE17FFAEF1CEBFAEFB46D2B674597E7D597C0C06B1E88F5829AD3FD45FAC94567F0004D3C96070E8DD893943413387DFDD36E7FAB2F8180C62D11FB1525A7FA8BF5829ADFE0008A693C1E0BF5ED934672068265D965F5F161F83412CFA23564AEB0FF5172BA5D51F00C1743218EC7F69C39C81A09974597E7D597C0C06B1E88F5829AD3FD45FAC94567F00046330881583412CFA23564AEB0FF5172BA5D51F00C1743218A47729CB078266D265F9F565F13118C4A23F62A5B4FE507FB1525AFD0197D1C99327FF746262E2DE471E79E49D8D1B379E181B1B3B73EBADB75E181C1C6CAC5EBDFAFCDAB56B67EEBEFBEE4FEEBDF7DE6DEBD6ADFBABEA26DFCDF7019D0C061FBCFAC89C81A09974597E7D597C0C06B1E88F5829AD3FD45FAC94567FC065F0C61B6FAC7EE081078EAC5AB5AA512DD61A5BB76E6DECD9B3A771E0C081C6D4D45423495FD3DFD3F674F9FAF5EB2F8C8E8E9EAB16702F0E0F0FFF24DF27E5EA6430983AB2AFB1FFDF7F33672848DBD265F9F565F13118C4A23F62A5B4FE507FB1525AFD014BB06FDFBEBF7EF4D1473FBDE5965B1ACF3DF75CE3F8F1E31717699D4AD74FB7AB16705FDE79E79DCF0E0D0DFD283F06E5E9643048F970F793730683B42DBF9E2C2D068358F447AC94D61FEA2F564AAB3F6011AA35D7F75F78E18589B4607BE289271AA74E9DCAD7640B926E9FF6333232F2C5F2E5CB7F9D1F8FB27434189C3DDBF8E03F37CF190CD2B674D99CEBCBA2633088457FC44A69FDA1FE62A5B4FA0316A85A675DF5D4534FFDE1B6DB6E6B1C3C78305F832D49DA5FB5183C333A3ABA313F2EE5F8B6C1E0D4F491C61F5E7D78CE50D04CBA2C5D27BF9D2C2E068358F447AC94D61FEA2F564AAB3F6001AAB5D5550F3DF4D0F43DF7DCD3989E9ECED75D9745DAEFD8D8D81737DE78E393F9F129C3BC83C1D9B38DA31FEC68FCFEDFFE76CE3090275D275DD74F77971E83412CFA23564AEB0FF5172BA5D51FD0A16A4DF5FDA79E7AEA83B4684B0F165752DAFFDAB56B3FBFE1861BEECECF83FED76E30F8B69FE2CE173FDD5D7A0C06B1E88F5829AD3FD45FAC94567F4087D2EFB4DD7EFBED57EC99B65C3ACECA952B67060707AFCDCF85FED66E30E8E4A7B8F325DD36DF9F741E83412CFA23564AEB0FF5172BA5D51FD081BD7BF75E93DE88E472FF4EDBB749C75BBE7CF9F475D75DF7E3FC9CE85FED0683FC9BFD4293EF4F3A8FC12016FD112BA5F587FA8B95D2EA0FE8407ACBFFF4AE8F75D8BC79F3A78383830FE6E744FF6A3718487D3118C4A23F62A5B4FE507FB1525AFD2DD6C8C8C855D52CB96C6060E0A1EAEBF62A1F56F9A24A63F66BFAFBF6D9CB97A5EBE7FB809E903E5C3B3DDB36333393AFA9BA221D77C58A15277D4877390C06B1623088457FC44A69FDA1FE62A5B4FA5BA8A1A1A15F560BB1F12AE76617699D265D7F3CDD3EDF2784F6C0030F1C191F1FCFD7535DF5E4934F1EA81A684B7E6EF4278341AC180C62D11FB1525A7FA8BF5829ADFE3A552DB87E56CD8DAFB759902D26AFA7FDE5C78070666666FE6CF5EAD58DC9C9C97C2DD555D5F1FF383C3C7C6CC3860DDFCBCF91FE6330881583412CFA23564AEB0FF5172BA5D5DFB7191919F9C1C0C0C06FABC5D6857C01B666CD9AC633CF3CD3D8B3674FE3C081038DA9A9A98B3366FA9AFE9EB6A7CBD3F5F2DBA6FDA5FDA6FDE7C784309E7FFEF98D636363D932AA1E2B57AEFCA86A9C9FE7E748FF3118C48AC12016FD112BA5F587FA8B95D2EAEF52AA19F1EAA1A1A1775A175CC3C3C38D2D5BB6340E1F3E9C8F959794AE9F6E976E9F2DE0DE4EC7C98F0D213CFCF0C3BFDFBA756B5ECFB578ECB1C752B3FC437E8EF41F8341AC180C62D11FB1525A7FA8BF5829ADFEE6532DD87E5AE548EB226BD3A64D8D43870EE5E3E482A4DBA7FD648BB743E978F93940ED366EDC78223D751CC1AE5DBBF60D0C0C4CE4E748FF3118C48AC12016FD112BA5F587FA8B95D2EAAF9DF40C58EBA22D3D4B363131918F914B92F6973DFB76C8336F84B37EFDFA33DDFEECB6F9BCFFFEFBE9A5926FE5E748FF3118C48AC12016FD112BA5F587FA8B95D2EA2F977EE7ACF5E59137DD745363EFDEBDF9087959A4FDA6FDB72CDEDEF63B6F84B27AF5EA0B9F7DF6595EBBB5989A9A3A5535C991FC1CE93F068358297D3088467FC44A69FDA1FE62A5B4FACBCDBE11C9D7CFB45DA9455B53DA7FEB336FE9F8F939416D56AC58D1387FFE7C5EB7B5A8CE63A6E5A71C4525BF5FFA9DC120564A1F0CA2D11FB1525A7FA8BF5829ADFE5ACDBEE5FF57CD5969DBB66DF9E87845A4E3B4CC685FF9A800C258B56AD5F928CFB81D3F7EFCBF070B7CC6CDC24DEA4EC9834144FA23564AEB0FF5172BA5D55FABC196CF694B6F20D24DD91B96BC9E9F1BD4E2AEBBEE9A89F23B6EEFBDF7DEEEC1027FC7CDC24DEA4EC9834144FA23564AEB0FF5172BA5D55FD3F5D75FFF8BE6C229BD7471A9EF1EB950E978AD2F994CE7939F2374DD3DF7DC7328CABB4ABEFCF2CBDB4B7C57490B37A93BA50E0651E98F5829AD3FD45FAC94567F4DD56C34DE5C34A5CF5BAB433A6ECBB36EE3F93942D76DD8B0615B94CF71BBFFFEFB539316F7396E166E52774A1D0CA2D21FB1525A7FA8BF5829ADFE92E1E1E11F56B3D1B9E6A2A9DBCFB635A5E3B62CDCCEA5F3CACF15BA6A6C6CEC2FD7AF5F7F212FD61A9CAF1A625FD5183FCFCFB1DFF5D3C2ADFAB7BC52E52FF2ED398341AC943818D4417FF466FAA53FD45F6FA65FEAAFA9933AAC2E5FD65C30AD59B3269F17BB2A1DBF65F1B62C3F57E8AA0D1B367C6FE5CA95E7262727F35AEDAAC3870FBF5A35C4D1743EF939F6BB3E5BB8351FDC2EF9C06C3088957E1B0CA2D21FBD997EE90FF5D79BE997FA6BEAA40EABED0F37AFF7F4D34FE7236357A5E3B79CF3C3F9B942D7AD5BB7EEC5F1F1F1BC56BBEABEFBEEFB5DD5105BF2732B417A30C8B7F5AA9607B74B3E301B0C62A5DF0683A8F4476FA65FFA43FDF566FAA5FE9A3AA9C3A1A1A11DCDCB77EFDE9D8F8C5D958EDF3C97745EADE709B5181E1EFEC9E8E8E89733333379BD76C5F4F4F49B55434CA6F3C8CFAD04E9C120DFD6ABDA3C20B77D603618C44ABF0D0651B5E90BFDD103E997FE685377EAAF07D22FF5D7D4A6FEE6D461F5F593E6F6BADFF93C1DBFE51C3FC9FE39508F3BEFBCF3D9279E7822AFD7AEA88EFD2F55333C989F5329D28341BEAD57B57920CE73F181D960102BFD361844D5A61FF2E88F80E997FE68536F79D45FC0F44BFD35B5A9BB3CA90EFFB7F9F7BA3F6B381DBF792E43434333F9BF076A71DD75D7FD786464E48B6EFF6463F7EEDDE9259293E9F8F93995A2CD8356DFC760102BF9FD23F527BF8FA4BEE4F74DBFC7E373ACE4F74F69397FFE7C3E3A76553A7ECBF9FC319FE1A036CB972FFFF5AA55ABCE4C4F4FE7757B454C4E4EFE47D5041F57B9363F177A53FE80DB925706BD14276CFAED27BA51B5E90BFDD103E997FE685377EAAF07D22FF5D7D4A6FEE6D4617A66ABB9DD336E7009A3A3A31BC7C6C6BE480F1657D2D9B367DF1B1E1E7EAB6A82BFC9CF81DE75A907E256D10683EA94DAA65B97D79D7E1B0CA2D21F8BBBBCEEF44B7FA8BFC55D5E77FAA5FE9A3AA9C341BFE3069DBBF1C61B9F5CBB76EDE757EA99B7C9C9C99D69D15635C03FE6C7A6B75DEA81B855C4C1E052DBAEF4E575A7DF0683A8F4C7E22EAF3BFDD21FEA6F7197D79D7EA9BFA64EEAD0BB4AC202DD70C30D778F8E8ECE5CEE9F74CCFE4EDB279E69EB4F977A206E653068BFADAEF4DB601095FE58DCE575A75FFA43FD2DEEF2BAD32FF5D7D4491D0EFA1C3758B8AA40AF5DBE7CF9F4E6CD9B3F3D75EA545ECB0BF2F9E79FBF31FBEE919369BFF9B1288BC1A0FDB6BAD26F8341AFD31FEDB7D595D2FA43FDB5DF56574AABBFA49A139735174B6BD6ACC947CAAEBAE38E3B2EB42CDC96E5E70AA10C0D0DFDA82AD40757AC5871F2F1C71F3F70FCF8F185BCBDCFF923478EBCBA71E3C68BEF1C99F693F6971F83F2180CDA6FAB2B250E0691E98FF6DBEA4A69FDA1FEDA6FAB2BA5D55F323C3CFCC36A663CD75C301D3A74289F2FBB221DB765D1762E9D577EAE1052FA70ECAA68B7540BAFC99B6FBEF9E3C71E7B6CEFAE5DBBF6BDFFFEFB9F9C3871E27455DFA72627270FBEFBEEBBBBAB079997EEBFFFFEF1EA36FBAADBFC4FBA5DA91FAE4D7B0683F6DBEA4A89834164FAA3FDB6BA525A7FA8BFF6DBEA4A69F5D754CD8EE3CD45D3962D5BF2355557A4E3B62CDCC6F373845EF0DDEBAFBFFECFAB05DCDF0F0C0C4C5485FC669543B3459DBEBE99B6A7CBD3F5D2F5F31D80C1A0FDB6BA52EA601095FE68BFADAE94D61FEAAFFDB6BA525AFD355533E42F9A8BA6E1E1E1AE3FEB968E57CDB25FBF4C329D4F7E8E0045883818B44BB72EAF3BA50E0651E98F6F5E5E774AEB0FF5F7CDCBEB4E69F5D7AA5A30BDDE5C386DDAB4295F5B5D51E9782DCFB6BD9E9F1B4031A20D06A5A7E4C12022FD112BA5F587FA8B95D2EAAFD5D0D0D0CFAA45D357CD05D4B66DDBF2F5D515918ED3B268FB2A9D477E6E00C53018C44AC9834144FA23564AEB0FF5172BA5D55F6E6060E0B7AD2F99DCBB776FBECEBAACD2FE5B5F22998E9F9F1340510C06B152FA60108DFE8895D2FA43FDC54A69F5971B1919F941B5807ABBB990BAE9A69BAED8E22DEDB73ADED7CFF0A5E3A6E3E7E70450148341AC943E1844A33F62A5B4FE507FB1525AFDB5532DA0AE1EFCFF37C2BBF8CCDBC4C444BEEE5A92B4BFD667DA668F77757E2E00C53118C48AC12016FD112BA5F587FA8B95D2EA6F3ED5A2EAA7AD8BB794F406224B7DB7C974FBEC8D482E2EDAD2F1F273002892C120560C06B1E88F5829AD3FD45FAC94567F9732FBCCDBD72F9B4C49CFBEA5CF5B3B7CF870BE26BBA474FD74BBEC59B68B2F8F4CC7C98F0D502C8341AC180C62D11FB1525A7FA8BF5829ADFEBE4DFA9DB3D9372CC9175C8D356BD6349E79E699C69E3D7B1A070E1C684C4D4D5D5CA4A5AFE9EF697BBAFC8E3BEE9873DBB4BFB45FBFD306903118C48AC12016FD112BA5F587FA8B95D2EAAF53B31F15F0F5E7BC2D31AF7BCB7F8079180C62C560108BFE8895D2FA43FDC54A69F5B750D582EB97D5C26BBCCAB9360BB24B255D7F3CDD3EDF27002D0C06B1623088457FC44A69FDA1FE62A5B4FA5BAC919191ABAA85D8B281818187AAAFDBAB7C58E58BD9455AFA9AFEBE7DF6F265E9FAF93E0068C360102B068358F447AC94D61FEA2F564AAB3F00823118C48AC12016FD112BA5F587FA8B95D2EA0F80600C06B1623088457FC44A69FDA1FE62A5B4FA0320188341AC180C62D11FB1525A7FA8BF5829ADFE0008C660102B068358F447AC94D61FBD547FA74F9F6EECDFBFFFE2D7A56C8F9CD2EA0F80607A69302821068358F447AC94D61FBD547F6911569DF2C5AF4BD91E39A5D51F00C1F4D26050420C06B1E88F5829AD3F7AA9FEE65B882D747BE494567F0004D34B8341093118C4A23F62A5B4FEE8A5FA9B6F21B6D0ED91535AFD01104C2F0D0625C460108BFE8895D2FAA397EA6FBE85D842B7474E69F5074030BD3418941083412CFA23564AEB8F5EAABFF916620BDD1E39A5D51F00C1F4D26050420C06B1E88F5829AD3F7AA9FEE65B882D747BE494567F0004D34B8341093118C4A23F62A5B4FEE8A5FA9B6F21B6D0ED91535AFD01104C2F0D0625C460108BFE8895D2FAA397EA6FBE85D842B7474E69F5074030BD3418941083412CFA23564AEB8F5EAABFF916620BDD1E39A5D51F00C1F4D26050420C06B1E88F5829AD3F7AA9FEE65B882D747BE494567F0004D34B8341093118C4A23F62A5B4FEE8A5FA9B6F21B6D0ED91535AFD01104C2F0D0625C460108BFE8895D2FAA397EA6FBE85D842B7474E69F5074030DBB76FBF70E6CC9939DFA0A4FBA9EE874FABC1E06C7E1F511FFD112725F6472FD5DF7C0BB1856E8F9A12EB0F806076EDDAF5E9B163C7E67C9392EEE7E38F3FFEE76A307833BF8FA88FFE889312FBA397EAEFF4E9D3171761E9EB52B6474D89F50740303B76ECF8D5CE9D3B4F1E3D7AF444AFFC64B7DF52FDBF1FFDE8A38F7E570D059F54B926BF8FA88FFEA83F25F787FAAB3F25D71F0001A56F46E9278955CEA5D7F04BD793FEDFD3FFBFA120A074BFCCDE3FFAA39E14DD1FE9DF3DFBEF577FF5A4E8FA030000000000000000000000000000000000000000000000000000000000002E93FF03377926F5D070B5F30000000049454E44AE426082, 1);
INSERT INTO `act_ge_bytearray` VALUES ('b0dad1e8-ca23-11ed-9c60-2016b9c02335', 1, 'sign.bpmn', 'b0dad1e7-ca23-11ed-9c60-2016b9c02335', 0x3C3F786D6C2076657273696F6E3D22312E302220656E636F64696E673D225554462D38223F3E0A3C62706D6E323A646566696E6974696F6E7320786D6C6E733A7873693D22687474703A2F2F7777772E77332E6F72672F323030312F584D4C536368656D612D696E7374616E63652220786D6C6E733A62706D6E323D22687474703A2F2F7777772E6F6D672E6F72672F737065632F42504D4E2F32303130303532342F4D4F44454C2220786D6C6E733A62706D6E64693D22687474703A2F2F7777772E6F6D672E6F72672F737065632F42504D4E2F32303130303532342F44492220786D6C6E733A64633D22687474703A2F2F7777772E6F6D672E6F72672F737065632F44442F32303130303532342F44432220786D6C6E733A64693D22687474703A2F2F7777772E6F6D672E6F72672F737065632F44442F32303130303532342F44492220786D6C6E733A666C6F7761626C653D22687474703A2F2F666C6F7761626C652E6F72672F62706D6E222069643D226469616772616D5F50726F636573735F3136363130373633323335343322207461726765744E616D6573706163653D22687474703A2F2F666C6F7761626C652E6F72672F62706D6E223E3C62706D6E323A70726F636573732069643D227369676E22206E616D653D22E8AEBEE5A487E68AA5E4BFAE2220697345786563757461626C653D2274727565223E3C62706D6E323A757365725461736B2069643D2241637469766974795F30387432626B6522206E616D653D22E8AEBEE5A487E7BBB4E4BFAE223E3C62706D6E323A696E636F6D696E673E466C6F775F31336E723464353C2F62706D6E323A696E636F6D696E673E3C62706D6E323A6F7574676F696E673E466C6F775F306F6E727864633C2F62706D6E323A6F7574676F696E673E3C2F62706D6E323A757365725461736B3E3C62706D6E323A757365725461736B2069643D2241637469766974795F30696E3274336322206E616D653D22E8AEBEE5A487E6A380E69FA5223E3C62706D6E323A696E636F6D696E673E466C6F775F306F6E727864633C2F62706D6E323A696E636F6D696E673E3C62706D6E323A6F7574676F696E673E466C6F775F307A6E327665313C2F62706D6E323A6F7574676F696E673E3C62706D6E323A6D756C7469496E7374616E63654C6F6F7043686172616374657269737469637320666C6F7761626C653A6578636C75736976653D2266616C73652220666C6F7761626C653A636F6C6C656374696F6E3D22247B636F6C6C5F757365724C6973747D22202F3E3C2F62706D6E323A757365725461736B3E3C62706D6E323A73657175656E6365466C6F772069643D22466C6F775F306F6E727864632220736F757263655265663D2241637469766974795F30387432626B6522207461726765745265663D2241637469766974795F30696E3274336322202F3E3C62706D6E323A656E644576656E742069643D224576656E745F316A686B37313722206E616D653D22E7BB93E69D9F223E3C62706D6E323A696E636F6D696E673E466C6F775F307A6E327665313C2F62706D6E323A696E636F6D696E673E3C2F62706D6E323A656E644576656E743E3C62706D6E323A73657175656E6365466C6F772069643D22466C6F775F307A6E327665312220736F757263655265663D2241637469766974795F30696E3274336322207461726765745265663D224576656E745F316A686B37313722202F3E3C62706D6E323A73746172744576656E742069643D224576656E745F3037776D66616B223E3C62706D6E323A6F7574676F696E673E466C6F775F31717631376C6C3C2F62706D6E323A6F7574676F696E673E3C2F62706D6E323A73746172744576656E743E3C62706D6E323A757365725461736B2069643D2241637469766974795F31326E6B61787822206E616D653D22E59198E5B7A5E68AA5E4BFAE223E3C62706D6E323A696E636F6D696E673E466C6F775F31717631376C6C3C2F62706D6E323A696E636F6D696E673E3C62706D6E323A6F7574676F696E673E466C6F775F31336E723464353C2F62706D6E323A6F7574676F696E673E3C2F62706D6E323A757365725461736B3E3C62706D6E323A73657175656E6365466C6F772069643D22466C6F775F31717631376C6C2220736F757263655265663D224576656E745F3037776D66616B22207461726765745265663D2241637469766974795F31326E6B61787822202F3E3C62706D6E323A73657175656E6365466C6F772069643D22466C6F775F31336E723464352220736F757263655265663D2241637469766974795F31326E6B61787822207461726765745265663D2241637469766974795F30387432626B6522202F3E3C2F62706D6E323A70726F636573733E3C62706D6E64693A42504D4E4469616772616D2069643D2242504D4E4469616772616D5F31223E3C62706D6E64693A42504D4E506C616E652069643D227369676E5F6469222062706D6E456C656D656E743D227369676E223E3C62706D6E64693A42504D4E456467652069643D22466C6F775F307A6E327665315F6469222062706D6E456C656D656E743D22466C6F775F307A6E32766531223E3C64693A776179706F696E7420783D223737302220793D2233303022202F3E3C64693A776179706F696E7420783D223833322220793D2233303022202F3E3C2F62706D6E64693A42504D4E456467653E3C62706D6E64693A42504D4E456467652069643D22466C6F775F306F6E727864635F6469222062706D6E456C656D656E743D22466C6F775F306F6E72786463223E3C64693A776179706F696E7420783D223631302220793D2233303022202F3E3C64693A776179706F696E7420783D223637302220793D2233303022202F3E3C2F62706D6E64693A42504D4E456467653E3C62706D6E64693A42504D4E456467652069643D22466C6F775F31717631376C6C5F6469222062706D6E456C656D656E743D22466C6F775F31717631376C6C223E3C64693A776179706F696E7420783D223138382220793D2232393022202F3E3C64693A776179706F696E7420783D223234392220793D2232393022202F3E3C64693A776179706F696E7420783D223234392220793D2233303022202F3E3C64693A776179706F696E7420783D223331302220793D2233303022202F3E3C2F62706D6E64693A42504D4E456467653E3C62706D6E64693A42504D4E456467652069643D22466C6F775F31336E723464355F6469222062706D6E456C656D656E743D22466C6F775F31336E72346435223E3C64693A776179706F696E7420783D223431302220793D2233303022202F3E3C64693A776179706F696E7420783D223531302220793D2233303022202F3E3C2F62706D6E64693A42504D4E456467653E3C62706D6E64693A42504D4E53686170652069643D2241637469766974795F30387432626B655F6469222062706D6E456C656D656E743D2241637469766974795F30387432626B65223E3C64633A426F756E647320783D223531302220793D22323630222077696474683D2231303022206865696768743D22383022202F3E3C2F62706D6E64693A42504D4E53686170653E3C62706D6E64693A42504D4E53686170652069643D2241637469766974795F30696E327433635F6469222062706D6E456C656D656E743D2241637469766974795F30696E32743363223E3C64633A426F756E647320783D223637302220793D22323630222077696474683D2231303022206865696768743D22383022202F3E3C2F62706D6E64693A42504D4E53686170653E3C62706D6E64693A42504D4E53686170652069643D224576656E745F316A686B3731375F6469222062706D6E456C656D656E743D224576656E745F316A686B373137223E3C64633A426F756E647320783D223833322220793D22323832222077696474683D22333622206865696768743D22333622202F3E3C62706D6E64693A42504D4E4C6162656C3E3C64633A426F756E647320783D223833392220793D22333235222077696474683D22323222206865696768743D22313422202F3E3C2F62706D6E64693A42504D4E4C6162656C3E3C2F62706D6E64693A42504D4E53686170653E3C62706D6E64693A42504D4E53686170652069643D224576656E745F3037776D66616B5F6469222062706D6E456C656D656E743D224576656E745F3037776D66616B223E3C64633A426F756E647320783D223135322220793D22323732222077696474683D22333622206865696768743D22333622202F3E3C2F62706D6E64693A42504D4E53686170653E3C62706D6E64693A42504D4E53686170652069643D2241637469766974795F31326E6B6178785F6469222062706D6E456C656D656E743D2241637469766974795F31326E6B617878223E3C64633A426F756E647320783D223331302220793D22323630222077696474683D2231303022206865696768743D22383022202F3E3C2F62706D6E64693A42504D4E53686170653E3C2F62706D6E64693A42504D4E506C616E653E3C2F62706D6E64693A42504D4E4469616772616D3E3C2F62706D6E323A646566696E6974696F6E733E, 0);
INSERT INTO `act_ge_bytearray` VALUES ('b10e6509-ca23-11ed-9c60-2016b9c02335', 1, 'sign.sign.png', 'b0dad1e7-ca23-11ed-9c60-2016b9c02335', 0x89504E470D0A1A0A0000000D494844520000036E0000015E0806000000FDB44CE30000162349444154785EEDDDDB8F94759A07F039249BB97476672EBD99ABF91766F6662F66B29B3571E602ED8360DA340A461331029D5DDD0CA8C92E779E4624D9643D4E7625F645E39A751564495C4F109441378E0B1E00591ADA9686159091DAF747BADCF2D7D558DD0DF53E55BFCF27F9A6E1ADAAF77DA19EA7FAF97555577DE73B000000000000000000000000000000000000000000000000000000000000000000000000000000000000000000000000000000000000000000000000000000000000000000000000000000000000000000000000000000000000000000000000000000000000000000000000000000000000000000000000000000000000000000000000000000000000000000000000000000000000000000000000000000000000000000000000000000000000000000000000000000000000000000000000000000000000000000000000000000000000000000000000000000000000000000000000000000000000000000000000000000000000000000000000000000000000000000000000000000000000000000000000000000000000000000000000000000000000000000000000000000000000000000000000000000000000000000000000000000000000000000000000000000000000000000000000000000000000000000000000000000000000000000000000000000000000000000000000000000000000000000000000000000000000000000000000000000000000000000000000000000000000000000000000000000000000000000000000000000000000000000000000000000000000000000000000000000000000000000000000000000000000000000000000000000000000000000000000000000000000000000000000000000000000000000000000000000000000000000000000000000000000000000000000000000000000000000000000000000000000000000000000000000000000000000000000000000000000000000000000000000000000000000000000000000000000000000000000000000000000000000000000000000000000000000000000000000000000000000000000000000000000000000000000000000000000000000000000000000000000000000000000000000000000000000000000000000000000000000000000000000000000000000000000000000000000000000000000000000000000000000000000000000000000000000000000000000000000000000000000000000000000000000000000000000000000000000000000000000000000000000000000000000000000000000000000000000000000000000000000000000000000000000000000000000000000000000000000000000000000000000000000000000000000000000007CADD168FCC9C183079F7DEDB5D7BEDCBE7D7BE3A5975E922EA7FA7FBFB06BD7AE4F77ECD8F1ABFCFEA15EFAA3FE94DC1FEAAFFE945C7F0004530D055BAB6F4A8D63C78E35CE9C39D33877EE9C7439E9FF3DFDFFEFDCB9F36435285C93DF47D4477FD49F92FB43FDD59F92EB0F8060D24F72D337A5FC9B95743F478F1E3D510D066FE6F711F5D11F7152627FA8BF3829B1FE000826BDFCC64F726324DD0FD5607036BF8FA88FFE889312FB43FDC54989F5074030E935FCF93728A92FE9FEC8EF23EAA33F62A5B4FE507FB1525AFD01104CA783C1E9CF8F360EBEF54F8D775FBEF762D29FD3B6FC7AB2B4180C62D11FB1525A7FA8BF5829ADFE0008A693C1E0D4F491C6FE17FFAEF1CEBFAEFB46D2B674597E7D597C0C06B1E88F5829AD3FD45FAC94567F0004D3C96070E8DD893943413387DFDD36E7FAB2F8180C62D11FB1525A7FA8BF5829ADFE0008A693C1E0BF5ED934672068265D965F5F161F83412CFA23564AEB0FF5172BA5D51F00C1743218EC7F69C39C81A09974597E7D597C0C06B1E88F5829AD3FD45FAC94567F00046330881583412CFA23564AEB0FF5172BA5D51F00C1743218A47729CB078266D265F9F565F13118C4A23F62A5B4FE507FB1525AFD0197D1C99327FF746262E2DE471E79E49D8D1B379E181B1B3B73EBADB75E181C1C6CAC5EBDFAFCDAB56B67EEBEFBEE4FEEBDF7DE6DEBD6ADFBABEA26DFCDF7019D0C061FBCFAC89C81A09974597E7D597C0C06B1E88F5829AD3FD45FAC94567FC065F0C61B6FAC7EE081078EAC5AB5AA512DD61A5BB76E6DECD9B3A771E0C081C6D4D45423495FD3DFD3F674F9FAF5EB2F8C8E8E9EAB16702F0E0F0FFF24DF27E5EA6430983AB2AFB1FFDF7F33672848DBD265F9F565F13118C4A23F62A5B4FE507FB1525AFD014BB06FDFBEBF7EF4D1473FBDE5965B1ACF3DF75CE3F8F1E31717699D4AD74FB7AB16705FDE79E79DCF0E0D0DFD283F06E5E9643048F970F793730683B42DBF9E2C2D068358F447AC94D61FEA2F564AAB3F6011AA35D7F75F78E18589B4607BE289271AA74E9DCAD7640B926E9FF6333232F2C5F2E5CB7F9D1F8FB27434189C3DDBF8E03F37CF190CD2B674D99CEBCBA2633088457FC44A69FDA1FE62A5B4FA0316A85A675DF5D4534FFDE1B6DB6E6B1C3C78305F832D49DA5FB5183C333A3ABA313F2EE5F8B6C1E0D4F491C61F5E7D78CE50D04CBA2C5D27BF9D2C2E068358F447AC94D61FEA2F564AAB3F6001AAB5D5550F3DF4D0F43DF7DCD3989E9ECED75D9745DAEFD8D8D81737DE78E393F9F129C3BC83C1D9B38DA31FEC68FCFEDFFE76CE3090275D275DD74F77971E83412CFA23564AEB0FF5172BA5D51FD0A16A4DF5FDA79E7AEA83B4684B0F165752DAFFDAB56B3FBFE1861BEECECF83FED76E30F8B69FE2CE173FDD5D7A0C06B1E88F5829AD3FD45FAC94567F4087D2EFB4DD7EFBED57EC99B65C3ACECA952B67060707AFCDCF85FED66E30E8E4A7B8F325DD36DF9F741E83412CFA23564AEB0FF5172BA5D51FD081BD7BF75E93DE88E472FF4EDBB749C75BBE7CF9F475D75DF7E3FC9CE85FED0683FC9BFD4293EF4F3A8FC12016FD112BA5F587FA8B95D2EA0FE8407ACBFFF4AE8F75D8BC79F3A78383830FE6E744FF6A3718487D3118C4A23F62A5B4FE507FB1525AFD2DD6C8C8C855D52CB96C6060E0A1EAEBF62A1F56F9A24A63F66BFAFBF6D9CB97A5EBE7FB809E903E5C3B3DDB36333393AFA9BA221D77C58A15277D4877390C06B1623088457FC44A69FDA1FE62A5B4FA5BA8A1A1A15F560BB1F12AE76617699D265D7F3CDD3EDF2784F6C0030F1C191F1FCFD7535DF5E4934F1EA81A684B7E6EF4278341AC180C62D11FB1525A7FA8BF5829ADFE3A552DB87E56CD8DAFB759902D26AFA7FDE5C78070666666FE6CF5EAD58DC9C9C97C2DD555D5F1FF383C3C7C6CC3860DDFCBCF91FE6330881583412CFA23564AEB0FF5172BA5D5DFB7191919F9C1C0C0C06FABC5D6857C01B666CD9AC633CF3CD3D8B3674FE3C081038DA9A9A98B3366FA9AFE9EB6A7CBD3F5F2DBA6FDA5FDA6FDE7C784309E7FFEF98D636363D932AA1E2B57AEFCA86A9C9FE7E748FF3118C48AC12016FD112BA5F587FA8B95D2EAEF52AA19F1EAA1A1A1775A175CC3C3C38D2D5BB6340E1F3E9C8F959794AE9F6E976E9F2DE0DE4EC7C98F0D213CFCF0C3BFDFBA756B5ECFB578ECB1C752B3FC437E8EF41F8341AC180C62D11FB1525A7FA8BF5829ADFEE6532DD87E5AE548EB226BD3A64D8D43870EE5E3E482A4DBA7FD648BB743E978F93940ED366EDC78223D751CC1AE5DBBF60D0C0C4CE4E748FF3118C48AC12016FD112BA5F587FA8B95D2EAAF9DF40C58EBA22D3D4B363131918F914B92F6973DFB76C8336F84B37EFDFA33DDFEECB6F9BCFFFEFBE9A5926FE5E748FF3118C48AC12016FD112BA5F587FA8B95D2EA2F977EE7ACF5E59137DD745363EFDEBDF9087959A4FDA6FDB72CDEDEF63B6F84B27AF5EA0B9F7DF6595EBBB5989A9A3A5535C991FC1CE93F068358297D3088467FC44A69FDA1FE62A5B4FACBCDBE11C9D7CFB45DA9455B53DA7FEB336FE9F8F939416D56AC58D1387FFE7C5EB7B5A8CE63A6E5A71C4525BF5FFA9DC120564A1F0CA2D11FB1525A7FA8BF5829ADFE5ACDBEE5FF57CD5969DBB66DF9E87845A4E3B4CC685FF9A800C258B56AD5F928CFB81D3F7EFCBF070B7CC6CDC24DEA4EC9834144FA23564AEB0FF5172BA5D55FABC196CF694B6F20D24DD91B96BC9E9F1BD4E2AEBBEE9A89F23B6EEFBDF7DEEEC1027FC7CDC24DEA4EC9834144FA23564AEB0FF5172BA5D55FD3F5D75FFF8BE6C229BD7471A9EF1EB950E978AD2F994CE7939F2374DD3DF7DC7328CABB4ABEFCF2CBDB4B7C57490B37A93BA50E0651E98F5829AD3FD45FAC94567F4DD56C34DE5C34A5CF5BAB433A6ECBB36EE3F93942D76DD8B0615B94CF71BBFFFEFB539316F7396E166E52774A1D0CA2D21FB1525A7FA8BF5829ADFE92E1E1E11F56B3D1B9E6A2A9DBCFB635A5E3B62CDCCEA5F3CACF15BA6A6C6CEC2FD7AF5F7F212FD61A9CAF1A625FD5183FCFCFB1DFF5D3C2ADFAB7BC52E52FF2ED398341AC943818D4417FF466FAA53FD45F6FA65FEAAFA9933AAC2E5FD65C30AD59B3269F17BB2A1DBF65F1B62C3F57E8AA0D1B367C6FE5CA95E7262727F35AEDAAC3870FBF5A35C4D1743EF939F6BB3E5BB8351FDC2EF9C06C3088957E1B0CA2D21FBD997EE90FF5D79BE997FA6BEAA40EABED0F37AFF7F4D34FE7236357A5E3B79CF3C3F9B942D7AD5BB7EEC5F1F1F1BC56BBEABEFBEEFB5DD5105BF2732B417A30C8B7F5AA9607B74B3E301B0C62A5DF0683A8F4476FA65FFA43FDF566FAA5FE9A3AA9C3A1A1A11DCDCB77EFDE9D8F8C5D958EDF3C97745EADE709B5181E1EFEC9E8E8E89733333379BD76C5F4F4F49B55434CA6F3C8CFAD04E9C120DFD6ABDA3C20B77D603618C44ABF0D0651B5E90BFDD103E997FE685377EAAF07D22FF5D7D4A6FEE6D461F5F593E6F6BADFF93C1DBFE51C3FC9FE39508F3BEFBCF3D9279E7822AFD7AEA88EFD2F55333C989F5329D28341BEAD57B57920CE73F181D960102BFD361844D5A61FF2E88F80E997FE68536F79D45FC0F44BFD35B5A9BB3CA90EFFB7F9F7BA3F6B381DBF792E43434333F9BF076A71DD75D7FD786464E48B6EFF6463F7EEDDE9259293E9F8F93995A2CD8356DFC760102BF9FD23F527BF8FA4BEE4F74DBFC7E373ACE4F74F69397FFE7C3E3A76553A7ECBF9FC319FE1A036CB972FFFF5AA55ABCE4C4F4FE7757B454C4E4EFE47D5041F57B9363F177A53FE80DB925706BD14276CFAED27BA51B5E90BFDD103E997FE685377EAAF07D22FF5D7D4A6FEE6D4617A66ABB9DD336E7009A3A3A31BC7C6C6BE480F1657D2D9B367DF1B1E1E7EAB6A82BFC9CF81DE75A907E256D10683EA94DAA65B97D79D7E1B0CA2D21F8BBBBCEEF44B7FA8BFC55D5E77FAA5FE9A3AA9C341BFE3069DBBF1C61B9F5CBB76EDE757EA99B7C9C9C99D69D15635C03FE6C7A6B75DEA81B855C4C1E052DBAEF4E575A7DF0683A8F4C7E22EAF3BFDD21FEA6F7197D79D7EA9BFA64EEAD0BB4AC202DD70C30D778F8E8ECE5CEE9F74CCFE4EDB279E69EB4F977A206E653068BFADAEF4DB601095FE58DCE575A75FFA43FD2DEEF2BAD32FF5D7D4491D0EFA1C3758B8AA40AF5DBE7CF9F4E6CD9B3F3D75EA545ECB0BF2F9E79FBF31FBEE919369BFF9B1288BC1A0FDB6BAD26F8341AFD31FEDB7D595D2FA43FDB5DF56574AABBFA49A139735174B6BD6ACC947CAAEBAE38E3B2EB42CDC96E5E70AA10C0D0DFDA82AD40757AC5871F2F1C71F3F70FCF8F185BCBDCFF923478EBCBA71E3C68BEF1C99F693F6971F83F2180CDA6FAB2B250E0691E98FF6DBEA4A69FDA1FEDA6FAB2BA5D55F323C3CFCC36A663CD75C301D3A74289F2FBB221DB765D1762E9D577EAE1052FA70ECAA68B7540BAFC99B6FBEF9E3C71E7B6CEFAE5DBBF6BDFFFEFB9F9C3871E27455DFA72627270FBEFBEEBBBBAB079997EEBFFFFEF1EA36FBAADBFC4FBA5DA91FAE4D7B0683F6DBEA4A89834164FAA3FDB6BA525A7FA8BFF6DBEA4A69F5D754CD8EE3CD45D3962D5BF2355557A4E3B62CDCC6F373845EF0DDEBAFBFFECFAB05DCDF0F0C0C4C5485FC669543B3459DBEBE99B6A7CBD3F5D2F5F31D80C1A0FDB6BA52EA601095FE68BFADAE94D61FEAAFFDB6BA525AFD355533E42F9A8BA6E1E1E1AE3FEB968E57CDB25FBF4C329D4F7E8E0045883818B44BB72EAF3BA50E0651E98F6F5E5E774AEB0FF5F7CDCBEB4E69F5D7AA5A30BDDE5C386DDAB4295F5B5D51E9782DCFB6BD9E9F1B4031A20D06A5A7E4C12022FD112BA5F587FA8B95D2EAAFD5D0D0D0CFAA45D357CD05D4B66DDBF2F5D515918ED3B268FB2A9D477E6E00C53018C44AC9834144FA23564AEB0FF5172BA5D55F6E6060E0B7AD2F99DCBB776FBECEBAACD2FE5B5F22998E9F9F1340510C06B152FA60108DFE8895D2FA43FDC54A69F5971B1919F941B5807ABBB990BAE9A69BAED8E22DEDB73ADED7CFF0A5E3A6E3E7E70450148341AC943E1844A33F62A5B4FE507FB1525AFDB5532DA0AE1EFCFF37C2BBF8CCDBC4C444BEEE5A92B4BFD667DA668F77757E2E00C53118C48AC12016FD112BA5F587FA8B95D2EA6F3ED5A2EAA7AD8BB794F406224B7DB7C974FBEC8D482E2EDAD2F1F273002892C120560C06B1E88F5829AD3FD45FAC94567F9732FBCCDBD72F9B4C49CFBEA5CF5B3B7CF870BE26BBA474FD74BBEC59B68B2F8F4CC7C98F0D502C8341AC180C62D11FB1525A7FA8BF5829ADFEBE4DFA9DB3D9372CC9175C8D356BD6349E79E699C69E3D7B1A070E1C684C4D4D5D5CA4A5AFE9EF697BBAFC8E3BEE9873DBB4BFB45FBFD306903118C48AC12016FD112BA5F587FA8B95D2EAAF53B31F15F0F5E7BC2D31AF7BCB7F8079180C62C560108BFE8895D2FA43FDC54A69F5B750D582EB97D5C26BBCCAB9360BB24B255D7F3CDD3EDF27002D0C06B1623088457FC44A69FDA1FE62A5B4FA5BAC919191ABAA85D8B281818187AAAFDBAB7C58E58BD9455AFA9AFEBE7DF6F265E9FAF93E0068C360102B068358F447AC94D61FEA2F564AAB3F00823118C48AC12016FD112BA5F587FA8B95D2EA0F80600C06B1623088457FC44A69FDA1FE62A5B4FA0320188341AC180C62D11FB1525A7FA8BF5829ADFE0008C660102B068358F447AC94D61FBD547FA74F9F6EECDFBFFFE2D7A56C8F9CD2EA0F80607A69302821068358F447AC94D61FBD547F6911569DF2C5AF4BD91E39A5D51F00C1F4D26050420C06B1E88F5829AD3F7AA9FEE65B882D747BE494567F0004D34B8341093118C4A23F62A5B4FEE8A5FA9B6F21B6D0ED91535AFD01104C2F0D0625C460108BFE8895D2FAA397EA6FBE85D842B7474E69F5074030BD3418941083412CFA23564AEB8F5EAABFF916620BDD1E39A5D51F00C1F4D26050420C06B1E88F5829AD3F7AA9FEE65B882D747BE494567F0004D34B8341093118C4A23F62A5B4FEE8A5FA9B6F21B6D0ED91535AFD01104C2F0D0625C460108BFE8895D2FAA397EA6FBE85D842B7474E69F5074030BD3418941083412CFA23564AEB8F5EAABFF916620BDD1E39A5D51F00C1F4D26050420C06B1E88F5829AD3F7AA9FEE65B882D747BE494567F0004D34B8341093118C4A23F62A5B4FEE8A5FA9B6F21B6D0ED91535AFD01104C2F0D0625C460108BFE8895D2FAA397EA6FBE85D842B7474E69F5074030DBB76FBF70E6CC9939DFA0A4FBA9EE874FABC1E06C7E1F511FFD112725F6472FD5DF7C0BB1856E8F9A12EB0F806076EDDAF5E9B163C7E67C9392EEE7E38F3FFEE76A307833BF8FA88FFE889312FBA397EAEFF4E9D3171761E9EB52B6474D89F50740303B76ECF8D5CE9D3B4F1E3D7AF444AFFC64B7DF52FDBF1FFDE8A38F7E570D059F54B926BF8FA88FFEA83F25F787FAAB3F25D71F0001A56F46E9278955CEA5D7F04BD793FEDFD3FFBFA120A074BFCCDE3FFAA39E14DD1FE9DF3DFBEF577FF5A4E8FA030000000000000000000000000000000000000000000000000000000000002E93FF03377926F5D070B5F30000000049454E44AE426082, 1);
INSERT INTO `act_ge_bytearray` VALUES ('b541c9d1-cb90-11ed-aa70-2016b9c02335', 1, 'repair.bpmn', 'b541c9d0-cb90-11ed-aa70-2016b9c02335', 0x3C3F786D6C2076657273696F6E3D22312E302220656E636F64696E673D225554462D38223F3E0A3C62706D6E323A646566696E6974696F6E7320786D6C6E733A7873693D22687474703A2F2F7777772E77332E6F72672F323030312F584D4C536368656D612D696E7374616E63652220786D6C6E733A62706D6E323D22687474703A2F2F7777772E6F6D672E6F72672F737065632F42504D4E2F32303130303532342F4D4F44454C2220786D6C6E733A62706D6E64693D22687474703A2F2F7777772E6F6D672E6F72672F737065632F42504D4E2F32303130303532342F44492220786D6C6E733A64633D22687474703A2F2F7777772E6F6D672E6F72672F737065632F44442F32303130303532342F44432220786D6C6E733A64693D22687474703A2F2F7777772E6F6D672E6F72672F737065632F44442F32303130303532342F4449222069643D226469616772616D5F50726F636573735F3136373936353239323334343522207461726765744E616D6573706163653D22687474703A2F2F666C6F7761626C652E6F72672F62706D6E223E3C62706D6E323A70726F636573732069643D2272657061697222206E616D653D22E8AEBEE5A487E7BBB4E4BFAE2220697345786563757461626C653D2274727565223E3C62706D6E323A73746172744576656E742069643D224576656E745F31343930636367223E3C62706D6E323A6F7574676F696E673E466C6F775F30326F313977323C2F62706D6E323A6F7574676F696E673E3C2F62706D6E323A73746172744576656E743E3C62706D6E323A656E644576656E742069643D224576656E745F3172706D396874223E3C62706D6E323A696E636F6D696E673E466C6F775F307676303977393C2F62706D6E323A696E636F6D696E673E3C2F62706D6E323A656E644576656E743E3C62706D6E323A757365725461736B2069643D2241637469766974795F313268686F793522206E616D653D22E59198E5B7A5E68AA5E4BFAE223E3C62706D6E323A696E636F6D696E673E466C6F775F30326F313977323C2F62706D6E323A696E636F6D696E673E3C62706D6E323A6F7574676F696E673E466C6F775F307338353665393C2F62706D6E323A6F7574676F696E673E3C2F62706D6E323A757365725461736B3E3C62706D6E323A757365725461736B2069643D2241637469766974795F3078683964776322206E616D653D22E8AEBEE5A487E7BBB4E4BFAE223E3C62706D6E323A696E636F6D696E673E466C6F775F307338353665393C2F62706D6E323A696E636F6D696E673E3C62706D6E323A6F7574676F696E673E466C6F775F30317063376B783C2F62706D6E323A6F7574676F696E673E3C2F62706D6E323A757365725461736B3E3C62706D6E323A757365725461736B2069643D2241637469766974795F316E653374686422206E616D653D22E7BB93E69E9CE6A380E6B58B223E3C62706D6E323A696E636F6D696E673E466C6F775F30317063376B783C2F62706D6E323A696E636F6D696E673E3C62706D6E323A6F7574676F696E673E466C6F775F307676303977393C2F62706D6E323A6F7574676F696E673E3C2F62706D6E323A757365725461736B3E3C62706D6E323A73657175656E6365466C6F772069643D22466C6F775F30326F313977322220736F757263655265663D224576656E745F3134393063636722207461726765745265663D2241637469766974795F313268686F793522202F3E3C62706D6E323A73657175656E6365466C6F772069643D22466C6F775F307338353665392220736F757263655265663D2241637469766974795F313268686F793522207461726765745265663D2241637469766974795F3078683964776322202F3E3C62706D6E323A73657175656E6365466C6F772069643D22466C6F775F30317063376B782220736F757263655265663D2241637469766974795F3078683964776322207461726765745265663D2241637469766974795F316E653374686422202F3E3C62706D6E323A73657175656E6365466C6F772069643D22466C6F775F307676303977392220736F757263655265663D2241637469766974795F316E653374686422207461726765745265663D224576656E745F3172706D39687422202F3E3C2F62706D6E323A70726F636573733E3C62706D6E64693A42504D4E4469616772616D2069643D2242504D4E4469616772616D5F31223E3C62706D6E64693A42504D4E506C616E652069643D227265706169725F6469222062706D6E456C656D656E743D22726570616972223E3C62706D6E64693A42504D4E456467652069643D22466C6F775F30326F313977325F6469222062706D6E456C656D656E743D22466C6F775F30326F31397732223E3C64693A776179706F696E7420783D223230382220793D2232393022202F3E3C64693A776179706F696E7420783D223331302220793D2232393022202F3E3C2F62706D6E64693A42504D4E456467653E3C62706D6E64693A42504D4E456467652069643D22466C6F775F307338353665395F6469222062706D6E456C656D656E743D22466C6F775F30733835366539223E3C64693A776179706F696E7420783D223431302220793D2232393022202F3E3C64693A776179706F696E7420783D223533302220793D2232393022202F3E3C2F62706D6E64693A42504D4E456467653E3C62706D6E64693A42504D4E456467652069643D22466C6F775F30317063376B785F6469222062706D6E456C656D656E743D22466C6F775F30317063376B78223E3C64693A776179706F696E7420783D223633302220793D2232393022202F3E3C64693A776179706F696E7420783D223734302220793D2232393022202F3E3C2F62706D6E64693A42504D4E456467653E3C62706D6E64693A42504D4E456467652069643D22466C6F775F307676303977395F6469222062706D6E456C656D656E743D22466C6F775F30767630397739223E3C64693A776179706F696E7420783D223834302220793D2232393022202F3E3C64693A776179706F696E7420783D223933322220793D2232393022202F3E3C2F62706D6E64693A42504D4E456467653E3C62706D6E64693A42504D4E53686170652069643D224576656E745F313439306363675F6469222062706D6E456C656D656E743D224576656E745F31343930636367223E3C64633A426F756E647320783D223137322220793D22323732222077696474683D22333622206865696768743D22333622202F3E3C2F62706D6E64693A42504D4E53686170653E3C62706D6E64693A42504D4E53686170652069643D224576656E745F3172706D3968745F6469222062706D6E456C656D656E743D224576656E745F3172706D396874223E3C64633A426F756E647320783D223933322220793D22323732222077696474683D22333622206865696768743D22333622202F3E3C2F62706D6E64693A42504D4E53686170653E3C62706D6E64693A42504D4E53686170652069643D2241637469766974795F313268686F79355F6469222062706D6E456C656D656E743D2241637469766974795F313268686F7935223E3C64633A426F756E647320783D223331302220793D22323530222077696474683D2231303022206865696768743D22383022202F3E3C2F62706D6E64693A42504D4E53686170653E3C62706D6E64693A42504D4E53686170652069643D2241637469766974795F307868396477635F6469222062706D6E456C656D656E743D2241637469766974795F30786839647763223E3C64633A426F756E647320783D223533302220793D22323530222077696474683D2231303022206865696768743D22383022202F3E3C2F62706D6E64693A42504D4E53686170653E3C62706D6E64693A42504D4E53686170652069643D2241637469766974795F316E65337468645F6469222062706D6E456C656D656E743D2241637469766974795F316E6533746864223E3C64633A426F756E647320783D223734302220793D22323530222077696474683D2231303022206865696768743D22383022202F3E3C2F62706D6E64693A42504D4E53686170653E3C2F62706D6E64693A42504D4E506C616E653E3C2F62706D6E64693A42504D4E4469616772616D3E3C2F62706D6E323A646566696E6974696F6E733E, 0);
INSERT INTO `act_ge_bytearray` VALUES ('b58ba412-cb90-11ed-aa70-2016b9c02335', 1, 'repair.repair.png', 'b541c9d0-cb90-11ed-aa70-2016b9c02335', 0x89504E470D0A1A0A0000000D49484452000003D2000001540806000000C8E504320000154D49444154785EEDDDDD8F54E77D07F0BC48552E9D36B9CC8DAFF22F24BDE945A256B5E4E402B32F066BAD25062B918C1560D5DA55C0B1D472E7B70423556A6CECA835F25E2C6954D786502437C601E190E0CA71C12F80290B78CD921A0831D3F3A01D77FCEC18AF97DD39BFE79CCF47FA6ACDBC9CF37867BEB3BFB3B333F399CF00000000000000000000000000000000000000000000000000000000000000000000000000000000000000000000000000000000000000000000000000000000000000000000000000000000000000000000000000000000000000000000000000000000000000000000000000000000000000000000000000000000000000000000000000000000000000000000000000000000000000000000000000000000000000000000000000000000000000000000000000000000000000000000000000000000000000000000000000000000000000000000000000000000000000000000000000000000000000000000000000000000000000000000000000000000000000000000000000000000000000000000000000000000000000000000000000000000000000000000000000000000000000000000000000000000000000000000000000000000000000000000000000000000000000000000000000000000000000000000000000000000000000000000000000000000000000000000000000000000000000000000000000000000000000000000000000000000000000000000000000000000000000000000000000000000000000000000000000000000000000000000000000000000000000000000000000000000000000000000000000000000000000000000000000000000000000000000000000000000000000000000000000000000000000000000000000000000000000000000000000000000000000000000000000000000000000000000000000000000000000000000000000000000000000000000000000000000000000000000000000000000000000000000000000000000000000000000000000000000000000000000000000000000000000000000000000000000000000000000000000000000000000000000000000000000000000000000000000000000000000000000000000000000000000000000000000000000000000000000000000000000000000000000000000000000000000000000000000000000000000000000000000000000000000000000000000000000000000000000000000000000000000000000000000000000000000000000000000000000000000000000000000000000000000000000000000000000000000000000000000000000000000000000000000000000000000000000000000000000000000000000000000000000000000000000000000000000000000000000000000000000000000000000000000000000000000000000000000000000000000000000000000000000000000000000000000D4A6D3E9FCC9B163C79EF9E52F7FF987DDBB77779E7FFE791970AAEFFBD57DFBF6BDB367CF9E6FE5B70FCDA26FF547DFCAA747F5478F0068BD6A18D959FD30EC9C3E7DBA73F1E2C5CEE5CB9765C049DFF7F4FDDFBB77EFF96A40B925BF8D680E7DAB3FFA563E3DAA3F7A0440EBA5DFE8A71F86F90F49197C4E9D3A75B61A485ECE6F239A43DFE244DFCAA54771A24700B456FAB338BFD18F91743B5403C9A5FC36A239F42D4EF4AD5C7A14277A04406BA5D73AE53F18A5BEA4DB23BF8D680E7D8B157D2B931EC58A1E01D04A0B1D487EFFDEA9CEB15FFD53E7C80B0F5C4BFAEF745A7E39B9B118489A4DDF6245DFCAA447B1A24700B4D24206920B33273BBF7DEEEF3ABFFED78D1F493A2D9D975F5E161F0349B3E95BACE85B99F42856F40880565AC84072FCC8D4BC61A49B134776CDBBBC2C3E069266D3B758D1B732E951ACE81100ADB49081E4BF7EB175DE20D24D3A2FBFBC2C3E069266D3B758D1B732E951ACE81100ADB49081E4B7CF6F9E37887493CECB2F2F8B8F81A4D9F42D56F4AD4C7A142B7A04402B194862C540D26CFA162BFA56263D8A153D02A095163290A4773BCD07916ED279F9E565F13190349BBEC58ABE95498F62458F0068A5850C24AFBFF8D8BC41A49B745E7E79597C0C24CDA66FB1A26F65D2A358D123005A692103C9B993873BBFFDF71FCC1B46D269E9BCFCF2B2F818489A4DDF6245DFCAA447B1A24700B4D242069294370E3C396F2049A7E597931B8B81A4D9F42D56F4AD4C7A142B7A04402B2D6820B974A9F3FA7F6E9B3790A4D3D279F32E2F8B8E81A4D9F42D56F4AD4C7A142B7A04402B7DD2407261E664E7772F3E3A6F18E9269D972E935F4F16170349B3E95BACE85B99F42856F4088056FAD881E4D2A5CEA9D7F7747EF36F7F3B6F08C9932E932EEBB7FC371E0349B3E95BACE85B99F42856F4088056EA37907CD26FF33F2E7ECB7FE33190349BBEC58ABE95498F62458F0068A57E03C9427E9BFF7149D7CDB7270B8F81A4D9F42D56F4AD4C7A142B7A04402BF51B48F221E3D326DF9E2C3C069266D3B758D1B732E951ACE81100ADD46F2091FA622069367D8B157D2B931EC58A1EC536363676D3F0F0F08AA1A1A147AAAFBBABBC51E5FD2A9DB9AFE9DFBBE7CE5F912E9F6F03F804E7CF9FFFD3A9A9A9071E7BECB15F6FD9B2E5ECC4C4C4C5BBEFBEFB6A2ADABA75EBAE6CD8B061F6BEFBEE7BFB81071ED8B571E3C6BFAAAEF2D97C1B94C740122B069266D3B758D1B732E951ACE8514C232323DFAC66F8C92A97E70E9A179A74F9C974FD7C9B4066FFFEFDEB1E7AE8A1936BD7AEED5407CF9D9D3B77760E1E3CD8397AF468E7DCB9739D247D4DFF4EA7A7F3376DDA74757C7CFC727540FDDCE8E8E8CDF93629878124560C24CDA66FB1A26F65D2A358D1A358AA03E0AF5507C22FF539405E4C5E4ADBCBF701AD77F8F0E1BFFEF18F7FFCCE5D77DDD579F6D9673B67CE9CB976D0BC50E9F2E97AD501F51FEEBDF7DE67AAA27D29DF07F1194862C540D26CFA162BFA56263D8A153D8A616C6CEC0B4343433FAA0E7EAFFD35696FD6AF5FDF79FAE9A7AFFB44593A3F5D2EBF6EDA5EDA6EDA7EBE4F689DAA379FFFF9CF7F3E950EA09F78E289CE850B173E7A84FC29A5EBA7ED54057B7FD5AA55DFCEF7476C0692583190349BBEC58ABE95498F62458FEA571DEC7E656464E4D7BD07C0A3A3A39DEDDBB7774E9C38918FEED7952E9FAE97AE9F1D50BF92F693EF1B5AA3EAC74D3B76ECF8DD77BFFBDDCEB163C7F2EEDC90B4BDEAE0FCE2F8F8F8967CBFC4652089150349B3E95BACE85B99F42856F4A85ED501F457AB9CEC3DE8DDBA756BE7F8F1E3F9A8FEA9A4EBA7ED6407D3C7D3FEF23540E3559DB8E991471E99B9FFFEFB3B333333795F9644DAEEC4C4C4FB77DC71C793F9FE89C940122B069266D3B758D1B732E951ACE8517DE69E89FEF0203A3D8B3C3535958FE737246D2F7B76FAB867A66995AA079FDFB163C7EBE9203A3DE82DA7B4FD0D1B36BC77FBEDB7DF97AF83780C24B1622069367D8B157D2B931EC58A1ED523BD66B9F7CFB9EFBCF3CECEA14387F2B17C49A4EDA6EDF71C4CBFE235D3B4467A4DF4F7BEF7BD657B263A97F6B366CD9AD9AA68B7E66B21160349AC18489A4DDF6245DFCAA447B1A247F5987B63B10F9F895EAE83E8AEB4FDDE67A6D3FEF33541E35477FC5BD21B8B2DF56BA23F49DADFAA55AB666EBBEDB62FE76B220E0349AC18489A4DDF6245DFCAA447B1A2478337F711571F740F6A77EDDA958FE1CB22EDA7E759E90F7C34168D973EE22ABDAB761DB66DDBF64E55B487F33511878124560C24CDA66FB1A26F65D2A358D1A3C11BEEF99CE8F486608394BD01D94BF9DAA031F6EFDFBF2E3D1B3D3B3B9BF76020D27E57AF5E7D7E7474F4E67C6DC4602089150349B3E95BACE85B99F42856F468B056AE5CF98DEE816CFA53EB1B7D77EE4F2BEDAFF74FBCD37AF23542233CF4D04327272727F30E0CD4934F3E79B42ADAF67C6DC4602089150349B3E95BACE85B99F42856F468B0AA997AB27B109B3EEFB90E69BF3DCF4A4FE66B84E2CDCECEFED9BA75EB3AD3D3D3F9FD7FA0AAFDFF717474F4F4E6CD9B3F97AF91FA194862C540D26CFA162BFA56263D8A153D1A9C6A9EFE6275E07AB97B103BE867A3BBD27E7B0EA42FA775E56B85A2FDEC673FDB32313191DFF76BB166CD9A37ABA27D3D5F23CBA7FA7EFFA2CA5FE4A7E70C24B162202993BE95197D8B458FCA8C1E2D8D85DCFFABF357740F60D7AF5F9F8FDB0395F6DF7330BD225F2B14EDD1471FFDCDCE9D3BF3FB7D2D1E7FFCF157AA92FD43BE46964FCF83DB751F980D24B162202993BE95197D8B458FCA8C1E2D8D85DCFFABD31FED5EEEA9A79ECAC7ED814AFBEF59F3A3F95AA1685BB66C397BF0E0C1FC7E5F8B7DFBF61D1E1A1A9ACAD7C8F2E97970BBEE03B38124560C2465D2B732A36FB1E85199D1A3A5B190FBFFC8C8C89EEEF9070E1CC8C7ED814AFBEFAE25ADAB779D50BC4D9B365D1CF467477F9CD75E7B2DFD69F7AFF235B27CFA3C20F77D603690C48A81A44C7D7AA66F0544DF62E9D31F3D2A207AB434FADCEFE7DDFFABAF6F774FAF7BC64FFBEF59E3DBD9FF0E946DDDBA7557DF7DF7DDFC7E5F8B73E7CE5DA84A76325F23CBA7CF03719E6B0FCC069258319094A94FBFF2E85BC0E85B2C7D7A93478F02468F96469FFB7B9E74FFFFDFEEBFEB9EF1D3FEBB6B19191999CDFF7FA068AB57AFEE5CB97225BFDFD7A25AC76C9F070409100349ACE4B78F342BFA162BF9ED2365448F6225BF7D6430A97BC64FFBEF59CF1FF3E31028DADAB56BAFD4FDDBAAAE3367CEFCF7B067A4072A7FC0EDC92F86FD895CD8F8CD7E99FAF44CDF0A88BEC5D2A73F7A5440F46869F4B9DFCFBBFFA7677EBBA7D73DE37B469A46FBFEF7BF3F5BF7EB27BA5E7DF5D503C35E233D50D77B20EE156D20A996D437833ABFEE1848CAA46F8B3BBFEEE85B2C7AB4B8F3EB8E1E2D8D85DCFF87BD461A06E3FEFBEF3F1EE55DBB5F78E185DDDEB57BB0AEF740DC2BE24072BDD396FBFCBA63202993BE2DEEFCBAA36FB1E8D1E2CEAF3B7AB4341672FFF7AEDD30209B376FDE15E573A41F7CF0C1C9619F233D50D77B20EE6520E97F5A5D31909449DF16777EDDD1B758F46871E7D71D3D5A1A0BB9FF0FFB1C69188C898989BFDCB469D3D5FC8E5F832BA3A3A387AB927D3D5F23F53390F43FADAE18489A4DDFFA9F5657F4AD4C7AD4FFB4BAA2478353CDD22BBA07AFEBD7AFCFE7ED81BAE79E7BAEF61C48AFC8D70A45DBBC79F3E7D6AC5973797A7A3ABFEF0FD48913275EAC0A762AAD275F23F53390F43FADAE18489A4DDFFA9F5657F4AD4C7AD4FFB4BAA24783333A3AFAC56AA6BEDC3D803D7EFC783E760F44DA6FCF41F4E5B4AE7CAD50BC8D1B373E37393999DFFF07EA873FFCE14FAB926DCFD7460C0692FEA7D5150349B3E95BFFD3EA8ABE95498FFA9F5657F468B0AA993ABD5CF2DA41ECF6EDDBF3B17B20D27E7B0EA427F33542238C8E8EDE3C3E3EFE87D9D9D9BC0303313333F37255B0E9B48E7C6DC46020E97F5A5D3190349BBEF53FADAEE85B99F4A8FF6975458F066BE5CA95DFE81EC456F3F5C09F954EFB1B1919F9F0CFBAD37AF2354263DC7BEFBDCF3CF1C413790F06A2DAF7BF54257B385F1371441C48FA6550E7D71D0349B3E9DB47CFAF3BFA56263DFAE8F975478F06AF9AAD5FEA1EC86EDDBA351FBF9755DA5FCFB3D12FE56B8346B9EDB6DBBE3C3636F6FEA03F6FEEC08103E94FBAA7D3FEF3351147B481A4ED3190349BBEC58ABE95498F62458F066F6464E46BD58CFD41F78076D7AE5DF918BE2CD27E7A0EA23F48EBC8D7068DB36AD5AA6FAF5DBBF6E2CCCC4CDE8965313D3DFD1F55C1DEAA726BBE16623190C48A81A4D9F42D56F4AD4C7A142B7A548FA1A1A11F750F6AD39F781F3A74281FC79754DA7EEF9F74A7FDE76B82C61A1F1FDF323131F17E7AD05B4E972E5D7AB52AF4AFAAB2FD4DBE06E23190C48A81A4D9F42D56F4AD4C7A142B7A548FB1B1B12F5407B4AF740F6CEFBCF3CE653B984EDBADF6F7E133E069BF69FFF99AA0D1EEB8E38E27376CD8F0DE723D333D3D3DBD371D445705FBC77CDFC4642089150349B3E95BACE85B99F42856F4A83ED5BCFD952AC77B9F999E9A9ACAC7F31B92B6D7FB4CF4DCFEBE92AF055AE1F6DB6FBF6F7C7C7C76A95F333DF79AE8B73D135D160349AC18489A4DDF6245DFCAA447B1A247F5AAE6EEAFF61E4CA7A43704BBD177F34ED7CFDE58ECDA4174DA5FBE066895AA08B7AE5AB56A66DBB66DEF5CB87021EFCEA7F2DE7BEFED9F7B77EEE9B4DD7C5FC4662089150349B3E95BACE85B99F42856F4A87EE919E2E19E3FF34E49CF4EA7CF7B3E71E2443EBA5F57BA7CBA5EF62CF4B53FE74EFBC9F70DAD5415E44B55211E5EBD7AF5F99FFCE42747CF9C3973252FD3755C3979F2E48B5BB66CB9F6CEDC693B697BF93E88CF40122B069266D3B758D1B732E951ACE8510CE935CB736F40961F0077D6AF5FDF79FAE9A73B070F1EEC1C3D7AB473EEDCB96BC37CFA9AFE9D4E4FE7DF73CF3DF3AE9BB697B6EB35D1D0C7E8E8E8CD5549B65707C2D3DFF9CE77DE7AFCF1C70FEDDBB7EFF06BAFBDF6F6D9B3677F5FF5ECC2F4F4F4B123478E1CA81E2C9F7FF0C10727ABEB1CAEAEF33FE97AE9FAF93629878124560C24CDA66FB1A26F65D2A358D1A358E63E1AEBC3CF99BEC1BCE423AE60613EBB72E5CA3FAF0AF3F74343435355795E1EFEFFD75CA4AF2FA7D3D3F9E972E9F2F906288F8124560C24CDA66FB1A26F65D2A358D1A398AA79FD9BD5EC3E59E5729F03E4EB255D7E325D3FDF26003D0C24B1622069367D8B157D2B931EC58A1EC536363676537560BC626868E891EAEBEE2A6F54797FEEA0397D4DFFDE3D77FE8A74F97C1B00F4612089150349B3E95BACE85B99F42856F40880563290C48A81A4D9F42D56F4AD4C7A142B7A04402B194862C540D26CFA162BFA56263D8A153D02A0950C24B1622069367D8B157D2B931EC58A1E01D04A0692583190349BBEC58ABE95498F62458F0068250349AC18489A4DDF6245DFCAA447B1A24700B4928124560C24CDA66FB1A26F65D2A358D123005AC940122B069266D3B758D1B732E951ACE81100AD642089150349B3E95BACE85B99F42856F40880563290C48A81A4D9F42D56F4AD4C7A142B7A04402B194862C540D26CFA162BFA56263D8A153D02A0950C24B1622069367D8B157D2B931EC58A1E01D04A0692583190349BBEC58ABE95498F62458F0068250349AC18489A4DDF6245DFCAA447B1A24700B4928124560C24CDA66FB1A26F65D2A358D123005AC940122B069266D3B758D1B732E951ACE81100AD642089150349B3E95BACE85B99F42856F4088056DABD7BF7D58B172FCEFBC128834F753BBC530D2497F2DB88E6D0B738D1B772E9519CE81100ADB56FDFBE774E9F3E3DEF87A30C3E6FBDF5D63F5703C9CBF96D4473E85B9CE85BB9F4284EF40880D6DAB367CFB7F6EEDD7BFED4A95367FD86BF9E54DFF7536FBEF9E64FAB61E4ED2AB7E4B711CDA16FF547DFCAA747F5478F00E033D75E6F764BFA8D7295CBE9B54E32F0A4EF7BFAFE1B465A20DDCE73B7B7BED5137D6B8074FBCDDD8E7A544FF40800000000000000000000000000000000000000000000000000000000000000000080B2FC1F11A84D0460B2FF870000000049454E44AE426082, 1);
INSERT INTO `act_ge_bytearray` VALUES ('b683bfb5-cb90-11ed-aa70-2016b9c02335', 1, 'leave.bpmn', 'b683bfb4-cb90-11ed-aa70-2016b9c02335', 0x3C3F786D6C2076657273696F6E3D22312E302220656E636F64696E673D225554462D38223F3E0A3C62706D6E323A646566696E6974696F6E7320786D6C6E733A7873693D22687474703A2F2F7777772E77332E6F72672F323030312F584D4C536368656D612D696E7374616E63652220786D6C6E733A62706D6E323D22687474703A2F2F7777772E6F6D672E6F72672F737065632F42504D4E2F32303130303532342F4D4F44454C2220786D6C6E733A62706D6E64693D22687474703A2F2F7777772E6F6D672E6F72672F737065632F42504D4E2F32303130303532342F44492220786D6C6E733A64693D22687474703A2F2F7777772E6F6D672E6F72672F737065632F44442F32303130303532342F44492220786D6C6E733A64633D22687474703A2F2F7777772E6F6D672E6F72672F737065632F44442F32303130303532342F4443222069643D226469616772616D5F50726F636573735F3136363037393533303330343622207461726765744E616D6573706163653D22687474703A2F2F666C6F7761626C652E6F72672F62706D6E223E3C62706D6E323A70726F636573732069643D226C6561766522206E616D653D22E8AFB7E581872220697345786563757461626C653D2274727565223E3C62706D6E323A73746172744576656E742069643D224576656E745F3175326175747622206E616D653D22E5BC80E5A78B223E3C62706D6E323A6F7574676F696E673E466C6F775F3163786F7838343C2F62706D6E323A6F7574676F696E673E3C2F62706D6E323A73746172744576656E743E3C62706D6E323A73657175656E6365466C6F772069643D22466C6F775F3163786F7838342220736F757263655265663D224576656E745F3175326175747622207461726765745265663D2241637469766974795F3133757130356D22202F3E3C62706D6E323A757365725461736B2069643D2241637469766974795F3133757130356D22206E616D653D22E7A4BEE58CBAE7AEA1E79086E59198223E3C62706D6E323A696E636F6D696E673E466C6F775F3163786F7838343C2F62706D6E323A696E636F6D696E673E3C62706D6E323A6F7574676F696E673E466C6F775F3172697230686A3C2F62706D6E323A6F7574676F696E673E3C2F62706D6E323A757365725461736B3E3C62706D6E323A656E644576656E742069643D224576656E745F30686C646A376C22206E616D653D22E7BB93E69D9F223E3C62706D6E323A696E636F6D696E673E466C6F775F3172697230686A3C2F62706D6E323A696E636F6D696E673E3C2F62706D6E323A656E644576656E743E3C62706D6E323A73657175656E6365466C6F772069643D22466C6F775F3172697230686A2220736F757263655265663D2241637469766974795F3133757130356D22207461726765745265663D224576656E745F30686C646A376C22202F3E3C2F62706D6E323A70726F636573733E3C62706D6E64693A42504D4E4469616772616D2069643D2242504D4E4469616772616D5F31223E3C62706D6E64693A42504D4E506C616E652069643D226C656176655F6469222062706D6E456C656D656E743D226C65617665223E3C62706D6E64693A42504D4E456467652069643D22466C6F775F3172697230686A5F6469222062706D6E456C656D656E743D22466C6F775F3172697230686A223E3C64693A776179706F696E7420783D223538302220793D2232383022202F3E3C64693A776179706F696E7420783D223634322220793D2232383022202F3E3C2F62706D6E64693A42504D4E456467653E3C62706D6E64693A42504D4E456467652069643D22466C6F775F3163786F7838345F6469222062706D6E456C656D656E743D22466C6F775F3163786F783834223E3C64693A776179706F696E7420783D223236382220793D2232383022202F3E3C64693A776179706F696E7420783D223438302220793D2232383022202F3E3C2F62706D6E64693A42504D4E456467653E3C62706D6E64693A42504D4E53686170652069643D224576656E745F317532617574765F6469222062706D6E456C656D656E743D224576656E745F31753261757476223E3C64633A426F756E647320783D223233322220793D22323632222077696474683D22333622206865696768743D22333622202F3E3C62706D6E64693A42504D4E4C6162656C3E3C64633A426F756E647320783D223233392220793D22333035222077696474683D22323222206865696768743D22313422202F3E3C2F62706D6E64693A42504D4E4C6162656C3E3C2F62706D6E64693A42504D4E53686170653E3C62706D6E64693A42504D4E53686170652069643D2241637469766974795F3133757130356D5F6469222062706D6E456C656D656E743D2241637469766974795F3133757130356D223E3C64633A426F756E647320783D223438302220793D22323430222077696474683D2231303022206865696768743D22383022202F3E3C2F62706D6E64693A42504D4E53686170653E3C62706D6E64693A42504D4E53686170652069643D224576656E745F30686C646A376C5F6469222062706D6E456C656D656E743D224576656E745F30686C646A376C223E3C64633A426F756E647320783D223634322220793D22323632222077696474683D22333622206865696768743D22333622202F3E3C62706D6E64693A42504D4E4C6162656C3E3C64633A426F756E647320783D223634392220793D22333035222077696474683D22323222206865696768743D22313422202F3E3C2F62706D6E64693A42504D4E4C6162656C3E3C2F62706D6E64693A42504D4E53686170653E3C2F62706D6E64693A42504D4E506C616E653E3C2F62706D6E64693A42504D4E4469616772616D3E3C2F62706D6E323A646566696E6974696F6E733E, 0);
INSERT INTO `act_ge_bytearray` VALUES ('b696ab76-cb90-11ed-aa70-2016b9c02335', 1, 'leave.leave.png', 'b683bfb4-cb90-11ed-aa70-2016b9c02335', 0x89504E470D0A1A0A0000000D49484452000002B00000014A0806000000E5A56C5400000FB949444154785EEDDDDD6F54677E07F07D91AABDCCB6BB97B9D9ABFD17767BD38B5DB56AA4EC5E007EC1202393409448090A60B5A15A4C905AEE92900D20556A80B06A83E20B93464D13136A290D4940246C48C5A69004F3B21888C16C01870DD3E7E778D8F163E3E3F8657CECF97CA49F269E73E63C4F3C739EF3F5C39973BEF52D0000000000000000000000000000000000000000000000000000000000000000000000000000000000000000000000000000000000000000000000000000000000000000000000000000000000000000000000000000000000000000000000000000000000000000000000000000000000000000000000000000000000000000000000000000000000000000000000000000000000000000000000000000000000000000000000000000000000000000000000000000000000000000000000000000000000000000000000000000000000000000000000000000000000000000000000000000000000000000000000000000000000000000000000000000000000000000000000000000000000000000000000000000000000000000000000000000000000000000000000000000000000000000000000000000000000000000000000000000000000000000000000000000000000000000000000000000000000000000000000000000000000000000000000000000000000000000000000000000000000000000000000000000000000000000000000000000000000000000000000000000000000000000000000000000000000000000000000000000000000000000000000000000000000000000000000000000000000000000000000000000000000000000000000000000000000000000000000000000000000000000000000000000000000000000000000000000000000000000000000000000000000000000000000000000000000000000000000000000000000000000000000000000000000000000000000000000000000000000000000000000000000000000000000000000000000000000000000000000000000000000000000000000000000803956A954FEECF4E9D32FBFF3CE3B5FF6F6F656DE78E30D55E74ABFF73B7D7D7DE70F1E3CF88BFCFD01002093C2EBFE149E2A172F5EACDCBC79B3323C3CACEA5CF17B8FDFFFA14387AEA540FB40FE1E01005023665E233CE5A14AD5BF2E5CB8703905D8F7F2F70800801A71DA8099D77254BC0F29C0DECADF2300006AC43998799052F357F17EE4EF11000035A61A60FF70F542E5F4FBFF5239F1E696918AFF8EE7F2F5D4CC4A800500283095007B7DF05CE5A3D7FFA1F2E1BF6F1853F15C2CCBD757D32F011600A0C054026CFF899E71E1B55A674F1C18B7BE9A7E09B0000005A61260FFE7AD6DE3826BB56259BEBE9A7E09B0000005A612603F7A63F3B8E05AAD5896AFAFA65F022C00400101B65C25C0020014984A808DAB0EE4C1B55AB12C5F5F4DBF04580080025309B09FBCFDFCB8E05AAD5896AFAFA65F022C004081A904D82BE78E573EFACF5F8D0BAFF15C2CCBD757D32F011600A0C054026CD4A747F68C0BB0F15CBE9E9A5909B0000005A614606FDDAA7CF2DF3BC605D8782E968D5B5F4DBB0458008002450136EEB4F5BBB7B78F0BAFD58A65EEC6357B25C0020014B86780BD75AB72E1938395DFFEC7DF8F0BAD79C53AB1AED9D89997000B005060A2005B34EB7AAF321B3BF3126001000A4C1460A732EB7AAF8AD7E6DB53532F011600A0C04401360FA5DFB4F2EDA9A997000B005060A200ABE6AF04D8A9696F6FBFAFB9B979495353D373E9B137D5A7A96EA4AA8C3EC6CFBDA3CB97C4FAF93600C6B876EDDA9FF7F4F46C79FEF9E73FECEAEABADCD9D979F391471EB91303CBDAB56B6FAF5FBF7EE8A9A79E3AB365CB96031B366CF89BF4926FE7DB00EA43802D5709B0936B6969F9793A9674A71A1E0DAB53AD58BF3B5E9F6F136870EFBEFBEEDA679E79E6DC9A356B2A29B456F6EFDF5F397AF468E5D4A953952B57AE54423CC6CFF17C2CDFB871E39D8E8E8EE114645F6F6D6DFD51BE4D606E09B0E52A0176622978FE2405D0C31304D3E9D4E1D85EDE06D0608E1F3FFEB72FBCF0C2F9871F7EB8F2CA2BAF542E5DBA341256A72AD68FD7A520FBE5BA75EB5E4E03CB0FF23680B921C096AB04D8B1DADBDBBFD7D4D4F4EB143A47FE15AFB69E78E289CABE7DFB269D2889E5B15EFEDAD85E6C37B69FB7092C72699CF8EE6BAFBDD613C175F7EEDD95EBD7AF8F4DA6DF50BC3EB69306941B6D6D6DBFCCDB03669F005BAE1260FF2485CCFB5B5A5A3EAC0D9EADADAD955DBB7655CE9E3D9B1F422615EBC7EBE2F55990FD20DAC9DB0616A9341EDCB777EFDEDF3DFAE8A395D3A74FE763C58CC4F65228BED9D1D1D195B70BCC2E01B65C25C07E2D05D71FA73A571B36B76DDB56E9EFEFCF0F19DF48BC3EB69385D8FE682FEF03B0C8A431E0BEE79E7B6E70D3A64D95C1C1C17C7C9815B1DDCECECE1B2B57AEDC93B70FCC1E01B65C25C0DE9D79BD1B5E63D6B4A7A7273F4CCC486C2F9B8DED37130B8B58DAEFBFBB77EFDE4F22BCC6603B9762FBEBD7AFBFBA7CF9F2A7F27E00B343802D57357A808D73526B4F1B58B56A55E5D8B163F9E16156C47663FB3521F603E7C4C22215E7BC3EF6D8637336F39A8B7656AF5E3D94069607F3BE003327C096AB1A3DC08E7E61EBEECCEB5C85D7AAD87EED4C6CB49FF70958E0D28EFE407C616BB6CF792D12EDB5B5B50D2E5DBAF487799F80991160CB558D1C60472F95F555354C1E3870203F1CCC8968A76616F62B97D88245262E95155709980F3B76EC389F069667F33E013323C096AB1A39C036D75CE735BE68554FD917BB0EE77D0316A8B84941CCBE0E0D0DE5FB7D5D44BB2B56ACB8E6660730BB04D87255A306D865CB96FDAC1A20E39FF4677AB5816F2ADAAB3D9520FA93F7115880E20E5BDDDDDDF93E5F577BF6EC399506965D79DF80E91360CB558D1A609BBFBE3DEC48788CEBB5CE8768B76616B63BEF23B0C00C0D0DFDC5DAB56B2B030303F9FE5E57A9FD3FA6BF902F6EDEBCF93B791F81E91160CB558D1860D3B8FEFD141887ABE1B1DEB3AF55D16E4D801D8E7EE57D051690575F7DB5ABB3B333DFD7E7C5EAD5AB3F4B03CB4FF33E0263A5FDE4AD547F953F9F1360CB558B2DC04EE57398962FA906C7B8EDEB7CCA6E3BBB24EF2BB0806CDFBEFDB7FBF7EFCFF7F379B173E7CEB8EDDF3FE57D04C6AA39084F1A2004D872D5220CB0859FC3F4FCF6EA7A2FBDF4523EECD755B45FD3E7ED795F8105A4ABABEBF2D1A347F3FD7C5EF4F5F51D6F6A6AEAC9FB088C5573109E344008B0E5AA451C60EFF9396C696939585D7EE4C8917CD8AFAB68BFDA97E8576D3F810566E3C68D37EB7DEDD77B3979F2649C42F07EDE4760AC0982C3840142802D573540801DF7394C8F67AACFCFF7B126DAAFE9E399EC7F075848D6AE5D7BE78B2FBEC8F7F37971E5CA95EB69503997F711186B82C090D748801060CB550D14606B3F87FF57FD79BE8F35D17EB52F2D2D2D43F9FF0FB080AC58B1A272FBF6ED7C3F9F17A91F715BD97C00544A4DB304D87255FEFE345ACDF7B126DAAFE9CF1FF3E321B080AC59B3E6F67CFF555C75E9D2A5FF6D36030B85F26050536F353B85A0B4D54033B0773F8731D3597D7EBE8F356660611179F2C92787E6FBBCA4AA8F3FFEF848B37360A1D06481A1D67C07D8D48509AB2CCBEB5D0D1060C77D0E9B9D030BCC854D9B36F597E52A046FBEF966AFAB1040B1C90243AD3204D8C99E9BEFE5F5AE451C60EFF939741502604E6CDEBCF94059AE03BB75EBD6B8DDA0EBC04281C902432D0176F2E5F5AE4518600B3F87CDAE030BCC85CECECEBFDEB871E39D7C479F07B75B5B5B8F37BB1317CC1A0176F2E5F5AEC51660A7A2B94477E27AFCF1C7EFD4045877E282856CF3E6CDDF59BD7AF5F0C0C040BEAFD7D5D9B367DF4E03CA85E84FDE47607A04D8C997D7BB1A31C0B6B6B67E3F8DEDC3D5E0D8DFDF9F0FFF7511EDD684D7E1E857DE576081D9B061C3EBDDDDDDF9FE5E574F3FFDF46FD2A0B22BEF1B307D02ECE4CBEB5D8D1860431ADBE3F4B091F0B86BD7AE7CF8AF8B68B726C076E77D0416A0F497E88F3A3A3ABE1C1A1ACAF7F9BA181C1C7C2F0D2803D18FBC6FC0F409B0932FAF77356A805DB66CD9CFAAE1318DF3759F858DF65A5A5AEE9E3E10FDC9FB082C50EBD6AD7B79F7EEDDF97E5F17A9ED7F4B83CAB3799F80992943809DA8CAB2BCDED5A80136A431FE7035406EDBB62D3F0CCCA968AF66F6F570DE3760015BBA74E90FDBDBDB6FD4FB3A7D478E1C89530706A2FDBC4FC0CCCC77805563AB91036C4B4BCB4FD258FF5535481E3870203F1CCC8968A726BC7E15FDC8FB062C706D6D6DBF5CB366CDCDC1C1C17C0C9813030303FF950694CF533D98F705983901B65CD5C80136343535FDBA1A26E3548263C78EE587855915DBAF3D7520DACFFB042C121D1D1D5D9D9D9D3762B09D4BB76EDDFA380D60EFA7C1E5EFF23E00B343802D57357A806D6F6FFF5E0A921F5403E5AA55ABE62CC4C676537B77677CA3DD683FEF13B088AC5CB972CFFAF5EBAFCED54CECC0C0C0A108AF6940F9E7BC6D60F608B0E5AA460FB0218DFBF7A7EAAF9D89EDE9E9C90F133312DBAB9D791D6DEFFEBC2FC022B47CF9F2A73A3A3A8666FB9CD8D1735ECF987985B927C096AB04D8AFA5F1FFC7B521362ABE6835D3AB13C4EBB32F6C8D84D7682FEF03B088A51DFFC1B6B6B6C11D3B769CBF7EFD7A3E567C2357AF5E7D77F46A0303B1DDBC2D60F609B0E52A01F64F6246B4B9E67482A8988D8DEBB59E3D7B363F844C2AD68FD765B3AE23A70D443B79DB40034803C20FD200F0EC8A152BAEBDF8E28BA72E5DBA743B1F3C2671FBDCB9736F7775758D5C6920B613DBCBDB00E686005BAE1260C78A735247BFD89507CF91DBCEEEDBB7AF72F4E8D1CAA953A72A57AE5C1939A8C463FC1CCFC7F2ECF6B0D5BA13DB75CE2B3072B3833428EC4A0174E0A1871EFA7CE7CE9DC7FAFAFA8E9F3C79F2CCE5CB97FF90C695EB030303A74F9C3871240DD26F6CDDBAB53BBDE6787ACDEFE3756E5200F527C096AB04D8898D5E62EBEE75626758875D2A0B98C8B7972D5BF6976980F8C7F4176E4F1A2CE22E5AD57399E2F1BD783E96C77AB17EBE01A03E04D87295003BB974DCF879F3D7B79D1D9E20984E56B17E77BC3EDF2600B0C008B0E52A01766ADADBDBEF4B8174495353D373E9B137D5A7A96E8C86D5788C9F7B47972F89F5F36D00000B94005BAE126001000A08B0E52A011600A080005BAE126001000A08B0E52A011600A080005BAE126001000A08B0E52A011600A080005BAE126001000A08B0E52A011600A080005BAE126001000A08B0E52A011600A080005BAE126001000A08B0E52A011600A080005BAE126001000A08B0E52A011600A080005BAE126001000A08B0E52A011600A080005BAE126001000AF4F6F6DEB979F3E6B820A5EA5FE97D389F02ECADFC3D0200A0465F5FDFF98B172F8E0B53AAFEF5F9E79FFF6B0AB0EFE5EF110000350E1E3CF88B43870E5DBB70E1C26533B1F353E9F77EE1B3CF3EFB4D0AAF67523D90BF470000642234C5CC5FAAE1380753D5BDE2F71EBF7FE115000000000000000000000000000000000000000000000060A1FA7F89EF50DF8C3E36840000000049454E44AE426082, 1);
INSERT INTO `act_ge_bytearray` VALUES ('d950f362-ca0d-11ed-b90d-2016b9c02335', 1, 'leave.bpmn', 'd950f361-ca0d-11ed-b90d-2016b9c02335', 0x3C3F786D6C2076657273696F6E3D22312E302220656E636F64696E673D225554462D38223F3E0A3C62706D6E323A646566696E6974696F6E7320786D6C6E733A7873693D22687474703A2F2F7777772E77332E6F72672F323030312F584D4C536368656D612D696E7374616E63652220786D6C6E733A62706D6E323D22687474703A2F2F7777772E6F6D672E6F72672F737065632F42504D4E2F32303130303532342F4D4F44454C2220786D6C6E733A62706D6E64693D22687474703A2F2F7777772E6F6D672E6F72672F737065632F42504D4E2F32303130303532342F44492220786D6C6E733A64693D22687474703A2F2F7777772E6F6D672E6F72672F737065632F44442F32303130303532342F44492220786D6C6E733A64633D22687474703A2F2F7777772E6F6D672E6F72672F737065632F44442F32303130303532342F4443222069643D226469616772616D5F50726F636573735F3136363037393533303330343622207461726765744E616D6573706163653D22687474703A2F2F666C6F7761626C652E6F72672F62706D6E223E3C62706D6E323A70726F636573732069643D226C6561766522206E616D653D22E8AFB7E581872220697345786563757461626C653D2274727565223E3C62706D6E323A73746172744576656E742069643D224576656E745F3175326175747622206E616D653D22E5BC80E5A78B223E3C62706D6E323A6F7574676F696E673E466C6F775F3163786F7838343C2F62706D6E323A6F7574676F696E673E3C2F62706D6E323A73746172744576656E743E3C62706D6E323A73657175656E6365466C6F772069643D22466C6F775F3163786F7838342220736F757263655265663D224576656E745F3175326175747622207461726765745265663D2241637469766974795F3133757130356D22202F3E3C62706D6E323A757365725461736B2069643D2241637469766974795F3133757130356D22206E616D653D22E7A4BEE58CBAE7AEA1E79086E59198223E3C62706D6E323A696E636F6D696E673E466C6F775F3163786F7838343C2F62706D6E323A696E636F6D696E673E3C62706D6E323A6F7574676F696E673E466C6F775F3172697230686A3C2F62706D6E323A6F7574676F696E673E3C2F62706D6E323A757365725461736B3E3C62706D6E323A656E644576656E742069643D224576656E745F30686C646A376C22206E616D653D22E7BB93E69D9F223E3C62706D6E323A696E636F6D696E673E466C6F775F3172697230686A3C2F62706D6E323A696E636F6D696E673E3C2F62706D6E323A656E644576656E743E3C62706D6E323A73657175656E6365466C6F772069643D22466C6F775F3172697230686A2220736F757263655265663D2241637469766974795F3133757130356D22207461726765745265663D224576656E745F30686C646A376C22202F3E3C2F62706D6E323A70726F636573733E3C62706D6E64693A42504D4E4469616772616D2069643D2242504D4E4469616772616D5F31223E3C62706D6E64693A42504D4E506C616E652069643D226C656176655F6469222062706D6E456C656D656E743D226C65617665223E3C62706D6E64693A42504D4E456467652069643D22466C6F775F3172697230686A5F6469222062706D6E456C656D656E743D22466C6F775F3172697230686A223E3C64693A776179706F696E7420783D223538302220793D2232383022202F3E3C64693A776179706F696E7420783D223634322220793D2232383022202F3E3C2F62706D6E64693A42504D4E456467653E3C62706D6E64693A42504D4E456467652069643D22466C6F775F3163786F7838345F6469222062706D6E456C656D656E743D22466C6F775F3163786F783834223E3C64693A776179706F696E7420783D223236382220793D2232383022202F3E3C64693A776179706F696E7420783D223438302220793D2232383022202F3E3C2F62706D6E64693A42504D4E456467653E3C62706D6E64693A42504D4E53686170652069643D224576656E745F317532617574765F6469222062706D6E456C656D656E743D224576656E745F31753261757476223E3C64633A426F756E647320783D223233322220793D22323632222077696474683D22333622206865696768743D22333622202F3E3C62706D6E64693A42504D4E4C6162656C3E3C64633A426F756E647320783D223233392220793D22333035222077696474683D22323222206865696768743D22313422202F3E3C2F62706D6E64693A42504D4E4C6162656C3E3C2F62706D6E64693A42504D4E53686170653E3C62706D6E64693A42504D4E53686170652069643D2241637469766974795F3133757130356D5F6469222062706D6E456C656D656E743D2241637469766974795F3133757130356D223E3C64633A426F756E647320783D223438302220793D22323430222077696474683D2231303022206865696768743D22383022202F3E3C2F62706D6E64693A42504D4E53686170653E3C62706D6E64693A42504D4E53686170652069643D224576656E745F30686C646A376C5F6469222062706D6E456C656D656E743D224576656E745F30686C646A376C223E3C64633A426F756E647320783D223634322220793D22323632222077696474683D22333622206865696768743D22333622202F3E3C62706D6E64693A42504D4E4C6162656C3E3C64633A426F756E647320783D223634392220793D22333035222077696474683D22323222206865696768743D22313422202F3E3C2F62706D6E64693A42504D4E4C6162656C3E3C2F62706D6E64693A42504D4E53686170653E3C2F62706D6E64693A42504D4E506C616E653E3C2F62706D6E64693A42504D4E4469616772616D3E3C2F62706D6E323A646566696E6974696F6E733E, 0);
INSERT INTO `act_ge_bytearray` VALUES ('d96517a3-ca0d-11ed-b90d-2016b9c02335', 1, 'leave.leave.png', 'd950f361-ca0d-11ed-b90d-2016b9c02335', 0x89504E470D0A1A0A0000000D49484452000002B00000014A0806000000E5A56C5400000FB949444154785EEDDDDD6F54677E07F07D91AABDCCB6BB97B9D9ABFD17767BD38B5DB56AA4EC5E007EC1202393409448090A60B5A15A4C905AEE92900D20556A80B06A83E20B93464D13136A290D4940246C48C5A69004F3B21888C16C01870DD3E7E778D8F163E3E3F8657CECF97CA49F269E73E63C4F3C739EF3F5C39973BEF52D0000000000000000000000000000000000000000000000000000000000000000000000000000000000000000000000000000000000000000000000000000000000000000000000000000000000000000000000000000000000000000000000000000000000000000000000000000000000000000000000000000000000000000000000000000000000000000000000000000000000000000000000000000000000000000000000000000000000000000000000000000000000000000000000000000000000000000000000000000000000000000000000000000000000000000000000000000000000000000000000000000000000000000000000000000000000000000000000000000000000000000000000000000000000000000000000000000000000000000000000000000000000000000000000000000000000000000000000000000000000000000000000000000000000000000000000000000000000000000000000000000000000000000000000000000000000000000000000000000000000000000000000000000000000000000000000000000000000000000000000000000000000000000000000000000000000000000000000000000000000000000000000000000000000000000000000000000000000000000000000000000000000000000000000000000000000000000000000000000000000000000000000000000000000000000000000000000000000000000000000000000000000000000000000000000000000000000000000000000000000000000000000000000000000000000000000000000000000000000000000000000000000000000000000000000000000000000000000000000000000000000000000000000000000803956A954FEECF4E9D32FBFF3CE3B5FF6F6F656DE78E30D55E74ABFF73B7D7D7DE70F1E3CF88BFCFD01002093C2EBFE149E2A172F5EACDCBC79B3323C3CACEA5CF17B8FDFFFA14387AEA540FB40FE1E01005023665E233CE5A14AD5BF2E5CB8703905D8F7F2F70800801A71DA8099D77254BC0F29C0DECADF2300006AC43998799052F357F17EE4EF11000035A61A60FF70F542E5F4FBFF5239F1E696918AFF8EE7F2F5D4CC4A800500283095007B7DF05CE5A3D7FFA1F2E1BF6F1853F15C2CCBD757D32F011600A0C054026CFF899E71E1B55A674F1C18B7BE9A7E09B0000005A61260FFE7AD6DE3826BB56259BEBE9A7E09B0000005A612603F7A63F3B8E05AAD5896AFAFA65F022C00400101B65C25C0020014984A808DAB0EE4C1B55AB12C5F5F4DBF04580080025309B09FBCFDFCB8E05AAD5896AFAFA65F022C004081A904D82BE78E573EFACF5F8D0BAFF15C2CCBD757D32F011600A0C054026CD4A747F68C0BB0F15CBE9E9A5909B0000005A614606FDDAA7CF2DF3BC605D8782E968D5B5F4DBB0458008002450136EEB4F5BBB7B78F0BAFD58A65EEC6357B25C0020014B86780BD75AB72E1938395DFFEC7DF8F0BAD79C53AB1AED9D89997000B005060A2005B34EB7AAF321B3BF3126001000A4C1460A732EB7AAF8AD7E6DB53532F011600A0C04401360FA5DFB4F2EDA9A997000B005060A200ABE6AF04D8A9696F6FBFAFB9B979495353D373E9B137D5A7A96EA4AA8C3EC6CFBDA3CB97C4FAF93600C6B876EDDA9FF7F4F46C79FEF9E73FECEAEABADCD9D979F391471EB91303CBDAB56B6FAF5FBF7EE8A9A79E3AB365CB96031B366CF89BF4926FE7DB00EA43802D5709B0936B6969F9793A9674A71A1E0DAB53AD58BF3B5E9F6F136870EFBEFBEEDA679E79E6DC9A356B2A29B456F6EFDF5F397AF468E5D4A953952B57AE54423CC6CFF17C2CDFB871E39D8E8E8EE114645F6F6D6DFD51BE4D606E09B0E52A0176622978FE2405D0C31304D3E9D4E1D85EDE06D0608E1F3FFEB72FBCF0C2F9871F7EB8F2CA2BAF542E5DBA341256A72AD68FD7A520FBE5BA75EB5E4E03CB0FF23680B921C096AB04D8B1DADBDBBFD7D4D4F4EB143A47FE15AFB69E78E289CABE7DFB269D2889E5B15EFEDAD85E6C37B69FB7092C72699CF8EE6BAFBDD613C175F7EEDD95EBD7AF8F4DA6DF50BC3EB69306941B6D6D6DBFCCDB03669F005BAE1260FF2485CCFB5B5A5A3EAC0D9EADADAD955DBB7655CE9E3D9B1F422615EBC7EBE2F55990FD20DAC9DB0616A9341EDCB777EFDEDF3DFAE8A395D3A74FE763C58CC4F65228BED9D1D1D195B70BCC2E01B65C25C07E2D05D71FA73A571B36B76DDB56E9EFEFCF0F19DF48BC3EB69385D8FE682FEF03B0C8A431E0BEE79E7B6E70D3A64D95C1C1C17C7C9815B1DDCECECE1B2B57AEDC93B70FCC1E01B65C25C0DE9D79BD1B5E63D6B4A7A7273F4CCC486C2F9B8DED37130B8B58DAEFBFBB77EFDE4F22BCC6603B9762FBEBD7AFBFBA7CF9F2A7F27E00B343802D57357A808D73526B4F1B58B56A55E5D8B163F9E16156C47663FB3521F603E7C4C22215E7BC3EF6D8637336F39A8B7656AF5E3D94069607F3BE003327C096AB1A3DC08E7E61EBEECCEB5C85D7AAD87EED4C6CB49FF70958E0D28EFE407C616BB6CF792D12EDB5B5B50D2E5DBAF487799F80991160CB558D1C60472F95F555354C1E3870203F1CCC8968A76616F62B97D88245262E95155709980F3B76EC389F069667F33E013323C096AB1A39C036D75CE735BE68554FD917BB0EE77D0316A8B84941CCBE0E0D0DE5FB7D5D44BB2B56ACB8E6660730BB04D87255A306D865CB96FDAC1A20E39FF4677AB5816F2ADAAB3D9520FA93F7115880E20E5BDDDDDDF93E5F577BF6EC399506965D79DF80E91360CB558D1A609BBFBE3DEC48788CEBB5CE8768B76616B63BEF23B0C00C0D0DFDC5DAB56B2B030303F9FE5E57A9FD3FA6BF902F6EDEBCF93B791F81E91160CB558D1860D3B8FEFD141887ABE1B1DEB3AF55D16E4D801D8E7EE57D051690575F7DB5ABB3B333DFD7E7C5EAD5AB3F4B03CB4FF33E0263A5FDE4AD547F953F9F1360CB558B2DC04EE57398962FA906C7B8EDEB7CCA6E3BBB24EF2BB0806CDFBEFDB7FBF7EFCFF7F379B173E7CEB8EDDF3FE57D04C6AA39084F1A2004D872D5220CB0859FC3F4FCF6EA7A2FBDF4523EECD755B45FD3E7ED795F8105A4ABABEBF2D1A347F3FD7C5EF4F5F51D6F6A6AEAC9FB088C5573109E344008B0E5AA451C60EFF9396C696939585D7EE4C8917CD8AFAB68BFDA97E8576D3F810566E3C68D37EB7DEDD77B3979F2649C42F07EDE4760AC0982C3840142802D573540801DF7394C8F67AACFCFF7B126DAAFE9E399EC7F075848D6AE5D7BE78B2FBEC8F7F37971E5CA95EB69503997F711186B82C090D748801060CB550D14606B3F87FF57FD79BE8F35D17EB52F2D2D2D43F9FF0FB080AC58B1A272FBF6ED7C3F9F17A91F715BD97C00544A4DB304D87255FEFE345ACDF7B126DAAFE9CF1FF3E321B080AC59B3E6F67CFF555C75E9D2A5FF6D36030B85F26050536F353B85A0B4D54033B0773F8731D3597D7EBE8F356660611179F2C92787E6FBBCA4AA8F3FFEF848B37360A1D06481A1D67C07D8D48509AB2CCBEB5D0D1060C77D0E9B9D030BCC854D9B36F597E52A046FBEF966AFAB1040B1C90243AD3204D8C99E9BEFE5F5AE451C60EFF939741502604E6CDEBCF94059AE03BB75EBD6B8DDA0EBC04281C902432D0176F2E5F5AE4518600B3F87CDAE030BCC85CECECEBFDEB871E39D7C479F07B75B5B5B8F37BB1317CC1A0176F2E5F5AEC51660A7A2B94477E27AFCF1C7EFD4045877E282856CF3E6CDDF59BD7AF5F0C0C040BEAFD7D5D9B367DF4E03CA85E84FDE47607A04D8C997D7BB1A31C0B6B6B67E3F8DEDC3D5E0D8DFDF9F0FFF7511EDD684D7E1E857DE576081D9B061C3EBDDDDDDF9FE5E574F3FFDF46FD2A0B22BEF1B307D02ECE4CBEB5D8D1860431ADBE3F4B091F0B86BD7AE7CF8AF8B68B726C076E77D0416A0F497E88F3A3A3ABE1C1A1ACAF7F9BA181C1C7C2F0D2803D18FBC6FC0F409B0932FAF77356A805DB66CD9CFAAE1318DF3759F858DF65A5A5AEE9E3E10FDC9FB082C50EBD6AD7B79F7EEDDF97E5F17A9ED7F4B83CAB3799F80992943809DA8CAB2BCDED5A80136A431FE7035406EDBB62D3F0CCCA968AF66F6F570DE3760015BBA74E90FDBDBDB6FD4FB3A7D478E1C89530706A2FDBC4FC0CCCC77805563AB91036C4B4BCB4FD258FF5535481E3870203F1CCC8968A726BC7E15FDC8FB062C706D6D6DBF5CB366CDCDC1C1C17C0C9813030303FF950694CF533D98F705983901B65CD5C80136343535FDBA1A26E3548263C78EE587855915DBAF3D7520DACFFB042C121D1D1D5D9D9D9D3762B09D4BB76EDDFA380D60EFA7C1E5EFF23E00B343802D57357A806D6F6FFF5E0A921F5403E5AA55ABE62CC4C676537B77677CA3DD683FEF13B088AC5CB972CFFAF5EBAFCED54CECC0C0C0A108AF6940F9E7BC6D60F608B0E5AA460FB0218DFBF7A7EAAF9D89EDE9E9C90F133312DBAB9D791D6DEFFEBC2FC022B47CF9F2A73A3A3A8666FB9CD8D1735ECF987985B927C096AB04D8AFA5F1FFC7B521362ABE6835D3AB13C4EBB32F6C8D84D7682FEF03B088A51DFFC1B6B6B6C11D3B769CBF7EFD7A3E567C2357AF5E7D77F46A0303B1DDBC2D60F609B0E52A01F64F6246B4B9E67482A8988D8DEBB59E3D7B363F844C2AD68FD765B3AE23A70D443B79DB40034803C20FD200F0EC8A152BAEBDF8E28BA72E5DBA743B1F3C2671FBDCB9736F7775758D5C6920B613DBCBDB00E686005BAE1260C78A735247BFD89507CF91DBCEEEDBB7AF72F4E8D1CAA953A72A57AE5C1939A8C463FC1CCFC7F2ECF6B0D5BA13DB75CE2B3072B3833428EC4A0174E0A1871EFA7CE7CE9DC7FAFAFA8E9F3C79F2CCE5CB97FF90C695EB030303A74F9C3871240DD26F6CDDBAB53BBDE6787ACDEFE3756E5200F527C096AB04D8898D5E62EBEE75626758875D2A0B98C8B7972D5BF6976980F8C7F4176E4F1A2CE22E5AD57399E2F1BD783E96C77AB17EBE01A03E04D87295003BB974DCF879F3D7B79D1D9E20984E56B17E77BC3EDF2600B0C008B0E52A01766ADADBDBEF4B8174495353D373E9B137D5A7A96E8C86D5788C9F7B47972F89F5F36D00000B94005BAE126001000A08B0E52A011600A080005BAE126001000A08B0E52A011600A080005BAE126001000A08B0E52A011600A080005BAE126001000A08B0E52A011600A080005BAE126001000A08B0E52A011600A080005BAE126001000A08B0E52A011600A080005BAE126001000A08B0E52A011600A080005BAE126001000A08B0E52A011600A080005BAE126001000AF4F6F6DEB979F3E6B820A5EA5FE97D389F02ECADFC3D0200A0465F5FDFF98B172F8E0B53AAFEF5F9E79FFF6B0AB0EFE5EF110000350E1E3CF88B43870E5DBB70E1C26533B1F353E9F77EE1B3CF3EFB4D0AAF67523D90BF470000642234C5CC5FAAE1380753D5BDE2F71EBF7FE115000000000000000000000000000000000000000000000060A1FA7F89EF50DF8C3E36840000000049454E44AE426082, 1);
INSERT INTO `act_ge_bytearray` VALUES ('dc1417b0-2139-11ed-89a5-3887d5e2c283', 2, 'source', NULL, 0x3C3F786D6C2076657273696F6E3D22312E302220656E636F64696E673D225554462D38223F3E0A3C62706D6E323A646566696E6974696F6E7320786D6C6E733A7873693D22687474703A2F2F7777772E77332E6F72672F323030312F584D4C536368656D612D696E7374616E63652220786D6C6E733A62706D6E323D22687474703A2F2F7777772E6F6D672E6F72672F737065632F42504D4E2F32303130303532342F4D4F44454C2220786D6C6E733A62706D6E64693D22687474703A2F2F7777772E6F6D672E6F72672F737065632F42504D4E2F32303130303532342F44492220786D6C6E733A64633D22687474703A2F2F7777772E6F6D672E6F72672F737065632F44442F32303130303532342F44432220786D6C6E733A64693D22687474703A2F2F7777772E6F6D672E6F72672F737065632F44442F32303130303532342F44492220786D6C6E733A666C6F7761626C653D22687474703A2F2F666C6F7761626C652E6F72672F62706D6E222069643D226469616772616D5F50726F636573735F3136363130373633323335343322207461726765744E616D6573706163653D22687474703A2F2F666C6F7761626C652E6F72672F62706D6E223E3C62706D6E323A70726F636573732069643D227369676E22206E616D653D22E8AEBEE5A487E68AA5E4BFAE2220697345786563757461626C653D2274727565223E3C62706D6E323A757365725461736B2069643D2241637469766974795F30387432626B6522206E616D653D22E8AEBEE5A487E7BBB4E4BFAE223E3C62706D6E323A696E636F6D696E673E466C6F775F31336E723464353C2F62706D6E323A696E636F6D696E673E3C62706D6E323A6F7574676F696E673E466C6F775F306F6E727864633C2F62706D6E323A6F7574676F696E673E3C2F62706D6E323A757365725461736B3E3C62706D6E323A757365725461736B2069643D2241637469766974795F30696E3274336322206E616D653D22E8AEBEE5A487E6A380E69FA5223E3C62706D6E323A696E636F6D696E673E466C6F775F306F6E727864633C2F62706D6E323A696E636F6D696E673E3C62706D6E323A6F7574676F696E673E466C6F775F307A6E327665313C2F62706D6E323A6F7574676F696E673E3C62706D6E323A6D756C7469496E7374616E63654C6F6F7043686172616374657269737469637320666C6F7761626C653A6578636C75736976653D2266616C73652220666C6F7761626C653A636F6C6C656374696F6E3D22247B636F6C6C5F757365724C6973747D22202F3E3C2F62706D6E323A757365725461736B3E3C62706D6E323A73657175656E6365466C6F772069643D22466C6F775F306F6E727864632220736F757263655265663D2241637469766974795F30387432626B6522207461726765745265663D2241637469766974795F30696E3274336322202F3E3C62706D6E323A656E644576656E742069643D224576656E745F316A686B37313722206E616D653D22E7BB93E69D9F223E3C62706D6E323A696E636F6D696E673E466C6F775F307A6E327665313C2F62706D6E323A696E636F6D696E673E3C2F62706D6E323A656E644576656E743E3C62706D6E323A73657175656E6365466C6F772069643D22466C6F775F307A6E327665312220736F757263655265663D2241637469766974795F30696E3274336322207461726765745265663D224576656E745F316A686B37313722202F3E3C62706D6E323A73746172744576656E742069643D224576656E745F3037776D66616B223E3C62706D6E323A6F7574676F696E673E466C6F775F31717631376C6C3C2F62706D6E323A6F7574676F696E673E3C2F62706D6E323A73746172744576656E743E3C62706D6E323A757365725461736B2069643D2241637469766974795F31326E6B61787822206E616D653D22E59198E5B7A5E68AA5E4BFAE223E3C62706D6E323A696E636F6D696E673E466C6F775F31717631376C6C3C2F62706D6E323A696E636F6D696E673E3C62706D6E323A6F7574676F696E673E466C6F775F31336E723464353C2F62706D6E323A6F7574676F696E673E3C2F62706D6E323A757365725461736B3E3C62706D6E323A73657175656E6365466C6F772069643D22466C6F775F31717631376C6C2220736F757263655265663D224576656E745F3037776D66616B22207461726765745265663D2241637469766974795F31326E6B61787822202F3E3C62706D6E323A73657175656E6365466C6F772069643D22466C6F775F31336E723464352220736F757263655265663D2241637469766974795F31326E6B61787822207461726765745265663D2241637469766974795F30387432626B6522202F3E3C2F62706D6E323A70726F636573733E3C62706D6E64693A42504D4E4469616772616D2069643D2242504D4E4469616772616D5F31223E3C62706D6E64693A42504D4E506C616E652069643D227369676E5F6469222062706D6E456C656D656E743D227369676E223E3C62706D6E64693A42504D4E456467652069643D22466C6F775F307A6E327665315F6469222062706D6E456C656D656E743D22466C6F775F307A6E32766531223E3C64693A776179706F696E7420783D223737302220793D2233303022202F3E3C64693A776179706F696E7420783D223833322220793D2233303022202F3E3C2F62706D6E64693A42504D4E456467653E3C62706D6E64693A42504D4E456467652069643D22466C6F775F306F6E727864635F6469222062706D6E456C656D656E743D22466C6F775F306F6E72786463223E3C64693A776179706F696E7420783D223631302220793D2233303022202F3E3C64693A776179706F696E7420783D223637302220793D2233303022202F3E3C2F62706D6E64693A42504D4E456467653E3C62706D6E64693A42504D4E456467652069643D22466C6F775F31717631376C6C5F6469222062706D6E456C656D656E743D22466C6F775F31717631376C6C223E3C64693A776179706F696E7420783D223138382220793D2232393022202F3E3C64693A776179706F696E7420783D223234392220793D2232393022202F3E3C64693A776179706F696E7420783D223234392220793D2233303022202F3E3C64693A776179706F696E7420783D223331302220793D2233303022202F3E3C2F62706D6E64693A42504D4E456467653E3C62706D6E64693A42504D4E456467652069643D22466C6F775F31336E723464355F6469222062706D6E456C656D656E743D22466C6F775F31336E72346435223E3C64693A776179706F696E7420783D223431302220793D2233303022202F3E3C64693A776179706F696E7420783D223531302220793D2233303022202F3E3C2F62706D6E64693A42504D4E456467653E3C62706D6E64693A42504D4E53686170652069643D2241637469766974795F30387432626B655F6469222062706D6E456C656D656E743D2241637469766974795F30387432626B65223E3C64633A426F756E647320783D223531302220793D22323630222077696474683D2231303022206865696768743D22383022202F3E3C2F62706D6E64693A42504D4E53686170653E3C62706D6E64693A42504D4E53686170652069643D2241637469766974795F30696E327433635F6469222062706D6E456C656D656E743D2241637469766974795F30696E32743363223E3C64633A426F756E647320783D223637302220793D22323630222077696474683D2231303022206865696768743D22383022202F3E3C2F62706D6E64693A42504D4E53686170653E3C62706D6E64693A42504D4E53686170652069643D224576656E745F316A686B3731375F6469222062706D6E456C656D656E743D224576656E745F316A686B373137223E3C64633A426F756E647320783D223833322220793D22323832222077696474683D22333622206865696768743D22333622202F3E3C62706D6E64693A42504D4E4C6162656C3E3C64633A426F756E647320783D223833392220793D22333235222077696474683D22323222206865696768743D22313422202F3E3C2F62706D6E64693A42504D4E4C6162656C3E3C2F62706D6E64693A42504D4E53686170653E3C62706D6E64693A42504D4E53686170652069643D224576656E745F3037776D66616B5F6469222062706D6E456C656D656E743D224576656E745F3037776D66616B223E3C64633A426F756E647320783D223135322220793D22323732222077696474683D22333622206865696768743D22333622202F3E3C2F62706D6E64693A42504D4E53686170653E3C62706D6E64693A42504D4E53686170652069643D2241637469766974795F31326E6B6178785F6469222062706D6E456C656D656E743D2241637469766974795F31326E6B617878223E3C64633A426F756E647320783D223331302220793D22323630222077696474683D2231303022206865696768743D22383022202F3E3C2F62706D6E64693A42504D4E53686170653E3C2F62706D6E64693A42504D4E506C616E653E3C2F62706D6E64693A42504D4E4469616772616D3E3C2F62706D6E323A646566696E6974696F6E733E, NULL);
INSERT INTO `act_ge_bytearray` VALUES ('e5a7d347-ca0d-11ed-b90d-2016b9c02335', 1, 'var-field115', NULL, 0xACED0005737200136A6176612E7574696C2E41727261794C6973747881D21D99C7619D03000149000473697A6578700000000277040000000274000A323032332D30332D323474000A323032332D30332D333178, NULL);
INSERT INTO `act_ge_bytearray` VALUES ('e5a86f89-ca0d-11ed-b90d-2016b9c02335', 1, 'hist.var-field115', NULL, 0xACED0005737200136A6176612E7574696C2E41727261794C6973747881D21D99C7619D03000149000473697A6578700000000277040000000274000A323032332D30332D323474000A323032332D30332D333178, NULL);
INSERT INTO `act_ge_bytearray` VALUES ('e5a8969a-ca0d-11ed-b90d-2016b9c02335', 1, 'hist.detail.var-field115', NULL, 0xACED0005737200136A6176612E7574696C2E41727261794C6973747881D21D99C7619D03000149000473697A6578700000000277040000000274000A323032332D30332D323474000A323032332D30332D333178, NULL);
INSERT INTO `act_ge_bytearray` VALUES ('e61a9725-ca2b-11ed-9c60-2016b9c02335', 1, 'sign.bpmn', 'e61a9724-ca2b-11ed-9c60-2016b9c02335', 0x3C3F786D6C2076657273696F6E3D22312E302220656E636F64696E673D225554462D38223F3E0A3C62706D6E323A646566696E6974696F6E7320786D6C6E733A7873693D22687474703A2F2F7777772E77332E6F72672F323030312F584D4C536368656D612D696E7374616E63652220786D6C6E733A62706D6E323D22687474703A2F2F7777772E6F6D672E6F72672F737065632F42504D4E2F32303130303532342F4D4F44454C2220786D6C6E733A62706D6E64693D22687474703A2F2F7777772E6F6D672E6F72672F737065632F42504D4E2F32303130303532342F44492220786D6C6E733A64633D22687474703A2F2F7777772E6F6D672E6F72672F737065632F44442F32303130303532342F44432220786D6C6E733A64693D22687474703A2F2F7777772E6F6D672E6F72672F737065632F44442F32303130303532342F44492220786D6C6E733A666C6F7761626C653D22687474703A2F2F666C6F7761626C652E6F72672F62706D6E222069643D226469616772616D5F50726F636573735F3136363130373633323335343322207461726765744E616D6573706163653D22687474703A2F2F666C6F7761626C652E6F72672F62706D6E223E3C62706D6E323A70726F636573732069643D227369676E22206E616D653D22E8AEBEE5A487E68AA5E4BFAE2220697345786563757461626C653D2274727565223E3C62706D6E323A757365725461736B2069643D2241637469766974795F30387432626B6522206E616D653D22E8AEBEE5A487E7BBB4E4BFAE223E3C62706D6E323A696E636F6D696E673E466C6F775F31336E723464353C2F62706D6E323A696E636F6D696E673E3C62706D6E323A6F7574676F696E673E466C6F775F306F6E727864633C2F62706D6E323A6F7574676F696E673E3C2F62706D6E323A757365725461736B3E3C62706D6E323A757365725461736B2069643D2241637469766974795F30696E3274336322206E616D653D22E8AEBEE5A487E6A380E69FA5223E3C62706D6E323A696E636F6D696E673E466C6F775F306F6E727864633C2F62706D6E323A696E636F6D696E673E3C62706D6E323A6F7574676F696E673E466C6F775F307A6E327665313C2F62706D6E323A6F7574676F696E673E3C62706D6E323A6D756C7469496E7374616E63654C6F6F7043686172616374657269737469637320666C6F7761626C653A6578636C75736976653D2266616C73652220666C6F7761626C653A636F6C6C656374696F6E3D22247B636F6C6C5F757365724C6973747D22202F3E3C2F62706D6E323A757365725461736B3E3C62706D6E323A73657175656E6365466C6F772069643D22466C6F775F306F6E727864632220736F757263655265663D2241637469766974795F30387432626B6522207461726765745265663D2241637469766974795F30696E3274336322202F3E3C62706D6E323A656E644576656E742069643D224576656E745F316A686B37313722206E616D653D22E7BB93E69D9F223E3C62706D6E323A696E636F6D696E673E466C6F775F307A6E327665313C2F62706D6E323A696E636F6D696E673E3C2F62706D6E323A656E644576656E743E3C62706D6E323A73657175656E6365466C6F772069643D22466C6F775F307A6E327665312220736F757263655265663D2241637469766974795F30696E3274336322207461726765745265663D224576656E745F316A686B37313722202F3E3C62706D6E323A73746172744576656E742069643D224576656E745F3037776D66616B223E3C62706D6E323A6F7574676F696E673E466C6F775F31717631376C6C3C2F62706D6E323A6F7574676F696E673E3C2F62706D6E323A73746172744576656E743E3C62706D6E323A757365725461736B2069643D2241637469766974795F31326E6B61787822206E616D653D22E59198E5B7A5E68AA5E4BFAE223E3C62706D6E323A696E636F6D696E673E466C6F775F31717631376C6C3C2F62706D6E323A696E636F6D696E673E3C62706D6E323A6F7574676F696E673E466C6F775F31336E723464353C2F62706D6E323A6F7574676F696E673E3C2F62706D6E323A757365725461736B3E3C62706D6E323A73657175656E6365466C6F772069643D22466C6F775F31717631376C6C2220736F757263655265663D224576656E745F3037776D66616B22207461726765745265663D2241637469766974795F31326E6B61787822202F3E3C62706D6E323A73657175656E6365466C6F772069643D22466C6F775F31336E723464352220736F757263655265663D2241637469766974795F31326E6B61787822207461726765745265663D2241637469766974795F30387432626B6522202F3E3C2F62706D6E323A70726F636573733E3C62706D6E64693A42504D4E4469616772616D2069643D2242504D4E4469616772616D5F31223E3C62706D6E64693A42504D4E506C616E652069643D227369676E5F6469222062706D6E456C656D656E743D227369676E223E3C62706D6E64693A42504D4E456467652069643D22466C6F775F307A6E327665315F6469222062706D6E456C656D656E743D22466C6F775F307A6E32766531223E3C64693A776179706F696E7420783D223737302220793D2233303022202F3E3C64693A776179706F696E7420783D223833322220793D2233303022202F3E3C2F62706D6E64693A42504D4E456467653E3C62706D6E64693A42504D4E456467652069643D22466C6F775F306F6E727864635F6469222062706D6E456C656D656E743D22466C6F775F306F6E72786463223E3C64693A776179706F696E7420783D223631302220793D2233303022202F3E3C64693A776179706F696E7420783D223637302220793D2233303022202F3E3C2F62706D6E64693A42504D4E456467653E3C62706D6E64693A42504D4E456467652069643D22466C6F775F31717631376C6C5F6469222062706D6E456C656D656E743D22466C6F775F31717631376C6C223E3C64693A776179706F696E7420783D223138382220793D2232393022202F3E3C64693A776179706F696E7420783D223234392220793D2232393022202F3E3C64693A776179706F696E7420783D223234392220793D2233303022202F3E3C64693A776179706F696E7420783D223331302220793D2233303022202F3E3C2F62706D6E64693A42504D4E456467653E3C62706D6E64693A42504D4E456467652069643D22466C6F775F31336E723464355F6469222062706D6E456C656D656E743D22466C6F775F31336E72346435223E3C64693A776179706F696E7420783D223431302220793D2233303022202F3E3C64693A776179706F696E7420783D223531302220793D2233303022202F3E3C2F62706D6E64693A42504D4E456467653E3C62706D6E64693A42504D4E53686170652069643D2241637469766974795F30387432626B655F6469222062706D6E456C656D656E743D2241637469766974795F30387432626B65223E3C64633A426F756E647320783D223531302220793D22323630222077696474683D2231303022206865696768743D22383022202F3E3C2F62706D6E64693A42504D4E53686170653E3C62706D6E64693A42504D4E53686170652069643D2241637469766974795F30696E327433635F6469222062706D6E456C656D656E743D2241637469766974795F30696E32743363223E3C64633A426F756E647320783D223637302220793D22323630222077696474683D2231303022206865696768743D22383022202F3E3C2F62706D6E64693A42504D4E53686170653E3C62706D6E64693A42504D4E53686170652069643D224576656E745F316A686B3731375F6469222062706D6E456C656D656E743D224576656E745F316A686B373137223E3C64633A426F756E647320783D223833322220793D22323832222077696474683D22333622206865696768743D22333622202F3E3C62706D6E64693A42504D4E4C6162656C3E3C64633A426F756E647320783D223833392220793D22333235222077696474683D22323222206865696768743D22313422202F3E3C2F62706D6E64693A42504D4E4C6162656C3E3C2F62706D6E64693A42504D4E53686170653E3C62706D6E64693A42504D4E53686170652069643D224576656E745F3037776D66616B5F6469222062706D6E456C656D656E743D224576656E745F3037776D66616B223E3C64633A426F756E647320783D223135322220793D22323732222077696474683D22333622206865696768743D22333622202F3E3C2F62706D6E64693A42504D4E53686170653E3C62706D6E64693A42504D4E53686170652069643D2241637469766974795F31326E6B6178785F6469222062706D6E456C656D656E743D2241637469766974795F31326E6B617878223E3C64633A426F756E647320783D223331302220793D22323630222077696474683D2231303022206865696768743D22383022202F3E3C2F62706D6E64693A42504D4E53686170653E3C2F62706D6E64693A42504D4E506C616E653E3C2F62706D6E64693A42504D4E4469616772616D3E3C2F62706D6E323A646566696E6974696F6E733E, 0);
INSERT INTO `act_ge_bytearray` VALUES ('e62a4e96-ca2b-11ed-9c60-2016b9c02335', 1, 'sign.sign.png', 'e61a9724-ca2b-11ed-9c60-2016b9c02335', 0x89504E470D0A1A0A0000000D494844520000036E0000015E0806000000FDB44CE30000162349444154785EEDDDDB8F94759A07F039249BB97476672EBD99ABF91766F6662F66B29B3571E602ED8360DA340A461331029D5DDD0CA8C92E779E4624D9643D4E7625F645E39A751564495C4F109441378E0B1E00591ADA9686159091DAF747BADCF2D7D558DD0DF53E55BFCF27F9A6E1ADAAF77DA19EA7FAF97555577DE73B000000000000000000000000000000000000000000000000000000000000000000000000000000000000000000000000000000000000000000000000000000000000000000000000000000000000000000000000000000000000000000000000000000000000000000000000000000000000000000000000000000000000000000000000000000000000000000000000000000000000000000000000000000000000000000000000000000000000000000000000000000000000000000000000000000000000000000000000000000000000000000000000000000000000000000000000000000000000000000000000000000000000000000000000000000000000000000000000000000000000000000000000000000000000000000000000000000000000000000000000000000000000000000000000000000000000000000000000000000000000000000000000000000000000000000000000000000000000000000000000000000000000000000000000000000000000000000000000000000000000000000000000000000000000000000000000000000000000000000000000000000000000000000000000000000000000000000000000000000000000000000000000000000000000000000000000000000000000000000000000000000000000000000000000000000000000000000000000000000000000000000000000000000000000000000000000000000000000000000000000000000000000000000000000000000000000000000000000000000000000000000000000000000000000000000000000000000000000000000000000000000000000000000000000000000000000000000000000000000000000000000000000000000000000000000000000000000000000000000000000000000000000000000000000000000000000000000000000000000000000000000000000000000000000000000000000000000000000000000000000000000000000000000000000000000000000000000000000000000000000000000000000000000000000000000000000000000000000000000000000000000000000000000000000000000000000000000000000000000000000000000000000000000000000000000000000000000000000000000000000000000000000000000000000000000000000000000000000000000000000000000000000000000000000000000007CADD168FCC9C183079F7DEDB5D7BEDCBE7D7BE3A5975E922EA7FA7FBFB06BD7AE4F77ECD8F1ABFCFEA15EFAA3FE94DC1FEAAFFE945C7F0004530D055BAB6F4A8D63C78E35CE9C39D33877EE9C7439E9FF3DFDFFEFDCB9F36435285C93DF47D4477FD49F92FB43FDD59F92EB0F8060D24F72D337A5FC9B95743F478F1E3D510D066FE6F711F5D11F7152627FA8BF3829B1FE000826BDFCC64F726324DD0FD5607036BF8FA88FFE889312FB43FDC54989F5074030E935FCF93728A92FE9FEC8EF23EAA33F62A5B4FE507FB1525AFD01104CA783C1E9CF8F360EBEF54F8D775FBEF762D29FD3B6FC7AB2B4180C62D11FB1525A7FA8BF5829ADFE0008A693C1E0D4F491C6FE17FFAEF1CEBFAEFB46D2B674597E7D597C0C06B1E88F5829AD3FD45FAC94567F0004D3C96070E8DD893943413387DFDD36E7FAB2F8180C62D11FB1525A7FA8BF5829ADFE0008A693C1E0BF5ED934672068265D965F5F161F83412CFA23564AEB0FF5172BA5D51F00C1743218EC7F69C39C81A09974597E7D597C0C06B1E88F5829AD3FD45FAC94567F00046330881583412CFA23564AEB0FF5172BA5D51F00C1743218A47729CB078266D265F9F565F13118C4A23F62A5B4FE507FB1525AFD0197D1C99327FF746262E2DE471E79E49D8D1B379E181B1B3B73EBADB75E181C1C6CAC5EBDFAFCDAB56B67EEBEFBEE4FEEBDF7DE6DEBD6ADFBABEA26DFCDF7019D0C061FBCFAC89C81A09974597E7D597C0C06B1E88F5829AD3FD45FAC94567FC065F0C61B6FAC7EE081078EAC5AB5AA512DD61A5BB76E6DECD9B3A771E0C081C6D4D45423495FD3DFD3F674F9FAF5EB2F8C8E8E9EAB16702F0E0F0FFF24DF27E5EA6430983AB2AFB1FFDF7F33672848DBD265F9F565F13118C4A23F62A5B4FE507FB1525AFD014BB06FDFBEBF7EF4D1473FBDE5965B1ACF3DF75CE3F8F1E31717699D4AD74FB7AB16705FDE79E79DCF0E0D0DFD283F06E5E9643048F970F793730683B42DBF9E2C2D068358F447AC94D61FEA2F564AAB3F6011AA35D7F75F78E18589B4607BE289271AA74E9DCAD7640B926E9FF6333232F2C5F2E5CB7F9D1F8FB27434189C3DDBF8E03F37CF190CD2B674D99CEBCBA2633088457FC44A69FDA1FE62A5B4FA0316A85A675DF5D4534FFDE1B6DB6E6B1C3C78305F832D49DA5FB5183C333A3ABA313F2EE5F8B6C1E0D4F491C61F5E7D78CE50D04CBA2C5D27BF9D2C2E068358F447AC94D61FEA2F564AAB3F6001AAB5D5550F3DF4D0F43DF7DCD3989E9ECED75D9745DAEFD8D8D81737DE78E393F9F129C3BC83C1D9B38DA31FEC68FCFEDFFE76CE3090275D275DD74F77971E83412CFA23564AEB0FF5172BA5D51FD0A16A4DF5FDA79E7AEA83B4684B0F165752DAFFDAB56B3FBFE1861BEECECF83FED76E30F8B69FE2CE173FDD5D7A0C06B1E88F5829AD3FD45FAC94567F4087D2EFB4DD7EFBED57EC99B65C3ACECA952B67060707AFCDCF85FED66E30E8E4A7B8F325DD36DF9F741E83412CFA23564AEB0FF5172BA5D51FD081BD7BF75E93DE88E472FF4EDBB749C75BBE7CF9F475D75DF7E3FC9CE85FED0683FC9BFD4293EF4F3A8FC12016FD112BA5F587FA8B95D2EA0FE8407ACBFFF4AE8F75D8BC79F3A78383830FE6E744FF6A3718487D3118C4A23F62A5B4FE507FB1525AFD2DD6C8C8C855D52CB96C6060E0A1EAEBF62A1F56F9A24A63F66BFAFBF6D9CB97A5EBE7FB809E903E5C3B3DDB36333393AFA9BA221D77C58A15277D4877390C06B1623088457FC44A69FDA1FE62A5B4FA5BA8A1A1A15F560BB1F12AE76617699D265D7F3CDD3EDF2784F6C0030F1C191F1FCFD7535DF5E4934F1EA81A684B7E6EF4278341AC180C62D11FB1525A7FA8BF5829ADFE3A552DB87E56CD8DAFB759902D26AFA7FDE5C78070666666FE6CF5EAD58DC9C9C97C2DD555D5F1FF383C3C7C6CC3860DDFCBCF91FE6330881583412CFA23564AEB0FF5172BA5D5DFB7191919F9C1C0C0C06FABC5D6857C01B666CD9AC633CF3CD3D8B3674FE3C081038DA9A9A98B3366FA9AFE9EB6A7CBD3F5F2DBA6FDA5FDA6FDE7C784309E7FFEF98D636363D932AA1E2B57AEFCA86A9C9FE7E748FF3118C48AC12016FD112BA5F587FA8B95D2EAEF52AA19F1EAA1A1A1775A175CC3C3C38D2D5BB6340E1F3E9C8F959794AE9F6E976E9F2DE0DE4EC7C98F0D213CFCF0C3BFDFBA756B5ECFB578ECB1C752B3FC437E8EF41F8341AC180C62D11FB1525A7FA8BF5829ADFEE6532DD87E5AE548EB226BD3A64D8D43870EE5E3E482A4DBA7FD648BB743E978F93940ED366EDC78223D751CC1AE5DBBF60D0C0C4CE4E748FF3118C48AC12016FD112BA5F587FA8B95D2EAAF9DF40C58EBA22D3D4B363131918F914B92F6973DFB76C8336F84B37EFDFA33DDFEECB6F9BCFFFEFBE9A5926FE5E748FF3118C48AC12016FD112BA5F587FA8B95D2EA2F977EE7ACF5E59137DD745363EFDEBDF9087959A4FDA6FDB72CDEDEF63B6F84B27AF5EA0B9F7DF6595EBBB5989A9A3A5535C991FC1CE93F068358297D3088467FC44A69FDA1FE62A5B4FACBCDBE11C9D7CFB45DA9455B53DA7FEB336FE9F8F939416D56AC58D1387FFE7C5EB7B5A8CE63A6E5A71C4525BF5FFA9DC120564A1F0CA2D11FB1525A7FA8BF5829ADFE5ACDBEE5FF57CD5969DBB66DF9E87845A4E3B4CC685FF9A800C258B56AD5F928CFB81D3F7EFCBF070B7CC6CDC24DEA4EC9834144FA23564AEB0FF5172BA5D55FABC196CF694B6F20D24DD91B96BC9E9F1BD4E2AEBBEE9A89F23B6EEFBDF7DEEEC1027FC7CDC24DEA4EC9834144FA23564AEB0FF5172BA5D55FD3F5D75FFF8BE6C229BD7471A9EF1EB950E978AD2F994CE7939F2374DD3DF7DC7328CABB4ABEFCF2CBDB4B7C57490B37A93BA50E0651E98F5829AD3FD45FAC94567F4DD56C34DE5C34A5CF5BAB433A6ECBB36EE3F93942D76DD8B0615B94CF71BBFFFEFB539316F7396E166E52774A1D0CA2D21FB1525A7FA8BF5829ADFE92E1E1E11F56B3D1B9E6A2A9DBCFB635A5E3B62CDCCEA5F3CACF15BA6A6C6CEC2FD7AF5F7F212FD61A9CAF1A625FD5183FCFCFB1DFF5D3C2ADFAB7BC52E52FF2ED398341AC943818D4417FF466FAA53FD45F6FA65FEAAFA9933AAC2E5FD65C30AD59B3269F17BB2A1DBF65F1B62C3F57E8AA0D1B367C6FE5CA95E7262727F35AEDAAC3870FBF5A35C4D1743EF939F6BB3E5BB8351FDC2EF9C06C3088957E1B0CA2D21FBD997EE90FF5D79BE997FA6BEAA40EABED0F37AFF7F4D34FE7236357A5E3B79CF3C3F9B942D7AD5BB7EEC5F1F1F1BC56BBEABEFBEEFB5DD5105BF2732B417A30C8B7F5AA9607B74B3E301B0C62A5DF0683A8F4476FA65FFA43FDF566FAA5FE9A3AA9C3A1A1A11DCDCB77EFDE9D8F8C5D958EDF3C97745EADE709B5181E1EFEC9E8E8E89733333379BD76C5F4F4F49B55434CA6F3C8CFAD04E9C120DFD6ABDA3C20B77D603618C44ABF0D0651B5E90BFDD103E997FE685377EAAF07D22FF5D7D4A6FEE6D461F5F593E6F6BADFF93C1DBFE51C3FC9FE39508F3BEFBCF3D9279E7822AFD7AEA88EFD2F55333C989F5329D28341BEAD57B57920CE73F181D960102BFD361844D5A61FF2E88F80E997FE68536F79D45FC0F44BFD35B5A9BB3CA90EFFB7F9F7BA3F6B381DBF792E43434333F9BF076A71DD75D7FD786464E48B6EFF6463F7EEDDE9259293E9F8F93995A2CD8356DFC760102BF9FD23F527BF8FA4BEE4F74DBFC7E373ACE4F74F69397FFE7C3E3A76553A7ECBF9FC319FE1A036CB972FFFF5AA55ABCE4C4F4FE7757B454C4E4EFE47D5041F57B9363F177A53FE80DB925706BD14276CFAED27BA51B5E90BFDD103E997FE685377EAAF07D22FF5D7D4A6FEE6D4617A66ABB9DD336E7009A3A3A31BC7C6C6BE480F1657D2D9B367DF1B1E1E7EAB6A82BFC9CF81DE75A907E256D10683EA94DAA65B97D79D7E1B0CA2D21F8BBBBCEEF44B7FA8BFC55D5E77FAA5FE9A3AA9C341BFE3069DBBF1C61B9F5CBB76EDE757EA99B7C9C9C99D69D15635C03FE6C7A6B75DEA81B855C4C1E052DBAEF4E575A7DF0683A8F4C7E22EAF3BFDD21FEA6F7197D79D7EA9BFA64EEAD0BB4AC202DD70C30D778F8E8ECE5CEE9F74CCFE4EDB279E69EB4F977A206E653068BFADAEF4DB601095FE58DCE575A75FFA43FD2DEEF2BAD32FF5D7D4491D0EFA1C3758B8AA40AF5DBE7CF9F4E6CD9B3F3D75EA545ECB0BF2F9E79FBF31FBEE919369BFF9B1288BC1A0FDB6BAD26F8341AFD31FEDB7D595D2FA43FDB5DF56574AABBFA49A139735174B6BD6ACC947CAAEBAE38E3B2EB42CDC96E5E70AA10C0D0DFDA82AD40757AC5871F2F1C71F3F70FCF8F185BCBDCFF923478EBCBA71E3C68BEF1C99F693F6971F83F2180CDA6FAB2B250E0691E98FF6DBEA4A69FDA1FEDA6FAB2BA5D55F323C3CFCC36A663CD75C301D3A74289F2FBB221DB765D1762E9D577EAE1052FA70ECAA68B7540BAFC99B6FBEF9E3C71E7B6CEFAE5DBBF6BDFFFEFB9F9C3871E27455DFA72627270FBEFBEEBBBBAB079997EEBFFFFEF1EA36FBAADBFC4FBA5DA91FAE4D7B0683F6DBEA4A89834164FAA3FDB6BA525A7FA8BFF6DBEA4A69F5D754CD8EE3CD45D3962D5BF2355557A4E3B62CDCC6F373845EF0DDEBAFBFFECFAB05DCDF0F0C0C4C5485FC669543B3459DBEBE99B6A7CBD3F5D2F5F31D80C1A0FDB6BA52EA601095FE68BFADAE94D61FEAAFFDB6BA525AFD355533E42F9A8BA6E1E1E1AE3FEB968E57CDB25FBF4C329D4F7E8E0045883818B44BB72EAF3BA50E0651E98F6F5E5E774AEB0FF5F7CDCBEB4E69F5D7AA5A30BDDE5C386DDAB4295F5B5D51E9782DCFB6BD9E9F1B4031A20D06A5A7E4C12022FD112BA5F587FA8B95D2EAAFD5D0D0D0CFAA45D357CD05D4B66DDBF2F5D515918ED3B268FB2A9D477E6E00C53018C44AC9834144FA23564AEB0FF5172BA5D55F6E6060E0B7AD2F99DCBB776FBECEBAACD2FE5B5F22998E9F9F1340510C06B152FA60108DFE8895D2FA43FDC54A69F5971B1919F941B5807ABBB990BAE9A69BAED8E22DEDB73ADED7CFF0A5E3A6E3E7E70450148341AC943E1844A33F62A5B4FE507FB1525AFDB5532DA0AE1EFCFF37C2BBF8CCDBC4C444BEEE5A92B4BFD667DA668F77757E2E00C53118C48AC12016FD112BA5F587FA8B95D2EA6F3ED5A2EAA7AD8BB794F406224B7DB7C974FBEC8D482E2EDAD2F1F273002892C120560C06B1E88F5829AD3FD45FAC94567F9732FBCCDBD72F9B4C49CFBEA5CF5B3B7CF870BE26BBA474FD74BBEC59B68B2F8F4CC7C98F0D502C8341AC180C62D11FB1525A7FA8BF5829ADFEBE4DFA9DB3D9372CC9175C8D356BD6349E79E699C69E3D7B1A070E1C684C4D4D5D5CA4A5AFE9EF697BBAFC8E3BEE9873DBB4BFB45FBFD306903118C48AC12016FD112BA5F587FA8B95D2EAAF53B31F15F0F5E7BC2D31AF7BCB7F8079180C62C560108BFE8895D2FA43FDC54A69F5B750D582EB97D5C26BBCCAB9360BB24B255D7F3CDD3EDF27002D0C06B1623088457FC44A69FDA1FE62A5B4FA5BAC919191ABAA85D8B281818187AAAFDBAB7C58E58BD9455AFA9AFEBE7DF6F265E9FAF93E0068C360102B068358F447AC94D61FEA2F564AAB3F00823118C48AC12016FD112BA5F587FA8B95D2EA0F80600C06B1623088457FC44A69FDA1FE62A5B4FA0320188341AC180C62D11FB1525A7FA8BF5829ADFE0008C660102B068358F447AC94D61FBD547FA74F9F6EECDFBFFFE2D7A56C8F9CD2EA0F80607A69302821068358F447AC94D61FBD547F6911569DF2C5AF4BD91E39A5D51F00C1F4D26050420C06B1E88F5829AD3F7AA9FEE65B882D747BE494567F0004D34B8341093118C4A23F62A5B4FEE8A5FA9B6F21B6D0ED91535AFD01104C2F0D0625C460108BFE8895D2FAA397EA6FBE85D842B7474E69F5074030BD3418941083412CFA23564AEB8F5EAABFF916620BDD1E39A5D51F00C1F4D26050420C06B1E88F5829AD3F7AA9FEE65B882D747BE494567F0004D34B8341093118C4A23F62A5B4FEE8A5FA9B6F21B6D0ED91535AFD01104C2F0D0625C460108BFE8895D2FAA397EA6FBE85D842B7474E69F5074030BD3418941083412CFA23564AEB8F5EAABFF916620BDD1E39A5D51F00C1F4D26050420C06B1E88F5829AD3F7AA9FEE65B882D747BE494567F0004D34B8341093118C4A23F62A5B4FEE8A5FA9B6F21B6D0ED91535AFD01104C2F0D0625C460108BFE8895D2FAA397EA6FBE85D842B7474E69F5074030DBB76FBF70E6CC9939DFA0A4FBA9EE874FABC1E06C7E1F511FFD112725F6472FD5DF7C0BB1856E8F9A12EB0F806076EDDAF5E9B163C7E67C9392EEE7E38F3FFEE76A307833BF8FA88FFE889312FBA397EAEFF4E9D3171761E9EB52B6474D89F50740303B76ECF8D5CE9D3B4F1E3D7AF444AFFC64B7DF52FDBF1FFDE8A38F7E570D059F54B926BF8FA88FFEA83F25F787FAAB3F25D71F0001A56F46E9278955CEA5D7F04BD793FEDFD3FFBFA120A074BFCCDE3FFAA39E14DD1FE9DF3DFBEF577FF5A4E8FA030000000000000000000000000000000000000000000000000000000000002E93FF03377926F5D070B5F30000000049454E44AE426082, 1);
INSERT INTO `act_ge_bytearray` VALUES ('e9d682cc-cd5f-11ed-997c-2016b9c02335', 1, 'var-field111', NULL, 0xACED0005737200136A6176612E7574696C2E41727261794C6973747881D21D99C7619D03000149000473697A65787000000002770400000002737200116A6176612E6C616E672E496E746567657212E2A0A4F781873802000149000576616C7565787200106A6176612E6C616E672E4E756D62657286AC951D0B94E08B0200007870000000017371007E00020000000278, NULL);
INSERT INTO `act_ge_bytearray` VALUES ('e9d71f0e-cd5f-11ed-997c-2016b9c02335', 1, 'hist.var-field111', NULL, 0xACED0005737200136A6176612E7574696C2E41727261794C6973747881D21D99C7619D03000149000473697A65787000000002770400000002737200116A6176612E6C616E672E496E746567657212E2A0A4F781873802000149000576616C7565787200106A6176612E6C616E672E4E756D62657286AC951D0B94E08B0200007870000000017371007E00020000000278, NULL);
INSERT INTO `act_ge_bytearray` VALUES ('e9d71f0f-cd5f-11ed-997c-2016b9c02335', 1, 'hist.detail.var-field111', NULL, 0xACED0005737200136A6176612E7574696C2E41727261794C6973747881D21D99C7619D03000149000473697A65787000000002770400000002737200116A6176612E6C616E672E496E746567657212E2A0A4F781873802000149000576616C7565787200106A6176612E6C616E672E4E756D62657286AC951D0B94E08B0200007870000000017371007E00020000000278, NULL);
INSERT INTO `act_ge_bytearray` VALUES ('ee136955-ca2a-11ed-9c60-2016b9c02335', 1, 'sign.bpmn', 'ee136954-ca2a-11ed-9c60-2016b9c02335', 0x3C3F786D6C2076657273696F6E3D22312E302220656E636F64696E673D225554462D38223F3E0A3C62706D6E323A646566696E6974696F6E7320786D6C6E733A7873693D22687474703A2F2F7777772E77332E6F72672F323030312F584D4C536368656D612D696E7374616E63652220786D6C6E733A62706D6E323D22687474703A2F2F7777772E6F6D672E6F72672F737065632F42504D4E2F32303130303532342F4D4F44454C2220786D6C6E733A62706D6E64693D22687474703A2F2F7777772E6F6D672E6F72672F737065632F42504D4E2F32303130303532342F44492220786D6C6E733A64633D22687474703A2F2F7777772E6F6D672E6F72672F737065632F44442F32303130303532342F44432220786D6C6E733A64693D22687474703A2F2F7777772E6F6D672E6F72672F737065632F44442F32303130303532342F44492220786D6C6E733A666C6F7761626C653D22687474703A2F2F666C6F7761626C652E6F72672F62706D6E222069643D226469616772616D5F50726F636573735F3136363130373633323335343322207461726765744E616D6573706163653D22687474703A2F2F666C6F7761626C652E6F72672F62706D6E223E3C62706D6E323A70726F636573732069643D227369676E22206E616D653D22E8AEBEE5A487E68AA5E4BFAE2220697345786563757461626C653D2274727565223E3C62706D6E323A757365725461736B2069643D2241637469766974795F30387432626B6522206E616D653D22E8AEBEE5A487E7BBB4E4BFAE223E3C62706D6E323A696E636F6D696E673E466C6F775F31336E723464353C2F62706D6E323A696E636F6D696E673E3C62706D6E323A6F7574676F696E673E466C6F775F306F6E727864633C2F62706D6E323A6F7574676F696E673E3C2F62706D6E323A757365725461736B3E3C62706D6E323A757365725461736B2069643D2241637469766974795F30696E3274336322206E616D653D22E8AEBEE5A487E6A380E69FA5223E3C62706D6E323A696E636F6D696E673E466C6F775F306F6E727864633C2F62706D6E323A696E636F6D696E673E3C62706D6E323A6F7574676F696E673E466C6F775F307A6E327665313C2F62706D6E323A6F7574676F696E673E3C62706D6E323A6D756C7469496E7374616E63654C6F6F7043686172616374657269737469637320666C6F7761626C653A6578636C75736976653D2266616C73652220666C6F7761626C653A636F6C6C656374696F6E3D22247B636F6C6C5F757365724C6973747D22202F3E3C2F62706D6E323A757365725461736B3E3C62706D6E323A73657175656E6365466C6F772069643D22466C6F775F306F6E727864632220736F757263655265663D2241637469766974795F30387432626B6522207461726765745265663D2241637469766974795F30696E3274336322202F3E3C62706D6E323A656E644576656E742069643D224576656E745F316A686B37313722206E616D653D22E7BB93E69D9F223E3C62706D6E323A696E636F6D696E673E466C6F775F307A6E327665313C2F62706D6E323A696E636F6D696E673E3C2F62706D6E323A656E644576656E743E3C62706D6E323A73657175656E6365466C6F772069643D22466C6F775F307A6E327665312220736F757263655265663D2241637469766974795F30696E3274336322207461726765745265663D224576656E745F316A686B37313722202F3E3C62706D6E323A73746172744576656E742069643D224576656E745F3037776D66616B223E3C62706D6E323A6F7574676F696E673E466C6F775F31717631376C6C3C2F62706D6E323A6F7574676F696E673E3C2F62706D6E323A73746172744576656E743E3C62706D6E323A757365725461736B2069643D2241637469766974795F31326E6B61787822206E616D653D22E59198E5B7A5E68AA5E4BFAE223E3C62706D6E323A696E636F6D696E673E466C6F775F31717631376C6C3C2F62706D6E323A696E636F6D696E673E3C62706D6E323A6F7574676F696E673E466C6F775F31336E723464353C2F62706D6E323A6F7574676F696E673E3C2F62706D6E323A757365725461736B3E3C62706D6E323A73657175656E6365466C6F772069643D22466C6F775F31717631376C6C2220736F757263655265663D224576656E745F3037776D66616B22207461726765745265663D2241637469766974795F31326E6B61787822202F3E3C62706D6E323A73657175656E6365466C6F772069643D22466C6F775F31336E723464352220736F757263655265663D2241637469766974795F31326E6B61787822207461726765745265663D2241637469766974795F30387432626B6522202F3E3C2F62706D6E323A70726F636573733E3C62706D6E64693A42504D4E4469616772616D2069643D2242504D4E4469616772616D5F31223E3C62706D6E64693A42504D4E506C616E652069643D227369676E5F6469222062706D6E456C656D656E743D227369676E223E3C62706D6E64693A42504D4E456467652069643D22466C6F775F307A6E327665315F6469222062706D6E456C656D656E743D22466C6F775F307A6E32766531223E3C64693A776179706F696E7420783D223737302220793D2233303022202F3E3C64693A776179706F696E7420783D223833322220793D2233303022202F3E3C2F62706D6E64693A42504D4E456467653E3C62706D6E64693A42504D4E456467652069643D22466C6F775F306F6E727864635F6469222062706D6E456C656D656E743D22466C6F775F306F6E72786463223E3C64693A776179706F696E7420783D223631302220793D2233303022202F3E3C64693A776179706F696E7420783D223637302220793D2233303022202F3E3C2F62706D6E64693A42504D4E456467653E3C62706D6E64693A42504D4E456467652069643D22466C6F775F31717631376C6C5F6469222062706D6E456C656D656E743D22466C6F775F31717631376C6C223E3C64693A776179706F696E7420783D223138382220793D2232393022202F3E3C64693A776179706F696E7420783D223234392220793D2232393022202F3E3C64693A776179706F696E7420783D223234392220793D2233303022202F3E3C64693A776179706F696E7420783D223331302220793D2233303022202F3E3C2F62706D6E64693A42504D4E456467653E3C62706D6E64693A42504D4E456467652069643D22466C6F775F31336E723464355F6469222062706D6E456C656D656E743D22466C6F775F31336E72346435223E3C64693A776179706F696E7420783D223431302220793D2233303022202F3E3C64693A776179706F696E7420783D223531302220793D2233303022202F3E3C2F62706D6E64693A42504D4E456467653E3C62706D6E64693A42504D4E53686170652069643D2241637469766974795F30387432626B655F6469222062706D6E456C656D656E743D2241637469766974795F30387432626B65223E3C64633A426F756E647320783D223531302220793D22323630222077696474683D2231303022206865696768743D22383022202F3E3C2F62706D6E64693A42504D4E53686170653E3C62706D6E64693A42504D4E53686170652069643D2241637469766974795F30696E327433635F6469222062706D6E456C656D656E743D2241637469766974795F30696E32743363223E3C64633A426F756E647320783D223637302220793D22323630222077696474683D2231303022206865696768743D22383022202F3E3C2F62706D6E64693A42504D4E53686170653E3C62706D6E64693A42504D4E53686170652069643D224576656E745F316A686B3731375F6469222062706D6E456C656D656E743D224576656E745F316A686B373137223E3C64633A426F756E647320783D223833322220793D22323832222077696474683D22333622206865696768743D22333622202F3E3C62706D6E64693A42504D4E4C6162656C3E3C64633A426F756E647320783D223833392220793D22333235222077696474683D22323222206865696768743D22313422202F3E3C2F62706D6E64693A42504D4E4C6162656C3E3C2F62706D6E64693A42504D4E53686170653E3C62706D6E64693A42504D4E53686170652069643D224576656E745F3037776D66616B5F6469222062706D6E456C656D656E743D224576656E745F3037776D66616B223E3C64633A426F756E647320783D223135322220793D22323732222077696474683D22333622206865696768743D22333622202F3E3C2F62706D6E64693A42504D4E53686170653E3C62706D6E64693A42504D4E53686170652069643D2241637469766974795F31326E6B6178785F6469222062706D6E456C656D656E743D2241637469766974795F31326E6B617878223E3C64633A426F756E647320783D223331302220793D22323630222077696474683D2231303022206865696768743D22383022202F3E3C2F62706D6E64693A42504D4E53686170653E3C2F62706D6E64693A42504D4E506C616E653E3C2F62706D6E64693A42504D4E4469616772616D3E3C2F62706D6E323A646566696E6974696F6E733E, 0);
INSERT INTO `act_ge_bytearray` VALUES ('ee23e416-ca2a-11ed-9c60-2016b9c02335', 1, 'sign.sign.png', 'ee136954-ca2a-11ed-9c60-2016b9c02335', 0x89504E470D0A1A0A0000000D494844520000036E0000015E0806000000FDB44CE30000162349444154785EEDDDDB8F94759A07F039249BB97476672EBD99ABF91766F6662F66B29B3571E602ED8360DA340A461331029D5DDD0CA8C92E779E4624D9643D4E7625F645E39A751564495C4F109441378E0B1E00591ADA9686159091DAF747BADCF2D7D558DD0DF53E55BFCF27F9A6E1ADAAF77DA19EA7FAF97555577DE73B000000000000000000000000000000000000000000000000000000000000000000000000000000000000000000000000000000000000000000000000000000000000000000000000000000000000000000000000000000000000000000000000000000000000000000000000000000000000000000000000000000000000000000000000000000000000000000000000000000000000000000000000000000000000000000000000000000000000000000000000000000000000000000000000000000000000000000000000000000000000000000000000000000000000000000000000000000000000000000000000000000000000000000000000000000000000000000000000000000000000000000000000000000000000000000000000000000000000000000000000000000000000000000000000000000000000000000000000000000000000000000000000000000000000000000000000000000000000000000000000000000000000000000000000000000000000000000000000000000000000000000000000000000000000000000000000000000000000000000000000000000000000000000000000000000000000000000000000000000000000000000000000000000000000000000000000000000000000000000000000000000000000000000000000000000000000000000000000000000000000000000000000000000000000000000000000000000000000000000000000000000000000000000000000000000000000000000000000000000000000000000000000000000000000000000000000000000000000000000000000000000000000000000000000000000000000000000000000000000000000000000000000000000000000000000000000000000000000000000000000000000000000000000000000000000000000000000000000000000000000000000000000000000000000000000000000000000000000000000000000000000000000000000000000000000000000000000000000000000000000000000000000000000000000000000000000000000000000000000000000000000000000000000000000000000000000000000000000000000000000000000000000000000000000000000000000000000000000000000000000000000000000000000000000000000000000000000000000000000000000000000000000000000000000000000007CADD168FCC9C183079F7DEDB5D7BEDCBE7D7BE3A5975E922EA7FA7FBFB06BD7AE4F77ECD8F1ABFCFEA15EFAA3FE94DC1FEAAFFE945C7F0004530D055BAB6F4A8D63C78E35CE9C39D33877EE9C7439E9FF3DFDFFEFDCB9F36435285C93DF47D4477FD49F92FB43FDD59F92EB0F8060D24F72D337A5FC9B95743F478F1E3D510D066FE6F711F5D11F7152627FA8BF3829B1FE000826BDFCC64F726324DD0FD5607036BF8FA88FFE889312FB43FDC54989F5074030E935FCF93728A92FE9FEC8EF23EAA33F62A5B4FE507FB1525AFD01104CA783C1E9CF8F360EBEF54F8D775FBEF762D29FD3B6FC7AB2B4180C62D11FB1525A7FA8BF5829ADFE0008A693C1E0D4F491C6FE17FFAEF1CEBFAEFB46D2B674597E7D597C0C06B1E88F5829AD3FD45FAC94567F0004D3C96070E8DD893943413387DFDD36E7FAB2F8180C62D11FB1525A7FA8BF5829ADFE0008A693C1E0BF5ED934672068265D965F5F161F83412CFA23564AEB0FF5172BA5D51F00C1743218EC7F69C39C81A09974597E7D597C0C06B1E88F5829AD3FD45FAC94567F00046330881583412CFA23564AEB0FF5172BA5D51F00C1743218A47729CB078266D265F9F565F13118C4A23F62A5B4FE507FB1525AFD0197D1C99327FF746262E2DE471E79E49D8D1B379E181B1B3B73EBADB75E181C1C6CAC5EBDFAFCDAB56B67EEBEFBEE4FEEBDF7DE6DEBD6ADFBABEA26DFCDF7019D0C061FBCFAC89C81A09974597E7D597C0C06B1E88F5829AD3FD45FAC94567FC065F0C61B6FAC7EE081078EAC5AB5AA512DD61A5BB76E6DECD9B3A771E0C081C6D4D45423495FD3DFD3F674F9FAF5EB2F8C8E8E9EAB16702F0E0F0FFF24DF27E5EA6430983AB2AFB1FFDF7F33672848DBD265F9F565F13118C4A23F62A5B4FE507FB1525AFD014BB06FDFBEBF7EF4D1473FBDE5965B1ACF3DF75CE3F8F1E31717699D4AD74FB7AB16705FDE79E79DCF0E0D0DFD283F06E5E9643048F970F793730683B42DBF9E2C2D068358F447AC94D61FEA2F564AAB3F6011AA35D7F75F78E18589B4607BE289271AA74E9DCAD7640B926E9FF6333232F2C5F2E5CB7F9D1F8FB27434189C3DDBF8E03F37CF190CD2B674D99CEBCBA2633088457FC44A69FDA1FE62A5B4FA0316A85A675DF5D4534FFDE1B6DB6E6B1C3C78305F832D49DA5FB5183C333A3ABA313F2EE5F8B6C1E0D4F491C61F5E7D78CE50D04CBA2C5D27BF9D2C2E068358F447AC94D61FEA2F564AAB3F6001AAB5D5550F3DF4D0F43DF7DCD3989E9ECED75D9745DAEFD8D8D81737DE78E393F9F129C3BC83C1D9B38DA31FEC68FCFEDFFE76CE3090275D275DD74F77971E83412CFA23564AEB0FF5172BA5D51FD0A16A4DF5FDA79E7AEA83B4684B0F165752DAFFDAB56B3FBFE1861BEECECF83FED76E30F8B69FE2CE173FDD5D7A0C06B1E88F5829AD3FD45FAC94567F4087D2EFB4DD7EFBED57EC99B65C3ACECA952B67060707AFCDCF85FED66E30E8E4A7B8F325DD36DF9F741E83412CFA23564AEB0FF5172BA5D51FD081BD7BF75E93DE88E472FF4EDBB749C75BBE7CF9F475D75DF7E3FC9CE85FED0683FC9BFD4293EF4F3A8FC12016FD112BA5F587FA8B95D2EA0FE8407ACBFFF4AE8F75D8BC79F3A78383830FE6E744FF6A3718487D3118C4A23F62A5B4FE507FB1525AFD2DD6C8C8C855D52CB96C6060E0A1EAEBF62A1F56F9A24A63F66BFAFBF6D9CB97A5EBE7FB809E903E5C3B3DDB36333393AFA9BA221D77C58A15277D4877390C06B1623088457FC44A69FDA1FE62A5B4FA5BA8A1A1A15F560BB1F12AE76617699D265D7F3CDD3EDF2784F6C0030F1C191F1FCFD7535DF5E4934F1EA81A684B7E6EF4278341AC180C62D11FB1525A7FA8BF5829ADFE3A552DB87E56CD8DAFB759902D26AFA7FDE5C78070666666FE6CF5EAD58DC9C9C97C2DD555D5F1FF383C3C7C6CC3860DDFCBCF91FE6330881583412CFA23564AEB0FF5172BA5D5DFB7191919F9C1C0C0C06FABC5D6857C01B666CD9AC633CF3CD3D8B3674FE3C081038DA9A9A98B3366FA9AFE9EB6A7CBD3F5F2DBA6FDA5FDA6FDE7C784309E7FFEF98D636363D932AA1E2B57AEFCA86A9C9FE7E748FF3118C48AC12016FD112BA5F587FA8B95D2EAEF52AA19F1EAA1A1A1775A175CC3C3C38D2D5BB6340E1F3E9C8F959794AE9F6E976E9F2DE0DE4EC7C98F0D213CFCF0C3BFDFBA756B5ECFB578ECB1C752B3FC437E8EF41F8341AC180C62D11FB1525A7FA8BF5829ADFEE6532DD87E5AE548EB226BD3A64D8D43870EE5E3E482A4DBA7FD648BB743E978F93940ED366EDC78223D751CC1AE5DBBF60D0C0C4CE4E748FF3118C48AC12016FD112BA5F587FA8B95D2EAAF9DF40C58EBA22D3D4B363131918F914B92F6973DFB76C8336F84B37EFDFA33DDFEECB6F9BCFFFEFBE9A5926FE5E748FF3118C48AC12016FD112BA5F587FA8B95D2EA2F977EE7ACF5E59137DD745363EFDEBDF9087959A4FDA6FDB72CDEDEF63B6F84B27AF5EA0B9F7DF6595EBBB5989A9A3A5535C991FC1CE93F068358297D3088467FC44A69FDA1FE62A5B4FACBCDBE11C9D7CFB45DA9455B53DA7FEB336FE9F8F939416D56AC58D1387FFE7C5EB7B5A8CE63A6E5A71C4525BF5FFA9DC120564A1F0CA2D11FB1525A7FA8BF5829ADFE5ACDBEE5FF57CD5969DBB66DF9E87845A4E3B4CC685FF9A800C258B56AD5F928CFB81D3F7EFCBF070B7CC6CDC24DEA4EC9834144FA23564AEB0FF5172BA5D55FABC196CF694B6F20D24DD91B96BC9E9F1BD4E2AEBBEE9A89F23B6EEFBDF7DEEEC1027FC7CDC24DEA4EC9834144FA23564AEB0FF5172BA5D55FD3F5D75FFF8BE6C229BD7471A9EF1EB950E978AD2F994CE7939F2374DD3DF7DC7328CABB4ABEFCF2CBDB4B7C57490B37A93BA50E0651E98F5829AD3FD45FAC94567F4DD56C34DE5C34A5CF5BAB433A6ECBB36EE3F93942D76DD8B0615B94CF71BBFFFEFB539316F7396E166E52774A1D0CA2D21FB1525A7FA8BF5829ADFE92E1E1E11F56B3D1B9E6A2A9DBCFB635A5E3B62CDCCEA5F3CACF15BA6A6C6CEC2FD7AF5F7F212FD61A9CAF1A625FD5183FCFCFB1DFF5D3C2ADFAB7BC52E52FF2ED398341AC943818D4417FF466FAA53FD45F6FA65FEAAFA9933AAC2E5FD65C30AD59B3269F17BB2A1DBF65F1B62C3F57E8AA0D1B367C6FE5CA95E7262727F35AEDAAC3870FBF5A35C4D1743EF939F6BB3E5BB8351FDC2EF9C06C3088957E1B0CA2D21FBD997EE90FF5D79BE997FA6BEAA40EABED0F37AFF7F4D34FE7236357A5E3B79CF3C3F9B942D7AD5BB7EEC5F1F1F1BC56BBEABEFBEEFB5DD5105BF2732B417A30C8B7F5AA9607B74B3E301B0C62A5DF0683A8F4476FA65FFA43FDF566FAA5FE9A3AA9C3A1A1A11DCDCB77EFDE9D8F8C5D958EDF3C97745EADE709B5181E1EFEC9E8E8E89733333379BD76C5F4F4F49B55434CA6F3C8CFAD04E9C120DFD6ABDA3C20B77D603618C44ABF0D0651B5E90BFDD103E997FE685377EAAF07D22FF5D7D4A6FEE6D461F5F593E6F6BADFF93C1DBFE51C3FC9FE39508F3BEFBCF3D9279E7822AFD7AEA88EFD2F55333C989F5329D28341BEAD57B57920CE73F181D960102BFD361844D5A61FF2E88F80E997FE68536F79D45FC0F44BFD35B5A9BB3CA90EFFB7F9F7BA3F6B381DBF792E43434333F9BF076A71DD75D7FD786464E48B6EFF6463F7EEDDE9259293E9F8F93995A2CD8356DFC760102BF9FD23F527BF8FA4BEE4F74DBFC7E373ACE4F74F69397FFE7C3E3A76553A7ECBF9FC319FE1A036CB972FFFF5AA55ABCE4C4F4FE7757B454C4E4EFE47D5041F57B9363F177A53FE80DB925706BD14276CFAED27BA51B5E90BFDD103E997FE685377EAAF07D22FF5D7D4A6FEE6D4617A66ABB9DD336E7009A3A3A31BC7C6C6BE480F1657D2D9B367DF1B1E1E7EAB6A82BFC9CF81DE75A907E256D10683EA94DAA65B97D79D7E1B0CA2D21F8BBBBCEEF44B7FA8BFC55D5E77FAA5FE9A3AA9C341BFE3069DBBF1C61B9F5CBB76EDE757EA99B7C9C9C99D69D15635C03FE6C7A6B75DEA81B855C4C1E052DBAEF4E575A7DF0683A8F4C7E22EAF3BFDD21FEA6F7197D79D7EA9BFA64EEAD0BB4AC202DD70C30D778F8E8ECE5CEE9F74CCFE4EDB279E69EB4F977A206E653068BFADAEF4DB601095FE58DCE575A75FFA43FD2DEEF2BAD32FF5D7D4491D0EFA1C3758B8AA40AF5DBE7CF9F4E6CD9B3F3D75EA545ECB0BF2F9E79FBF31FBEE919369BFF9B1288BC1A0FDB6BAD26F8341AFD31FEDB7D595D2FA43FDB5DF56574AABBFA49A139735174B6BD6ACC947CAAEBAE38E3B2EB42CDC96E5E70AA10C0D0DFDA82AD40757AC5871F2F1C71F3F70FCF8F185BCBDCFF923478EBCBA71E3C68BEF1C99F693F6971F83F2180CDA6FAB2B250E0691E98FF6DBEA4A69FDA1FEDA6FAB2BA5D55F323C3CFCC36A663CD75C301D3A74289F2FBB221DB765D1762E9D577EAE1052FA70ECAA68B7540BAFC99B6FBEF9E3C71E7B6CEFAE5DBBF6BDFFFEFB9F9C3871E27455DFA72627270FBEFBEEBBBBAB079997EEBFFFFEF1EA36FBAADBFC4FBA5DA91FAE4D7B0683F6DBEA4A89834164FAA3FDB6BA525A7FA8BFF6DBEA4A69F5D754CD8EE3CD45D3962D5BF2355557A4E3B62CDCC6F373845EF0DDEBAFBFFECFAB05DCDF0F0C0C4C5485FC669543B3459DBEBE99B6A7CBD3F5D2F5F31D80C1A0FDB6BA52EA601095FE68BFADAE94D61FEAAFFDB6BA525AFD355533E42F9A8BA6E1E1E1AE3FEB968E57CDB25FBF4C329D4F7E8E0045883818B44BB72EAF3BA50E0651E98F6F5E5E774AEB0FF5F7CDCBEB4E69F5D7AA5A30BDDE5C386DDAB4295F5B5D51E9782DCFB6BD9E9F1B4031A20D06A5A7E4C12022FD112BA5F587FA8B95D2EAAFD5D0D0D0CFAA45D357CD05D4B66DDBF2F5D515918ED3B268FB2A9D477E6E00C53018C44AC9834144FA23564AEB0FF5172BA5D55F6E6060E0B7AD2F99DCBB776FBECEBAACD2FE5B5F22998E9F9F1340510C06B152FA60108DFE8895D2FA43FDC54A69F5971B1919F941B5807ABBB990BAE9A69BAED8E22DEDB73ADED7CFF0A5E3A6E3E7E70450148341AC943E1844A33F62A5B4FE507FB1525AFDB5532DA0AE1EFCFF37C2BBF8CCDBC4C444BEEE5A92B4BFD667DA668F77757E2E00C53118C48AC12016FD112BA5F587FA8B95D2EA6F3ED5A2EAA7AD8BB794F406224B7DB7C974FBEC8D482E2EDAD2F1F273002892C120560C06B1E88F5829AD3FD45FAC94567F9732FBCCDBD72F9B4C49CFBEA5CF5B3B7CF870BE26BBA474FD74BBEC59B68B2F8F4CC7C98F0D502C8341AC180C62D11FB1525A7FA8BF5829ADFEBE4DFA9DB3D9372CC9175C8D356BD6349E79E699C69E3D7B1A070E1C684C4D4D5D5CA4A5AFE9EF697BBAFC8E3BEE9873DBB4BFB45FBFD306903118C48AC12016FD112BA5F587FA8B95D2EAAF53B31F15F0F5E7BC2D31AF7BCB7F8079180C62C560108BFE8895D2FA43FDC54A69F5B750D582EB97D5C26BBCCAB9360BB24B255D7F3CDD3EDF27002D0C06B1623088457FC44A69FDA1FE62A5B4FA5BAC919191ABAA85D8B281818187AAAFDBAB7C58E58BD9455AFA9AFEBE7DF6F265E9FAF93E0068C360102B068358F447AC94D61FEA2F564AAB3F00823118C48AC12016FD112BA5F587FA8B95D2EA0F80600C06B1623088457FC44A69FDA1FE62A5B4FA0320188341AC180C62D11FB1525A7FA8BF5829ADFE0008C660102B068358F447AC94D61FBD547FA74F9F6EECDFBFFFE2D7A56C8F9CD2EA0F80607A69302821068358F447AC94D61FBD547F6911569DF2C5AF4BD91E39A5D51F00C1F4D26050420C06B1E88F5829AD3F7AA9FEE65B882D747BE494567F0004D34B8341093118C4A23F62A5B4FEE8A5FA9B6F21B6D0ED91535AFD01104C2F0D0625C460108BFE8895D2FAA397EA6FBE85D842B7474E69F5074030BD3418941083412CFA23564AEB8F5EAABFF916620BDD1E39A5D51F00C1F4D26050420C06B1E88F5829AD3F7AA9FEE65B882D747BE494567F0004D34B8341093118C4A23F62A5B4FEE8A5FA9B6F21B6D0ED91535AFD01104C2F0D0625C460108BFE8895D2FAA397EA6FBE85D842B7474E69F5074030BD3418941083412CFA23564AEB8F5EAABFF916620BDD1E39A5D51F00C1F4D26050420C06B1E88F5829AD3F7AA9FEE65B882D747BE494567F0004D34B8341093118C4A23F62A5B4FEE8A5FA9B6F21B6D0ED91535AFD01104C2F0D0625C460108BFE8895D2FAA397EA6FBE85D842B7474E69F5074030DBB76FBF70E6CC9939DFA0A4FBA9EE874FABC1E06C7E1F511FFD112725F6472FD5DF7C0BB1856E8F9A12EB0F806076EDDAF5E9B163C7E67C9392EEE7E38F3FFEE76A307833BF8FA88FFE889312FBA397EAEFF4E9D3171761E9EB52B6474D89F50740303B76ECF8D5CE9D3B4F1E3D7AF444AFFC64B7DF52FDBF1FFDE8A38F7E570D059F54B926BF8FA88FFEA83F25F787FAAB3F25D71F0001A56F46E9278955CEA5D7F04BD793FEDFD3FFBFA120A074BFCCDE3FFAA39E14DD1FE9DF3DFBEF577FF5A4E8FA030000000000000000000000000000000000000000000000000000000000002E93FF03377926F5D070B5F30000000049454E44AE426082, 1);
INSERT INTO `act_ge_bytearray` VALUES ('f3d4e236-ca2c-11ed-9c60-2016b9c02335', 1, 'source', NULL, 0x3C3F786D6C2076657273696F6E3D22312E302220656E636F64696E673D225554462D38223F3E0A3C62706D6E323A646566696E6974696F6E7320786D6C6E733A7873693D22687474703A2F2F7777772E77332E6F72672F323030312F584D4C536368656D612D696E7374616E63652220786D6C6E733A62706D6E323D22687474703A2F2F7777772E6F6D672E6F72672F737065632F42504D4E2F32303130303532342F4D4F44454C2220786D6C6E733A62706D6E64693D22687474703A2F2F7777772E6F6D672E6F72672F737065632F42504D4E2F32303130303532342F44492220786D6C6E733A64633D22687474703A2F2F7777772E6F6D672E6F72672F737065632F44442F32303130303532342F44432220786D6C6E733A64693D22687474703A2F2F7777772E6F6D672E6F72672F737065632F44442F32303130303532342F4449222069643D226469616772616D5F50726F636573735F3136373936353239323334343522207461726765744E616D6573706163653D22687474703A2F2F666C6F7761626C652E6F72672F62706D6E223E3C62706D6E323A70726F636573732069643D2272657061697222206E616D653D22E8AEBEE5A487E7BBB4E4BFAE2220697345786563757461626C653D2274727565223E3C62706D6E323A73746172744576656E742069643D224576656E745F31343930636367223E3C62706D6E323A6F7574676F696E673E466C6F775F30326F313977323C2F62706D6E323A6F7574676F696E673E3C2F62706D6E323A73746172744576656E743E3C62706D6E323A656E644576656E742069643D224576656E745F3172706D396874223E3C62706D6E323A696E636F6D696E673E466C6F775F307676303977393C2F62706D6E323A696E636F6D696E673E3C2F62706D6E323A656E644576656E743E3C62706D6E323A757365725461736B2069643D2241637469766974795F313268686F793522206E616D653D22E59198E5B7A5E68AA5E4BFAE223E3C62706D6E323A696E636F6D696E673E466C6F775F30326F313977323C2F62706D6E323A696E636F6D696E673E3C62706D6E323A6F7574676F696E673E466C6F775F307338353665393C2F62706D6E323A6F7574676F696E673E3C2F62706D6E323A757365725461736B3E3C62706D6E323A757365725461736B2069643D2241637469766974795F3078683964776322206E616D653D22E8AEBEE5A487E7BBB4E4BFAE223E3C62706D6E323A696E636F6D696E673E466C6F775F307338353665393C2F62706D6E323A696E636F6D696E673E3C62706D6E323A6F7574676F696E673E466C6F775F30317063376B783C2F62706D6E323A6F7574676F696E673E3C2F62706D6E323A757365725461736B3E3C62706D6E323A757365725461736B2069643D2241637469766974795F316E653374686422206E616D653D22E7BB93E69E9CE6A380E6B58B223E3C62706D6E323A696E636F6D696E673E466C6F775F30317063376B783C2F62706D6E323A696E636F6D696E673E3C62706D6E323A6F7574676F696E673E466C6F775F307676303977393C2F62706D6E323A6F7574676F696E673E3C2F62706D6E323A757365725461736B3E3C62706D6E323A73657175656E6365466C6F772069643D22466C6F775F30326F313977322220736F757263655265663D224576656E745F3134393063636722207461726765745265663D2241637469766974795F313268686F793522202F3E3C62706D6E323A73657175656E6365466C6F772069643D22466C6F775F307338353665392220736F757263655265663D2241637469766974795F313268686F793522207461726765745265663D2241637469766974795F3078683964776322202F3E3C62706D6E323A73657175656E6365466C6F772069643D22466C6F775F30317063376B782220736F757263655265663D2241637469766974795F3078683964776322207461726765745265663D2241637469766974795F316E653374686422202F3E3C62706D6E323A73657175656E6365466C6F772069643D22466C6F775F307676303977392220736F757263655265663D2241637469766974795F316E653374686422207461726765745265663D224576656E745F3172706D39687422202F3E3C2F62706D6E323A70726F636573733E3C62706D6E64693A42504D4E4469616772616D2069643D2242504D4E4469616772616D5F31223E3C62706D6E64693A42504D4E506C616E652069643D227265706169725F6469222062706D6E456C656D656E743D22726570616972223E3C62706D6E64693A42504D4E456467652069643D22466C6F775F30326F313977325F6469222062706D6E456C656D656E743D22466C6F775F30326F31397732223E3C64693A776179706F696E7420783D223230382220793D2232393022202F3E3C64693A776179706F696E7420783D223331302220793D2232393022202F3E3C2F62706D6E64693A42504D4E456467653E3C62706D6E64693A42504D4E456467652069643D22466C6F775F307338353665395F6469222062706D6E456C656D656E743D22466C6F775F30733835366539223E3C64693A776179706F696E7420783D223431302220793D2232393022202F3E3C64693A776179706F696E7420783D223533302220793D2232393022202F3E3C2F62706D6E64693A42504D4E456467653E3C62706D6E64693A42504D4E456467652069643D22466C6F775F30317063376B785F6469222062706D6E456C656D656E743D22466C6F775F30317063376B78223E3C64693A776179706F696E7420783D223633302220793D2232393022202F3E3C64693A776179706F696E7420783D223734302220793D2232393022202F3E3C2F62706D6E64693A42504D4E456467653E3C62706D6E64693A42504D4E456467652069643D22466C6F775F307676303977395F6469222062706D6E456C656D656E743D22466C6F775F30767630397739223E3C64693A776179706F696E7420783D223834302220793D2232393022202F3E3C64693A776179706F696E7420783D223933322220793D2232393022202F3E3C2F62706D6E64693A42504D4E456467653E3C62706D6E64693A42504D4E53686170652069643D224576656E745F313439306363675F6469222062706D6E456C656D656E743D224576656E745F31343930636367223E3C64633A426F756E647320783D223137322220793D22323732222077696474683D22333622206865696768743D22333622202F3E3C2F62706D6E64693A42504D4E53686170653E3C62706D6E64693A42504D4E53686170652069643D224576656E745F3172706D3968745F6469222062706D6E456C656D656E743D224576656E745F3172706D396874223E3C64633A426F756E647320783D223933322220793D22323732222077696474683D22333622206865696768743D22333622202F3E3C2F62706D6E64693A42504D4E53686170653E3C62706D6E64693A42504D4E53686170652069643D2241637469766974795F313268686F79355F6469222062706D6E456C656D656E743D2241637469766974795F313268686F7935223E3C64633A426F756E647320783D223331302220793D22323530222077696474683D2231303022206865696768743D22383022202F3E3C2F62706D6E64693A42504D4E53686170653E3C62706D6E64693A42504D4E53686170652069643D2241637469766974795F307868396477635F6469222062706D6E456C656D656E743D2241637469766974795F30786839647763223E3C64633A426F756E647320783D223533302220793D22323530222077696474683D2231303022206865696768743D22383022202F3E3C2F62706D6E64693A42504D4E53686170653E3C62706D6E64693A42504D4E53686170652069643D2241637469766974795F316E65337468645F6469222062706D6E456C656D656E743D2241637469766974795F316E6533746864223E3C64633A426F756E647320783D223734302220793D22323530222077696474683D2231303022206865696768743D22383022202F3E3C2F62706D6E64693A42504D4E53686170653E3C2F62706D6E64693A42504D4E506C616E653E3C2F62706D6E64693A42504D4E4469616772616D3E3C2F62706D6E323A646566696E6974696F6E733E, NULL);
INSERT INTO `act_ge_bytearray` VALUES ('f46b4d82-ca0a-11ed-b90d-2016b9c02335', 1, 'leave.bpmn', 'f46b4d81-ca0a-11ed-b90d-2016b9c02335', 0x3C3F786D6C2076657273696F6E3D22312E302220656E636F64696E673D225554462D38223F3E0A3C62706D6E323A646566696E6974696F6E7320786D6C6E733A7873693D22687474703A2F2F7777772E77332E6F72672F323030312F584D4C536368656D612D696E7374616E63652220786D6C6E733A62706D6E323D22687474703A2F2F7777772E6F6D672E6F72672F737065632F42504D4E2F32303130303532342F4D4F44454C2220786D6C6E733A62706D6E64693D22687474703A2F2F7777772E6F6D672E6F72672F737065632F42504D4E2F32303130303532342F44492220786D6C6E733A64693D22687474703A2F2F7777772E6F6D672E6F72672F737065632F44442F32303130303532342F44492220786D6C6E733A64633D22687474703A2F2F7777772E6F6D672E6F72672F737065632F44442F32303130303532342F4443222069643D226469616772616D5F50726F636573735F3136363037393533303330343622207461726765744E616D6573706163653D22687474703A2F2F666C6F7761626C652E6F72672F62706D6E223E3C62706D6E323A70726F636573732069643D226C6561766522206E616D653D22E8AFB7E581872220697345786563757461626C653D2274727565223E3C62706D6E323A73746172744576656E742069643D224576656E745F3175326175747622206E616D653D22E5BC80E5A78B223E3C62706D6E323A6F7574676F696E673E466C6F775F3163786F7838343C2F62706D6E323A6F7574676F696E673E3C2F62706D6E323A73746172744576656E743E3C62706D6E323A73657175656E6365466C6F772069643D22466C6F775F3163786F7838342220736F757263655265663D224576656E745F3175326175747622207461726765745265663D2241637469766974795F3133757130356D22202F3E3C62706D6E323A757365725461736B2069643D2241637469766974795F3133757130356D22206E616D653D22E7A4BEE58CBAE7AEA1E79086E59198223E3C62706D6E323A696E636F6D696E673E466C6F775F3163786F7838343C2F62706D6E323A696E636F6D696E673E3C62706D6E323A6F7574676F696E673E466C6F775F3172697230686A3C2F62706D6E323A6F7574676F696E673E3C2F62706D6E323A757365725461736B3E3C62706D6E323A656E644576656E742069643D224576656E745F30686C646A376C22206E616D653D22E7BB93E69D9F223E3C62706D6E323A696E636F6D696E673E466C6F775F3172697230686A3C2F62706D6E323A696E636F6D696E673E3C2F62706D6E323A656E644576656E743E3C62706D6E323A73657175656E6365466C6F772069643D22466C6F775F3172697230686A2220736F757263655265663D2241637469766974795F3133757130356D22207461726765745265663D224576656E745F30686C646A376C22202F3E3C2F62706D6E323A70726F636573733E3C62706D6E64693A42504D4E4469616772616D2069643D2242504D4E4469616772616D5F31223E3C62706D6E64693A42504D4E506C616E652069643D226C656176655F6469222062706D6E456C656D656E743D226C65617665223E3C62706D6E64693A42504D4E456467652069643D22466C6F775F3172697230686A5F6469222062706D6E456C656D656E743D22466C6F775F3172697230686A223E3C64693A776179706F696E7420783D223538302220793D2232383022202F3E3C64693A776179706F696E7420783D223634322220793D2232383022202F3E3C2F62706D6E64693A42504D4E456467653E3C62706D6E64693A42504D4E456467652069643D22466C6F775F3163786F7838345F6469222062706D6E456C656D656E743D22466C6F775F3163786F783834223E3C64693A776179706F696E7420783D223236382220793D2232383022202F3E3C64693A776179706F696E7420783D223438302220793D2232383022202F3E3C2F62706D6E64693A42504D4E456467653E3C62706D6E64693A42504D4E53686170652069643D224576656E745F317532617574765F6469222062706D6E456C656D656E743D224576656E745F31753261757476223E3C64633A426F756E647320783D223233322220793D22323632222077696474683D22333622206865696768743D22333622202F3E3C62706D6E64693A42504D4E4C6162656C3E3C64633A426F756E647320783D223233392220793D22333035222077696474683D22323222206865696768743D22313422202F3E3C2F62706D6E64693A42504D4E4C6162656C3E3C2F62706D6E64693A42504D4E53686170653E3C62706D6E64693A42504D4E53686170652069643D2241637469766974795F3133757130356D5F6469222062706D6E456C656D656E743D2241637469766974795F3133757130356D223E3C64633A426F756E647320783D223438302220793D22323430222077696474683D2231303022206865696768743D22383022202F3E3C2F62706D6E64693A42504D4E53686170653E3C62706D6E64693A42504D4E53686170652069643D224576656E745F30686C646A376C5F6469222062706D6E456C656D656E743D224576656E745F30686C646A376C223E3C64633A426F756E647320783D223634322220793D22323632222077696474683D22333622206865696768743D22333622202F3E3C62706D6E64693A42504D4E4C6162656C3E3C64633A426F756E647320783D223634392220793D22333035222077696474683D22323222206865696768743D22313422202F3E3C2F62706D6E64693A42504D4E4C6162656C3E3C2F62706D6E64693A42504D4E53686170653E3C2F62706D6E64693A42504D4E506C616E653E3C2F62706D6E64693A42504D4E4469616772616D3E3C2F62706D6E323A646566696E6974696F6E733E, 0);
INSERT INTO `act_ge_bytearray` VALUES ('f49b1013-ca0a-11ed-b90d-2016b9c02335', 1, 'leave.leave.png', 'f46b4d81-ca0a-11ed-b90d-2016b9c02335', 0x89504E470D0A1A0A0000000D49484452000002B00000014A0806000000E5A56C5400000FB949444154785EEDDDDD6F54677E07F07D91AABDCCB6BB97B9D9ABFD17767BD38B5DB56AA4EC5E007EC1202393409448090A60B5A15A4C905AEE92900D20556A80B06A83E20B93464D13136A290D4940246C48C5A69004F3B21888C16C01870DD3E7E778D8F163E3E3F8657CECF97CA49F269E73E63C4F3C739EF3F5C39973BEF52D0000000000000000000000000000000000000000000000000000000000000000000000000000000000000000000000000000000000000000000000000000000000000000000000000000000000000000000000000000000000000000000000000000000000000000000000000000000000000000000000000000000000000000000000000000000000000000000000000000000000000000000000000000000000000000000000000000000000000000000000000000000000000000000000000000000000000000000000000000000000000000000000000000000000000000000000000000000000000000000000000000000000000000000000000000000000000000000000000000000000000000000000000000000000000000000000000000000000000000000000000000000000000000000000000000000000000000000000000000000000000000000000000000000000000000000000000000000000000000000000000000000000000000000000000000000000000000000000000000000000000000000000000000000000000000000000000000000000000000000000000000000000000000000000000000000000000000000000000000000000000000000000000000000000000000000000000000000000000000000000000000000000000000000000000000000000000000000000000000000000000000000000000000000000000000000000000000000000000000000000000000000000000000000000000000000000000000000000000000000000000000000000000000000000000000000000000000000000000000000000000000000000000000000000000000000000000000000000000000000000000000000000000000000000803956A954FEECF4E9D32FBFF3CE3B5FF6F6F656DE78E30D55E74ABFF73B7D7D7DE70F1E3CF88BFCFD01002093C2EBFE149E2A172F5EACDCBC79B3323C3CACEA5CF17B8FDFFFA14387AEA540FB40FE1E01005023665E233CE5A14AD5BF2E5CB8703905D8F7F2F70800801A71DA8099D77254BC0F29C0DECADF2300006AC43998799052F357F17EE4EF11000035A61A60FF70F542E5F4FBFF5239F1E696918AFF8EE7F2F5D4CC4A800500283095007B7DF05CE5A3D7FFA1F2E1BF6F1853F15C2CCBD757D32F011600A0C054026CFF899E71E1B55A674F1C18B7BE9A7E09B0000005A61260FFE7AD6DE3826BB56259BEBE9A7E09B0000005A612603F7A63F3B8E05AAD5896AFAFA65F022C00400101B65C25C0020014984A808DAB0EE4C1B55AB12C5F5F4DBF04580080025309B09FBCFDFCB8E05AAD5896AFAFA65F022C004081A904D82BE78E573EFACF5F8D0BAFF15C2CCBD757D32F011600A0C054026CD4A747F68C0BB0F15CBE9E9A5909B0000005A614606FDDAA7CF2DF3BC605D8782E968D5B5F4DBB0458008002450136EEB4F5BBB7B78F0BAFD58A65EEC6357B25C0020014B86780BD75AB72E1938395DFFEC7DF8F0BAD79C53AB1AED9D89997000B005060A2005B34EB7AAF321B3BF3126001000A4C1460A732EB7AAF8AD7E6DB53532F011600A0C04401360FA5DFB4F2EDA9A997000B005060A200ABE6AF04D8A9696F6FBFAFB9B979495353D373E9B137D5A7A96EA4AA8C3EC6CFBDA3CB97C4FAF93600C6B876EDDA9FF7F4F46C79FEF9E73FECEAEABADCD9D979F391471EB91303CBDAB56B6FAF5FBF7EE8A9A79E3AB365CB96031B366CF89BF4926FE7DB00EA43802D5709B0936B6969F9793A9674A71A1E0DAB53AD58BF3B5E9F6F136870EFBEFBEEDA679E79E6DC9A356B2A29B456F6EFDF5F397AF468E5D4A953952B57AE54423CC6CFF17C2CDFB871E39D8E8E8EE114645F6F6D6DFD51BE4D606E09B0E52A0176622978FE2405D0C31304D3E9D4E1D85EDE06D0608E1F3FFEB72FBCF0C2F9871F7EB8F2CA2BAF542E5DBA341256A72AD68FD7A520FBE5BA75EB5E4E03CB0FF23680B921C096AB04D8B1DADBDBBFD7D4D4F4EB143A47FE15AFB69E78E289CABE7DFB269D2889E5B15EFEDAD85E6C37B69FB7092C72699CF8EE6BAFBDD613C175F7EEDD95EBD7AF8F4DA6DF50BC3EB69306941B6D6D6DBFCCDB03669F005BAE1260FF2485CCFB5B5A5A3EAC0D9EADADAD955DBB7655CE9E3D9B1F422615EBC7EBE2F55990FD20DAC9DB0616A9341EDCB777EFDEDF3DFAE8A395D3A74FE763C58CC4F65228BED9D1D1D195B70BCC2E01B65C25C07E2D05D71FA73A571B36B76DDB56E9EFEFCF0F19DF48BC3EB69385D8FE682FEF03B0C8A431E0BEE79E7B6E70D3A64D95C1C1C17C7C9815B1DDCECECE1B2B57AEDC93B70FCC1E01B65C25C0DE9D79BD1B5E63D6B4A7A7273F4CCC486C2F9B8DED37130B8B58DAEFBFBB77EFDE4F22BCC6603B9762FBEBD7AFBFBA7CF9F2A7F27E00B343802D57357A808D73526B4F1B58B56A55E5D8B163F9E16156C47663FB3521F603E7C4C22215E7BC3EF6D8637336F39A8B7656AF5E3D94069607F3BE003327C096AB1A3DC08E7E61EBEECCEB5C85D7AAD87EED4C6CB49FF70958E0D28EFE407C616BB6CF792D12EDB5B5B50D2E5DBAF487799F80991160CB558D1C60472F95F555354C1E3870203F1CCC8968A76616F62B97D88245262E95155709980F3B76EC389F069667F33E013323C096AB1A39C036D75CE735BE68554FD917BB0EE77D0316A8B84941CCBE0E0D0DE5FB7D5D44BB2B56ACB8E6660730BB04D87255A306D865CB96FDAC1A20E39FF4677AB5816F2ADAAB3D9520FA93F7115880E20E5BDDDDDDF93E5F577BF6EC399506965D79DF80E91360CB558D1A609BBFBE3DEC48788CEBB5CE8768B76616B63BEF23B0C00C0D0DFDC5DAB56B2B030303F9FE5E57A9FD3FA6BF902F6EDEBCF93B791F81E91160CB558D1860D3B8FEFD141887ABE1B1DEB3AF55D16E4D801D8E7EE57D051690575F7DB5ABB3B333DFD7E7C5EAD5AB3F4B03CB4FF33E0263A5FDE4AD547F953F9F1360CB558B2DC04EE57398962FA906C7B8EDEB7CCA6E3BBB24EF2BB0806CDFBEFDB7FBF7EFCFF7F379B173E7CEB8EDDF3FE57D04C6AA39084F1A2004D872D5220CB0859FC3F4FCF6EA7A2FBDF4523EECD755B45FD3E7ED795F8105A4ABABEBF2D1A347F3FD7C5EF4F5F51D6F6A6AEAC9FB088C5573109E344008B0E5AA451C60EFF9396C696939585D7EE4C8917CD8AFAB68BFDA97E8576D3F810566E3C68D37EB7DEDD77B3979F2649C42F07EDE4760AC0982C3840142802D573540801DF7394C8F67AACFCFF7B126DAAFE9E399EC7F075848D6AE5D7BE78B2FBEC8F7F37971E5CA95EB69503997F711186B82C090D748801060CB550D14606B3F87FF57FD79BE8F35D17EB52F2D2D2D43F9FF0FB080AC58B1A272FBF6ED7C3F9F17A91F715BD97C00544A4DB304D87255FEFE345ACDF7B126DAAFE9CF1FF3E321B080AC59B3E6F67CFF555C75E9D2A5FF6D36030B85F26050536F353B85A0B4D54033B0773F8731D3597D7EBE8F356660611179F2C92787E6FBBCA4AA8F3FFEF848B37360A1D06481A1D67C07D8D48509AB2CCBEB5D0D1060C77D0E9B9D030BCC854D9B36F597E52A046FBEF966AFAB1040B1C90243AD3204D8C99E9BEFE5F5AE451C60EFF939741502604E6CDEBCF94059AE03BB75EBD6B8DDA0EBC04281C902432D0176F2E5F5AE4518600B3F87CDAE030BCC85CECECEBFDEB871E39D7C479F07B75B5B5B8F37BB1317CC1A0176F2E5F5AEC51660A7A2B94477E27AFCF1C7EFD4045877E282856CF3E6CDDF59BD7AF5F0C0C040BEAFD7D5D9B367DF4E03CA85E84FDE47607A04D8C997D7BB1A31C0B6B6B67E3F8DEDC3D5E0D8DFDF9F0FFF7511EDD684D7E1E857DE576081D9B061C3EBDDDDDDF9FE5E574F3FFDF46FD2A0B22BEF1B307D02ECE4CBEB5D8D1860431ADBE3F4B091F0B86BD7AE7CF8AF8B68B726C076E77D0416A0F497E88F3A3A3ABE1C1A1ACAF7F9BA181C1C7C2F0D2803D18FBC6FC0F409B0932FAF77356A805DB66CD9CFAAE1318DF3759F858DF65A5A5AEE9E3E10FDC9FB082C50EBD6AD7B79F7EEDDF97E5F17A9ED7F4B83CAB3799F80992943809DA8CAB2BCDED5A80136A431FE7035406EDBB62D3F0CCCA968AF66F6F570DE3760015BBA74E90FDBDBDB6FD4FB3A7D478E1C89530706A2FDBC4FC0CCCC77805563AB91036C4B4BCB4FD258FF5535481E3870203F1CCC8968A726BC7E15FDC8FB062C706D6D6DBF5CB366CDCDC1C1C17C0C9813030303FF950694CF533D98F705983901B65CD5C80136343535FDBA1A26E3548263C78EE587855915DBAF3D7520DACFFB042C121D1D1D5D9D9D9D3762B09D4BB76EDDFA380D60EFA7C1E5EFF23E00B343802D57357A806D6F6FFF5E0A921F5403E5AA55ABE62CC4C676537B77677CA3DD683FEF13B088AC5CB972CFFAF5EBAFCED54CECC0C0C0A108AF6940F9E7BC6D60F608B0E5AA460FB0218DFBF7A7EAAF9D89EDE9E9C90F133312DBAB9D791D6DEFFEBC2FC022B47CF9F2A73A3A3A8666FB9CD8D1735ECF987985B927C096AB04D8AFA5F1FFC7B521362ABE6835D3AB13C4EBB32F6C8D84D7682FEF03B088A51DFFC1B6B6B6C11D3B769CBF7EFD7A3E567C2357AF5E7D77F46A0303B1DDBC2D60F609B0E52A01F64F6246B4B9E67482A8988D8DEBB59E3D7B363F844C2AD68FD765B3AE23A70D443B79DB40034803C20FD200F0EC8A152BAEBDF8E28BA72E5DBA743B1F3C2671FBDCB9736F7775758D5C6920B613DBCBDB00E686005BAE1260C78A735247BFD89507CF91DBCEEEDBB7AF72F4E8D1CAA953A72A57AE5C1939A8C463FC1CCFC7F2ECF6B0D5BA13DB75CE2B3072B3833428EC4A0174E0A1871EFA7CE7CE9DC7FAFAFA8E9F3C79F2CCE5CB97FF90C695EB030303A74F9C3871240DD26F6CDDBAB53BBDE6787ACDEFE3756E5200F527C096AB04D8898D5E62EBEE75626758875D2A0B98C8B7972D5BF6976980F8C7F4176E4F1A2CE22E5AD57399E2F1BD783E96C77AB17EBE01A03E04D87295003BB974DCF879F3D7B79D1D9E20984E56B17E77BC3EDF2600B0C008B0E52A01766ADADBDBEF4B8174495353D373E9B137D5A7A96E8C86D5788C9F7B47972F89F5F36D00000B94005BAE126001000A08B0E52A011600A080005BAE126001000A08B0E52A011600A080005BAE126001000A08B0E52A011600A080005BAE126001000A08B0E52A011600A080005BAE126001000A08B0E52A011600A080005BAE126001000A08B0E52A011600A080005BAE126001000A08B0E52A011600A080005BAE126001000A08B0E52A011600A080005BAE126001000AF4F6F6DEB979F3E6B820A5EA5FE97D389F02ECADFC3D0200A0465F5FDFF98B172F8E0B53AAFEF5F9E79FFF6B0AB0EFE5EF110000350E1E3CF88B43870E5DBB70E1C26533B1F353E9F77EE1B3CF3EFB4D0AAF67523D90BF470000642234C5CC5FAAE1380753D5BDE2F71EBF7FE115000000000000000000000000000000000000000000000060A1FA7F89EF50DF8C3E36840000000049454E44AE426082, 1);
INSERT INTO `act_ge_bytearray` VALUES ('f4bc5f4d-c991-11ed-8a10-2016b9c02335', 1, 'leave.bpmn', 'f4bc5f4c-c991-11ed-8a10-2016b9c02335', 0x3C3F786D6C2076657273696F6E3D22312E302220656E636F64696E673D225554462D38223F3E0A3C62706D6E323A646566696E6974696F6E7320786D6C6E733A7873693D22687474703A2F2F7777772E77332E6F72672F323030312F584D4C536368656D612D696E7374616E63652220786D6C6E733A62706D6E323D22687474703A2F2F7777772E6F6D672E6F72672F737065632F42504D4E2F32303130303532342F4D4F44454C2220786D6C6E733A62706D6E64693D22687474703A2F2F7777772E6F6D672E6F72672F737065632F42504D4E2F32303130303532342F44492220786D6C6E733A64693D22687474703A2F2F7777772E6F6D672E6F72672F737065632F44442F32303130303532342F44492220786D6C6E733A64633D22687474703A2F2F7777772E6F6D672E6F72672F737065632F44442F32303130303532342F4443222069643D226469616772616D5F50726F636573735F3136363037393533303330343622207461726765744E616D6573706163653D22687474703A2F2F666C6F7761626C652E6F72672F62706D6E223E3C62706D6E323A70726F636573732069643D226C6561766522206E616D653D22E8AFB7E581872220697345786563757461626C653D2274727565223E3C62706D6E323A73746172744576656E742069643D224576656E745F3175326175747622206E616D653D22E5BC80E5A78B223E3C62706D6E323A6F7574676F696E673E466C6F775F3163786F7838343C2F62706D6E323A6F7574676F696E673E3C2F62706D6E323A73746172744576656E743E3C62706D6E323A73657175656E6365466C6F772069643D22466C6F775F3163786F7838342220736F757263655265663D224576656E745F3175326175747622207461726765745265663D2241637469766974795F3133757130356D22202F3E3C62706D6E323A757365725461736B2069643D2241637469766974795F3133757130356D22206E616D653D22E7A4BEE58CBAE7AEA1E79086E59198223E3C62706D6E323A696E636F6D696E673E466C6F775F3163786F7838343C2F62706D6E323A696E636F6D696E673E3C62706D6E323A6F7574676F696E673E466C6F775F3172697230686A3C2F62706D6E323A6F7574676F696E673E3C2F62706D6E323A757365725461736B3E3C62706D6E323A656E644576656E742069643D224576656E745F30686C646A376C22206E616D653D22E7BB93E69D9F223E3C62706D6E323A696E636F6D696E673E466C6F775F3172697230686A3C2F62706D6E323A696E636F6D696E673E3C2F62706D6E323A656E644576656E743E3C62706D6E323A73657175656E6365466C6F772069643D22466C6F775F3172697230686A2220736F757263655265663D2241637469766974795F3133757130356D22207461726765745265663D224576656E745F30686C646A376C22202F3E3C2F62706D6E323A70726F636573733E3C62706D6E64693A42504D4E4469616772616D2069643D2242504D4E4469616772616D5F31223E3C62706D6E64693A42504D4E506C616E652069643D226C656176655F6469222062706D6E456C656D656E743D226C65617665223E3C62706D6E64693A42504D4E456467652069643D22466C6F775F3172697230686A5F6469222062706D6E456C656D656E743D22466C6F775F3172697230686A223E3C64693A776179706F696E7420783D223538302220793D2232383022202F3E3C64693A776179706F696E7420783D223634322220793D2232383022202F3E3C2F62706D6E64693A42504D4E456467653E3C62706D6E64693A42504D4E456467652069643D22466C6F775F3163786F7838345F6469222062706D6E456C656D656E743D22466C6F775F3163786F783834223E3C64693A776179706F696E7420783D223236382220793D2232383022202F3E3C64693A776179706F696E7420783D223438302220793D2232383022202F3E3C2F62706D6E64693A42504D4E456467653E3C62706D6E64693A42504D4E53686170652069643D224576656E745F317532617574765F6469222062706D6E456C656D656E743D224576656E745F31753261757476223E3C64633A426F756E647320783D223233322220793D22323632222077696474683D22333622206865696768743D22333622202F3E3C62706D6E64693A42504D4E4C6162656C3E3C64633A426F756E647320783D223233392220793D22333035222077696474683D22323222206865696768743D22313422202F3E3C2F62706D6E64693A42504D4E4C6162656C3E3C2F62706D6E64693A42504D4E53686170653E3C62706D6E64693A42504D4E53686170652069643D2241637469766974795F3133757130356D5F6469222062706D6E456C656D656E743D2241637469766974795F3133757130356D223E3C64633A426F756E647320783D223438302220793D22323430222077696474683D2231303022206865696768743D22383022202F3E3C2F62706D6E64693A42504D4E53686170653E3C62706D6E64693A42504D4E53686170652069643D224576656E745F30686C646A376C5F6469222062706D6E456C656D656E743D224576656E745F30686C646A376C223E3C64633A426F756E647320783D223634322220793D22323632222077696474683D22333622206865696768743D22333622202F3E3C62706D6E64693A42504D4E4C6162656C3E3C64633A426F756E647320783D223634392220793D22333035222077696474683D22323222206865696768743D22313422202F3E3C2F62706D6E64693A42504D4E4C6162656C3E3C2F62706D6E64693A42504D4E53686170653E3C2F62706D6E64693A42504D4E506C616E653E3C2F62706D6E64693A42504D4E4469616772616D3E3C2F62706D6E323A646566696E6974696F6E733E, 0);
INSERT INTO `act_ge_bytearray` VALUES ('f4e67c8e-c991-11ed-8a10-2016b9c02335', 1, 'leave.leave.png', 'f4bc5f4c-c991-11ed-8a10-2016b9c02335', 0x89504E470D0A1A0A0000000D49484452000002B00000014A0806000000E5A56C5400000FB949444154785EEDDDDD6F54677E07F07D91AABDCCB6BB97B9D9ABFD17767BD38B5DB56AA4EC5E007EC1202393409448090A60B5A15A4C905AEE92900D20556A80B06A83E20B93464D13136A290D4940246C48C5A69004F3B21888C16C01870DD3E7E778D8F163E3E3F8657CECF97CA49F269E73E63C4F3C739EF3F5C39973BEF52D0000000000000000000000000000000000000000000000000000000000000000000000000000000000000000000000000000000000000000000000000000000000000000000000000000000000000000000000000000000000000000000000000000000000000000000000000000000000000000000000000000000000000000000000000000000000000000000000000000000000000000000000000000000000000000000000000000000000000000000000000000000000000000000000000000000000000000000000000000000000000000000000000000000000000000000000000000000000000000000000000000000000000000000000000000000000000000000000000000000000000000000000000000000000000000000000000000000000000000000000000000000000000000000000000000000000000000000000000000000000000000000000000000000000000000000000000000000000000000000000000000000000000000000000000000000000000000000000000000000000000000000000000000000000000000000000000000000000000000000000000000000000000000000000000000000000000000000000000000000000000000000000000000000000000000000000000000000000000000000000000000000000000000000000000000000000000000000000000000000000000000000000000000000000000000000000000000000000000000000000000000000000000000000000000000000000000000000000000000000000000000000000000000000000000000000000000000000000000000000000000000000000000000000000000000000000000000000000000000000000000000000000000000000000803956A954FEECF4E9D32FBFF3CE3B5FF6F6F656DE78E30D55E74ABFF73B7D7D7DE70F1E3CF88BFCFD01002093C2EBFE149E2A172F5EACDCBC79B3323C3CACEA5CF17B8FDFFFA14387AEA540FB40FE1E01005023665E233CE5A14AD5BF2E5CB8703905D8F7F2F70800801A71DA8099D77254BC0F29C0DECADF2300006AC43998799052F357F17EE4EF11000035A61A60FF70F542E5F4FBFF5239F1E696918AFF8EE7F2F5D4CC4A800500283095007B7DF05CE5A3D7FFA1F2E1BF6F1853F15C2CCBD757D32F011600A0C054026CFF899E71E1B55A674F1C18B7BE9A7E09B0000005A61260FFE7AD6DE3826BB56259BEBE9A7E09B0000005A612603F7A63F3B8E05AAD5896AFAFA65F022C00400101B65C25C0020014984A808DAB0EE4C1B55AB12C5F5F4DBF04580080025309B09FBCFDFCB8E05AAD5896AFAFA65F022C004081A904D82BE78E573EFACF5F8D0BAFF15C2CCBD757D32F011600A0C054026CD4A747F68C0BB0F15CBE9E9A5909B0000005A614606FDDAA7CF2DF3BC605D8782E968D5B5F4DBB0458008002450136EEB4F5BBB7B78F0BAFD58A65EEC6357B25C0020014B86780BD75AB72E1938395DFFEC7DF8F0BAD79C53AB1AED9D89997000B005060A2005B34EB7AAF321B3BF3126001000A4C1460A732EB7AAF8AD7E6DB53532F011600A0C04401360FA5DFB4F2EDA9A997000B005060A200ABE6AF04D8A9696F6FBFAFB9B979495353D373E9B137D5A7A96EA4AA8C3EC6CFBDA3CB97C4FAF93600C6B876EDDA9FF7F4F46C79FEF9E73FECEAEABADCD9D979F391471EB91303CBDAB56B6FAF5FBF7EE8A9A79E3AB365CB96031B366CF89BF4926FE7DB00EA43802D5709B0936B6969F9793A9674A71A1E0DAB53AD58BF3B5E9F6F136870EFBEFBEEDA679E79E6DC9A356B2A29B456F6EFDF5F397AF468E5D4A953952B57AE54423CC6CFF17C2CDFB871E39D8E8E8EE114645F6F6D6DFD51BE4D606E09B0E52A0176622978FE2405D0C31304D3E9D4E1D85EDE06D0608E1F3FFEB72FBCF0C2F9871F7EB8F2CA2BAF542E5DBA341256A72AD68FD7A520FBE5BA75EB5E4E03CB0FF23680B921C096AB04D8B1DADBDBBFD7D4D4F4EB143A47FE15AFB69E78E289CABE7DFB269D2889E5B15EFEDAD85E6C37B69FB7092C72699CF8EE6BAFBDD613C175F7EEDD95EBD7AF8F4DA6DF50BC3EB69306941B6D6D6DBFCCDB03669F005BAE1260FF2485CCFB5B5A5A3EAC0D9EADADAD955DBB7655CE9E3D9B1F422615EBC7EBE2F55990FD20DAC9DB0616A9341EDCB777EFDEDF3DFAE8A395D3A74FE763C58CC4F65228BED9D1D1D195B70BCC2E01B65C25C07E2D05D71FA73A571B36B76DDB56E9EFEFCF0F19DF48BC3EB69385D8FE682FEF03B0C8A431E0BEE79E7B6E70D3A64D95C1C1C17C7C9815B1DDCECECE1B2B57AEDC93B70FCC1E01B65C25C0DE9D79BD1B5E63D6B4A7A7273F4CCC486C2F9B8DED37130B8B58DAEFBFBB77EFDE4F22BCC6603B9762FBEBD7AFBFBA7CF9F2A7F27E00B343802D57357A808D73526B4F1B58B56A55E5D8B163F9E16156C47663FB3521F603E7C4C22215E7BC3EF6D8637336F39A8B7656AF5E3D94069607F3BE003327C096AB1A3DC08E7E61EBEECCEB5C85D7AAD87EED4C6CB49FF70958E0D28EFE407C616BB6CF792D12EDB5B5B50D2E5DBAF487799F80991160CB558D1C60472F95F555354C1E3870203F1CCC8968A76616F62B97D88245262E95155709980F3B76EC389F069667F33E013323C096AB1A39C036D75CE735BE68554FD917BB0EE77D0316A8B84941CCBE0E0D0DE5FB7D5D44BB2B56ACB8E6660730BB04D87255A306D865CB96FDAC1A20E39FF4677AB5816F2ADAAB3D9520FA93F7115880E20E5BDDDDDDF93E5F577BF6EC399506965D79DF80E91360CB558D1A609BBFBE3DEC48788CEBB5CE8768B76616B63BEF23B0C00C0D0DFDC5DAB56B2B030303F9FE5E57A9FD3FA6BF902F6EDEBCF93B791F81E91160CB558D1860D3B8FEFD141887ABE1B1DEB3AF55D16E4D801D8E7EE57D051690575F7DB5ABB3B333DFD7E7C5EAD5AB3F4B03CB4FF33E0263A5FDE4AD547F953F9F1360CB558B2DC04EE57398962FA906C7B8EDEB7CCA6E3BBB24EF2BB0806CDFBEFDB7FBF7EFCFF7F379B173E7CEB8EDDF3FE57D04C6AA39084F1A2004D872D5220CB0859FC3F4FCF6EA7A2FBDF4523EECD755B45FD3E7ED795F8105A4ABABEBF2D1A347F3FD7C5EF4F5F51D6F6A6AEAC9FB088C5573109E344008B0E5AA451C60EFF9396C696939585D7EE4C8917CD8AFAB68BFDA97E8576D3F810566E3C68D37EB7DEDD77B3979F2649C42F07EDE4760AC0982C3840142802D573540801DF7394C8F67AACFCFF7B126DAAFE9E399EC7F075848D6AE5D7BE78B2FBEC8F7F37971E5CA95EB69503997F711186B82C090D748801060CB550D14606B3F87FF57FD79BE8F35D17EB52F2D2D2D43F9FF0FB080AC58B1A272FBF6ED7C3F9F17A91F715BD97C00544A4DB304D87255FEFE345ACDF7B126DAAFE9CF1FF3E321B080AC59B3E6F67CFF555C75E9D2A5FF6D36030B85F26050536F353B85A0B4D54033B0773F8731D3597D7EBE8F356660611179F2C92787E6FBBCA4AA8F3FFEF848B37360A1D06481A1D67C07D8D48509AB2CCBEB5D0D1060C77D0E9B9D030BCC854D9B36F597E52A046FBEF966AFAB1040B1C90243AD3204D8C99E9BEFE5F5AE451C60EFF939741502604E6CDEBCF94059AE03BB75EBD6B8DDA0EBC04281C902432D0176F2E5F5AE4518600B3F87CDAE030BCC85CECECEBFDEB871E39D7C479F07B75B5B5B8F37BB1317CC1A0176F2E5F5AEC51660A7A2B94477E27AFCF1C7EFD4045877E282856CF3E6CDDF59BD7AF5F0C0C040BEAFD7D5D9B367DF4E03CA85E84FDE47607A04D8C997D7BB1A31C0B6B6B67E3F8DEDC3D5E0D8DFDF9F0FFF7511EDD684D7E1E857DE576081D9B061C3EBDDDDDDF9FE5E574F3FFDF46FD2A0B22BEF1B307D02ECE4CBEB5D8D1860431ADBE3F4B091F0B86BD7AE7CF8AF8B68B726C076E77D0416A0F497E88F3A3A3ABE1C1A1ACAF7F9BA181C1C7C2F0D2803D18FBC6FC0F409B0932FAF77356A805DB66CD9CFAAE1318DF3759F858DF65A5A5AEE9E3E10FDC9FB082C50EBD6AD7B79F7EEDDF97E5F17A9ED7F4B83CAB3799F80992943809DA8CAB2BCDED5A80136A431FE7035406EDBB62D3F0CCCA968AF66F6F570DE3760015BBA74E90FDBDBDB6FD4FB3A7D478E1C89530706A2FDBC4FC0CCCC77805563AB91036C4B4BCB4FD258FF5535481E3870203F1CCC8968A726BC7E15FDC8FB062C706D6D6DBF5CB366CDCDC1C1C17C0C9813030303FF950694CF533D98F705983901B65CD5C80136343535FDBA1A26E3548263C78EE587855915DBAF3D7520DACFFB042C121D1D1D5D9D9D9D3762B09D4BB76EDDFA380D60EFA7C1E5EFF23E00B343802D57357A806D6F6FFF5E0A921F5403E5AA55ABE62CC4C676537B77677CA3DD683FEF13B088AC5CB972CFFAF5EBAFCED54CECC0C0C0A108AF6940F9E7BC6D60F608B0E5AA460FB0218DFBF7A7EAAF9D89EDE9E9C90F133312DBAB9D791D6DEFFEBC2FC022B47CF9F2A73A3A3A8666FB9CD8D1735ECF987985B927C096AB04D8AFA5F1FFC7B521362ABE6835D3AB13C4EBB32F6C8D84D7682FEF03B088A51DFFC1B6B6B6C11D3B769CBF7EFD7A3E567C2357AF5E7D77F46A0303B1DDBC2D60F609B0E52A01F64F6246B4B9E67482A8988D8DEBB59E3D7B363F844C2AD68FD765B3AE23A70D443B79DB40034803C20FD200F0EC8A152BAEBDF8E28BA72E5DBA743B1F3C2671FBDCB9736F7775758D5C6920B613DBCBDB00E686005BAE1260C78A735247BFD89507CF91DBCEEEDBB7AF72F4E8D1CAA953A72A57AE5C1939A8C463FC1CCFC7F2ECF6B0D5BA13DB75CE2B3072B3833428EC4A0174E0A1871EFA7CE7CE9DC7FAFAFA8E9F3C79F2CCE5CB97FF90C695EB030303A74F9C3871240DD26F6CDDBAB53BBDE6787ACDEFE3756E5200F527C096AB04D8898D5E62EBEE75626758875D2A0B98C8B7972D5BF6976980F8C7F4176E4F1A2CE22E5AD57399E2F1BD783E96C77AB17EBE01A03E04D87295003BB974DCF879F3D7B79D1D9E20984E56B17E77BC3EDF2600B0C008B0E52A01766ADADBDBEF4B8174495353D373E9B137D5A7A96E8C86D5788C9F7B47972F89F5F36D00000B94005BAE126001000A08B0E52A011600A080005BAE126001000A08B0E52A011600A080005BAE126001000A08B0E52A011600A080005BAE126001000A08B0E52A011600A080005BAE126001000A08B0E52A011600A080005BAE126001000A08B0E52A011600A080005BAE126001000A08B0E52A011600A080005BAE126001000A08B0E52A011600A080005BAE126001000AF4F6F6DEB979F3E6B820A5EA5FE97D389F02ECADFC3D0200A0465F5FDFF98B172F8E0B53AAFEF5F9E79FFF6B0AB0EFE5EF110000350E1E3CF88B43870E5DBB70E1C26533B1F353E9F77EE1B3CF3EFB4D0AAF67523D90BF470000642234C5CC5FAAE1380753D5BDE2F71EBF7FE115000000000000000000000000000000000000000000000060A1FA7F89EF50DF8C3E36840000000049454E44AE426082, 1);
INSERT INTO `act_ge_bytearray` VALUES ('f505144e-1ec3-11ed-af71-3887d5e2c283', 1, 'leave.bpmn', 'f505144d-1ec3-11ed-af71-3887d5e2c283', 0x3C3F786D6C2076657273696F6E3D22312E302220656E636F64696E673D225554462D38223F3E0A3C62706D6E323A646566696E6974696F6E7320786D6C6E733A7873693D22687474703A2F2F7777772E77332E6F72672F323030312F584D4C536368656D612D696E7374616E63652220786D6C6E733A62706D6E323D22687474703A2F2F7777772E6F6D672E6F72672F737065632F42504D4E2F32303130303532342F4D4F44454C2220786D6C6E733A62706D6E64693D22687474703A2F2F7777772E6F6D672E6F72672F737065632F42504D4E2F32303130303532342F44492220786D6C6E733A64693D22687474703A2F2F7777772E6F6D672E6F72672F737065632F44442F32303130303532342F44492220786D6C6E733A64633D22687474703A2F2F7777772E6F6D672E6F72672F737065632F44442F32303130303532342F4443222069643D226469616772616D5F50726F636573735F3136363037393533303330343622207461726765744E616D6573706163653D22687474703A2F2F666C6F7761626C652E6F72672F62706D6E223E3C62706D6E323A70726F636573732069643D226C6561766522206E616D653D22E8AFB7E581872220697345786563757461626C653D2274727565223E3C62706D6E323A73746172744576656E742069643D224576656E745F31753261757476223E3C62706D6E323A6F7574676F696E673E466C6F775F3163786F7838343C2F62706D6E323A6F7574676F696E673E3C2F62706D6E323A73746172744576656E743E3C62706D6E323A757365725461736B2069643D2241637469766974795F3067637864777522206E616D653D22E7BB8FE79086223E3C62706D6E323A696E636F6D696E673E466C6F775F3163786F7838343C2F62706D6E323A696E636F6D696E673E3C62706D6E323A6F7574676F696E673E466C6F775F31796B3164736A3C2F62706D6E323A6F7574676F696E673E3C2F62706D6E323A757365725461736B3E3C62706D6E323A73657175656E6365466C6F772069643D22466C6F775F3163786F7838342220736F757263655265663D224576656E745F3175326175747622207461726765745265663D2241637469766974795F3067637864777522202F3E3C62706D6E323A757365725461736B2069643D2241637469766974795F3133757130356D22206E616D653D22E4BABAE4BA8B223E3C62706D6E323A696E636F6D696E673E466C6F775F31796B3164736A3C2F62706D6E323A696E636F6D696E673E3C62706D6E323A6F7574676F696E673E466C6F775F3172697230686A3C2F62706D6E323A6F7574676F696E673E3C2F62706D6E323A757365725461736B3E3C62706D6E323A73657175656E6365466C6F772069643D22466C6F775F31796B3164736A2220736F757263655265663D2241637469766974795F3067637864777522207461726765745265663D2241637469766974795F3133757130356D22202F3E3C62706D6E323A656E644576656E742069643D224576656E745F30686C646A376C223E3C62706D6E323A696E636F6D696E673E466C6F775F3172697230686A3C2F62706D6E323A696E636F6D696E673E3C2F62706D6E323A656E644576656E743E3C62706D6E323A73657175656E6365466C6F772069643D22466C6F775F3172697230686A2220736F757263655265663D2241637469766974795F3133757130356D22207461726765745265663D224576656E745F30686C646A376C22202F3E3C2F62706D6E323A70726F636573733E3C62706D6E64693A42504D4E4469616772616D2069643D2242504D4E4469616772616D5F31223E3C62706D6E64693A42504D4E506C616E652069643D226C656176655F6469222062706D6E456C656D656E743D226C65617665223E3C62706D6E64693A42504D4E456467652069643D22466C6F775F3172697230686A5F6469222062706D6E456C656D656E743D22466C6F775F3172697230686A223E3C64693A776179706F696E7420783D223538302220793D2232383022202F3E3C64693A776179706F696E7420783D223634322220793D2232383022202F3E3C2F62706D6E64693A42504D4E456467653E3C62706D6E64693A42504D4E456467652069643D22466C6F775F31796B3164736A5F6469222062706D6E456C656D656E743D22466C6F775F31796B3164736A223E3C64693A776179706F696E7420783D223432302220793D2232383022202F3E3C64693A776179706F696E7420783D223438302220793D2232383022202F3E3C2F62706D6E64693A42504D4E456467653E3C62706D6E64693A42504D4E456467652069643D22466C6F775F3163786F7838345F6469222062706D6E456C656D656E743D22466C6F775F3163786F783834223E3C64693A776179706F696E7420783D223236382220793D2232383022202F3E3C64693A776179706F696E7420783D223332302220793D2232383022202F3E3C2F62706D6E64693A42504D4E456467653E3C62706D6E64693A42504D4E53686170652069643D224576656E745F317532617574765F6469222062706D6E456C656D656E743D224576656E745F31753261757476223E3C64633A426F756E647320783D223233322220793D22323632222077696474683D22333622206865696768743D22333622202F3E3C2F62706D6E64693A42504D4E53686170653E3C62706D6E64693A42504D4E53686170652069643D2241637469766974795F306763786477755F6469222062706D6E456C656D656E743D2241637469766974795F30676378647775223E3C64633A426F756E647320783D223332302220793D22323430222077696474683D2231303022206865696768743D22383022202F3E3C2F62706D6E64693A42504D4E53686170653E3C62706D6E64693A42504D4E53686170652069643D2241637469766974795F3133757130356D5F6469222062706D6E456C656D656E743D2241637469766974795F3133757130356D223E3C64633A426F756E647320783D223438302220793D22323430222077696474683D2231303022206865696768743D22383022202F3E3C2F62706D6E64693A42504D4E53686170653E3C62706D6E64693A42504D4E53686170652069643D224576656E745F30686C646A376C5F6469222062706D6E456C656D656E743D224576656E745F30686C646A376C223E3C64633A426F756E647320783D223634322220793D22323632222077696474683D22333622206865696768743D22333622202F3E3C2F62706D6E64693A42504D4E53686170653E3C2F62706D6E64693A42504D4E506C616E653E3C2F62706D6E64693A42504D4E4469616772616D3E3C2F62706D6E323A646566696E6974696F6E733E, 0);
INSERT INTO `act_ge_bytearray` VALUES ('f51986af-1ec3-11ed-af71-3887d5e2c283', 1, 'leave.leave.png', 'f505144d-1ec3-11ed-af71-3887d5e2c283', 0x89504E470D0A1A0A0000000D49484452000002B00000014A0806000000E5A56C5400000EF84944415478DAEDDD4F6CD6F51D07700F1E76F0C0C1C30E1E3C78F0B0040F3BECB083871D3C98CC03B5F401023C0D329554D40191A01B8D7FA2C36AA8C61049604AC29A2EC0D62C6E16B0B4A90F86C53001216320034A4781E140044AF1B7EFB7E9D3FC28F40FD0F6799EDFF37A259F385A469BE69DDFEFDDEFF37DBEBF7BEE0100000000000000000000000000000000000000000000000000000000000000000000000000000000000000000000000000000000000000000000000000000000000000000000000000000000000000000000000000000000000000000000000000000000000000000000000000000000000000000000000000000000000000000000000000000000000000000000000000000000000000000000000000000000000000000000000000000000000000000000000000000000000000000000000000000000000000000000000000000000000000000000000000000000000000000000000000000000000000000000000000000000000000000000000000000000000000000000000000000000000000000000000000000000000000000000000000000000000000000000000000000000000000000000000000000000000000000000000000000000000000000000000000000000000000000000000000000000000000000000000000000000000000000000000000000000000000000000000000000000000000000000000000000000000000000000000000000000000000000000000000000000000000000000000000000000000000000000000000000000000000000000000000000000000000000000000000000000000000000000000000000000000000000000000000000000000000000000000000000000000000000000000000000000000000000000000000000000000000000000000000000000000000000000000000000000000000000000000000000000000000000000000000000000000000000000000000000000000000000000000000000000000000000000000000000000000000000000000000000000000000000000000000000000A02A244972EFD1A3475B77EFDE7D7DC78E1D497B7BBB99E6D9BE7D7BD2D9D97936CC5CF99307F9038071C4F2D0D5D595F4F5F52557AF5E35259A3367CE24BB76EDFA5F2813B3E4CFC81F008C21AE7C290F655322AEB6B7B71F943F237F003086F8B2AD9B77F94C2810D7E4CFC81F008C21EE8173E32EAB0291C89F913F00988402F1DDB7BDC9D13D1B9203DB1B0727FEEFF831377D0542FEE40F00CAAE405C3CDF93ECFFDBCBC93FFEB2EC86891F8B9F73E35720E44FFE00A0AC0AC489037FBEA93C14E7E48136377E0542FEE40F00CAAB401CFCECCD510B44FC9C1BBF02217FF20700655520F6B7FF76D402113FE7C6AF40C89FFC018002A140C89FFCC91F00DC698188EFFA1EAD40C4CFB9F12B10F2277F00505605E270F77BA31688F839377E0542FEE40F00CAAA409CEBF92AD9FFE96F6E7EF9367C2C7ECE8D5F81903FF90380B22A1071BEF9FB47371588F831377D0542FEE40F00CAAF405CB9921CFEFC839B5FBE0D1F8B9F73E35720E44FFE00A06C0A447CD2D13FBB9B47DD83183FE769480A84FCC91F0094BE405CB992F41EDE99ECFBEBCA51CB4371E2DF897FD76A9802217FF20700252910E3AD7A590D5320E44FFE00A0AC0AC44456BDC65A0D53041408F9933F0098D60271A7E5A1388A8002217FF20700D35A208C02217FF2C7E8162C583063F6ECD9B3C234872984E90D93A426FEB9505B5BFB615D5DDDDC30F7FBA901633A79F2E4CCAD5BB7BEFBFEFBEFEF5FB56AD5C5254B965C9F3367CEF08565D1A245FD2FBEF8E2B9D5AB5777AE59B3E657E142F42305D68D5B81903FA3C08E2714D2C7C37DA42D14D281118575DC09FF9FF6304F3CFAE8A3F7FA4902839224B9B750282C5FBB766D6F28A8C91B6FBC916CD9B225D9BB776FD2D3D3930C0C0C2445E7CE9D4BBEFAEAAB64DBB66DC97BEFBD9784023BB06CD9B2CFF3F9FC4C05D62810F2277F8C140AE84F43F9DC7DBBA57594D913FEADC7FC54A1CAEDDAB52BFFCE3BEF5C7CE6996792D6D6D6A4B7B737B91DE7CF9F1FBC683FFBECB3D71A1A1ABAC3C5E54105C22810F2277FC4D5D25036DFB8D58AEB8A152B06EF39DDDDDDC9F1E3C793CB972F0FDE53FAFBFB07FFBC7BF7EEC18594975F7E79B422DB5CEDAF0042D5AEBAB6B4B4ECCBE7F3C9E6CD9B872F1E772AAED2C655D979F3E65DABAFAF5FA140180542FEE4AF7ACD9933E78191ABAEE1FE906CD8B0E1B6174A8E1D3B96AC5FBF3EBEE237B2C4EE8B5FC74F1BAA44B8783CD8DCDCDCB774E9D2C10BC3648AFFDEF3CF3F7F79D1A2459BAAE1B763054281903FA3C0DE2814D78773B9DCA974D98C5BD3FAFAFAEEEAFE12B7B03536368E2CB127AAED953FA8DAF21AB70CC49765E2CBFF5321AEE6BEF6DA6B97EAEBEB3FC9FA867B054281903FA3C0DEB8F29A2EAF71D5B5A3A3E386F752DCADAEAEAEC17F5789852A11B70DC495D7585EEF76CBC044B614BCFAEAAB17C24566BD02611408F993BFEC1BDAF33ABC6D209E6073E8D0A129B9C7C43DB223B614ECABA9A9B9CF9D1E3228EE798DDB062E5CB8904C8758921B1A1A2E848BD87205C22810F2277FD916DFB0955E799DAAF29A2EB1E9631EE31BBBDCE921633A3B3B17C5376C4DF69ED789EC890D1798CBE137E3871408A340C89FFC65D3D05159C3A70DC46D03D3216E2718715EAC23B6202BE2D681B7DF7EFBBB78DA40296CD9B2E5DB5062B728104681903FF9CBECEAEBEEF41BB62673CFEB7846BCB16B8F871D4046C48714C4735EA77ADFEB58FB61F3F9FCE95C2EF78802611408F993BF6C197AC2D6F0D681BB3D6DE04E4E2748EF878D4FEC72E7870C686A6AEA8D074697525B5B5B7C97E8C70A845120E44FFEB2253E1EB6581EE339AFA5B069D3A61B1E3BEBCE0F15EEE4C99333E3E3616FF7E0E8C9168FECCAE572FFCDDAD9B00A8402217FA69A0B6CB8A6CF48EF7D2DD5BD26AEFAA6DFD015BEA7FB3500A8605BB76E7DF7ADB7DE4ACAC14B2FBDB427BED454093FB7F81B7C989F2B100A84FC996A2DB013C961288BB3D28F872DA5F46367C3F73D5703800AB676EDDA03F179D2E560E3C68DFB2AE59893F44B51A174FF4C815020E4CF545B819D480EE335BDF8F74ABD552DDEEB8ADF4BF87E3FD400A082AD5AB5EAE2DEBD7BCBA2C07EF9E59787C385A5504917EED47C72AB9508054281903F93F5023B560EE335BDF8F9EEEEEE92DE63E2B9B0A9EFB5A00140055BB264C9F552EF7F2D3A7BF6EC77E1A2D25BA117EEE19588F4055C815020E4CF545181BD2987F19A5EFCF8F1E3C74B7A8FE9E9E9497F9FBD1A0054B0B8A97D3ACFE31B4FBCB054F2853BBD12115F5253201408F933D55660D3394CFFB9BFBFBFA4F797F8F5D3DF8F0600157E012A2713B82056D42810E53559CB97FCC95F254DB9DD633400B0023B592E66600576F02485E2935E14082B60F267AA7005763887E98F97EA6139566021839E7EFAE9ABE5B207F6F4E9D3FB2B780FEC0DC5A1A8D20A44F8966F3913FDBC02217FF257D505F6A61CA6F7C01E3B76CC1E5860722C5FBEFC3FE5720A41A150E8A8C053080AF1B184A33D5BBB120BC4581F1BEFF30A84FCC95F5516D85173E81402604A3436367E5A2EE7C0363535B555D039B0B75CF152201408F993BF2A2AB0E3E6307D0E6C4B4B8B736081C9F1E69B6F2E5CB366CD0FE55060172F5EDC56294FE29A28054281903FF9ABE647C97A12173025162C58F0A37C3EDF7FEEDCB9529F011BF7BF9E89DF8F02A1402810F2277F99B9C7CC08D7F66BC5E278E4C89192DC63FAFAFA925C2EF743AAC0DEAF0140850BBF157FD6D6D656D202DBDCDCFCFB7051F9588150201408F993BFCCADC2B6158BE3BA75EB4A728FD9B469D30D0F5A70E7870CC8E7F3339F7AEAA981521D7132303070225C50FE157E3B7E448150201408F993BF6C895BC38AE571DEBC7983ABA1D329BEC2387FFEFCF4EAEB13EEFC9011CF3DF7DCAE52BD99EBF5D75FDF182E2AAD0A84638C1408F993BFCCAEC20E9F46D0D8D838ADE78FC7AF973EEA6BBC373F0215A4A6A6E6C70B172EBC3ADDE7F47DFDF5D7BBC205E562F8FA0F29104681903FF9CBA6279F7CF217E933633B3A3AA6E51ED3D5D575C359B57575758FB9E343C6E472B986A54B977E3F5D5B092E5DBA74207CCD03E1A2F26B05C22810F2277F995F85FD5DB148C6A740C67239D5E7BECE9D3BF78754816D76A7878CAAAFAFFF68F5EAD5535E620706068EE5F3F99DE182F28102611408F993BFEC1B7AB46C215D62A7EAE106B1BCCE9F3FFF7AAABCEEABA9A9B9CF5D1E327C8109C5F24FAFBCF2CA85A92AB171E53514E5CFE2BED7AC1D9BA5402810F267E46F74A1B43E10AEFD87D325366E2798CC3DB1716577C4CAEB89300FBAC3431594D85C2EB7AEA1A1E1C264EF898D7B5E87B60D7C90F5F2AA402810F26714D89BC532992EB1C53776DDEDE904F1B481116FD8525EA11AD5D6D62E09BF1D7FD7D2D272BEBFBFFFAE8FCA1A3A6DE06296F7BC2A100A84FC19F99BF04A6C215D36E3115B1B366C487A7B7B6FFB2105F19CD7F45159C56D03CA2B54A9783A415D5DDD1FC385E1DBD6D6D623E137DC6BB7FB84ADF89082F06F1C8A5B06C27F1F56208C02217FF2477CB5AFB6B6F69D11A5737056AE5C99B4B4B40CEE918DAF04161751E27F7B7A7A06F7B86EDBB66DF0F1B0E9276CA5DFB065CF2B1057637F12E6C370A1B8F0C20B2FEC5DBF7EFDDE2FBEF8E2C8A953A72EA5FAEAC558580B854247535353DBE2C58BE3D357CE84D2BA398B0F2950201408F933F277F7868ED82ADCAAC8DEC1EC7154167093B86F75E862138F43896FC4FA26FD9CEB30BD4317A2E6F8F4956AD8E7AA402810F267E46F52164A1E1F7AECECB5DB2DAEF1F1B0F1095B1E5200A0402810F267E4AF140B253342999D1D17428616447A4714D6C18592F8AA6028AD73E356373F3500054281903F237F0028B04681903FF953600150208C02217FF207000A8402217F46FE0050608D02217F4681054081300A84FCC91F0028100A84FC19F903408175E35620E4CF28B00028104681903FF90300054281903F237F0028B00A8402217F4681054081300A84FCC91F0028100A84FC19F90300054281903FA3C002A040180542FEE40F0014080542FE8CFC018002A140C89F516001A83C3B76EC70E32E9FB91C0AC435F933F2070063E8ECECECEDEBEB73F32E83E9E9E9F943281007E5CFC81F008C61E7CE9DBFECE8E8F8F6F4E9D3DFBB89976EE52B9687EDDBB7FF3BCC2CF933F20700E30837ADC7DBDBDBF7C4970FE31E3833ED137FEE07ABB53CC89FFC0100000000000000000000000000000000000000000000007097FE0F9AACDABD0B7E2F080000000049454E44AE426082, 1);
INSERT INTO `act_ge_bytearray` VALUES ('fc6c241a-cb93-11ed-8c20-2016b9c02335', 1, 'source', NULL, 0x3C3F786D6C2076657273696F6E3D22312E302220656E636F64696E673D225554462D38223F3E0A3C62706D6E323A646566696E6974696F6E7320786D6C6E733A7873693D22687474703A2F2F7777772E77332E6F72672F323030312F584D4C536368656D612D696E7374616E63652220786D6C6E733A62706D6E323D22687474703A2F2F7777772E6F6D672E6F72672F737065632F42504D4E2F32303130303532342F4D4F44454C2220786D6C6E733A62706D6E64693D22687474703A2F2F7777772E6F6D672E6F72672F737065632F42504D4E2F32303130303532342F44492220786D6C6E733A64633D22687474703A2F2F7777772E6F6D672E6F72672F737065632F44442F32303130303532342F44432220786D6C6E733A64693D22687474703A2F2F7777772E6F6D672E6F72672F737065632F44442F32303130303532342F4449222069643D226469616772616D5F50726F636573735F3136373938303731333330343322207461726765744E616D6573706163653D22687474703A2F2F666C6F7761626C652E6F72672F62706D6E223E3C62706D6E323A70726F636573732069643D22636865636B5F696E22206E616D653D22E585A5E4BD8FE7A4BEE58CBA2220697345786563757461626C653D2274727565223E3C62706D6E323A73746172744576656E742069643D224576656E745F316B6B78377768223E3C62706D6E323A6F7574676F696E673E466C6F775F316C697A6135653C2F62706D6E323A6F7574676F696E673E3C2F62706D6E323A73746172744576656E743E3C62706D6E323A696E7465726D6564696174655468726F774576656E742069643D224576656E745F30696532693735223E3C62706D6E323A696E636F6D696E673E466C6F775F3133696E6769363C2F62706D6E323A696E636F6D696E673E3C2F62706D6E323A696E7465726D6564696174655468726F774576656E743E3C62706D6E323A757365725461736B2069643D2241637469766974795F3036746D346A3222206E616D653D22E4BD8FE688B7223E3C62706D6E323A696E636F6D696E673E466C6F775F316C697A6135653C2F62706D6E323A696E636F6D696E673E3C62706D6E323A6F7574676F696E673E466C6F775F30326C657062753C2F62706D6E323A6F7574676F696E673E3C2F62706D6E323A757365725461736B3E3C62706D6E323A757365725461736B2069643D2241637469766974795F3076747733703722206E616D653D22E59198E5B7A5223E3C62706D6E323A696E636F6D696E673E466C6F775F30326C657062753C2F62706D6E323A696E636F6D696E673E3C62706D6E323A6F7574676F696E673E466C6F775F3175746B6739683C2F62706D6E323A6F7574676F696E673E3C2F62706D6E323A757365725461736B3E3C62706D6E323A757365725461736B2069643D2241637469766974795F31766633746F6822206E616D653D22E7A4BEE58CBAE7AEA1E79086E59198223E3C62706D6E323A696E636F6D696E673E466C6F775F3175746B6739683C2F62706D6E323A696E636F6D696E673E3C62706D6E323A6F7574676F696E673E466C6F775F3133696E6769363C2F62706D6E323A6F7574676F696E673E3C2F62706D6E323A757365725461736B3E3C62706D6E323A73657175656E6365466C6F772069643D22466C6F775F316C697A6135652220736F757263655265663D224576656E745F316B6B7837776822207461726765745265663D2241637469766974795F3036746D346A3222202F3E3C62706D6E323A73657175656E6365466C6F772069643D22466C6F775F30326C657062752220736F757263655265663D2241637469766974795F3036746D346A3222207461726765745265663D2241637469766974795F3076747733703722202F3E3C62706D6E323A73657175656E6365466C6F772069643D22466C6F775F3175746B6739682220736F757263655265663D2241637469766974795F3076747733703722207461726765745265663D2241637469766974795F31766633746F6822202F3E3C62706D6E323A73657175656E6365466C6F772069643D22466C6F775F3133696E6769362220736F757263655265663D2241637469766974795F31766633746F6822207461726765745265663D224576656E745F3069653269373522202F3E3C2F62706D6E323A70726F636573733E3C62706D6E64693A42504D4E4469616772616D2069643D2242504D4E4469616772616D5F31223E3C62706D6E64693A42504D4E506C616E652069643D22636865636B5F696E5F6469222062706D6E456C656D656E743D22636865636B5F696E223E3C62706D6E64693A42504D4E456467652069643D22466C6F775F316C697A6135655F6469222062706D6E456C656D656E743D22466C6F775F316C697A613565223E3C64693A776179706F696E7420783D223137382220793D2233303022202F3E3C64693A776179706F696E7420783D223232302220793D2233303022202F3E3C2F62706D6E64693A42504D4E456467653E3C62706D6E64693A42504D4E456467652069643D22466C6F775F30326C657062755F6469222062706D6E456C656D656E743D22466C6F775F30326C65706275223E3C64693A776179706F696E7420783D223332302220793D2233303022202F3E3C64693A776179706F696E7420783D223431302220793D2233303022202F3E3C2F62706D6E64693A42504D4E456467653E3C62706D6E64693A42504D4E456467652069643D22466C6F775F3175746B6739685F6469222062706D6E456C656D656E743D22466C6F775F3175746B673968223E3C64693A776179706F696E7420783D223531302220793D2233303022202F3E3C64693A776179706F696E7420783D223536302220793D2233303022202F3E3C2F62706D6E64693A42504D4E456467653E3C62706D6E64693A42504D4E456467652069643D22466C6F775F3133696E6769365F6469222062706D6E456C656D656E743D22466C6F775F3133696E676936223E3C64693A776179706F696E7420783D223636302220793D2233303022202F3E3C64693A776179706F696E7420783D223731322220793D2233303022202F3E3C2F62706D6E64693A42504D4E456467653E3C62706D6E64693A42504D4E53686170652069643D224576656E745F316B6B783777685F6469222062706D6E456C656D656E743D224576656E745F316B6B78377768223E3C64633A426F756E647320783D223134322220793D22323832222077696474683D22333622206865696768743D22333622202F3E3C2F62706D6E64693A42504D4E53686170653E3C62706D6E64693A42504D4E53686170652069643D224576656E745F306965326937355F6469222062706D6E456C656D656E743D224576656E745F30696532693735223E3C64633A426F756E647320783D223731322220793D22323832222077696474683D22333622206865696768743D22333622202F3E3C2F62706D6E64693A42504D4E53686170653E3C62706D6E64693A42504D4E53686170652069643D2241637469766974795F3036746D346A325F6469222062706D6E456C656D656E743D2241637469766974795F3036746D346A32223E3C64633A426F756E647320783D223232302220793D22323630222077696474683D2231303022206865696768743D22383022202F3E3C2F62706D6E64693A42504D4E53686170653E3C62706D6E64693A42504D4E53686170652069643D2241637469766974795F307674773370375F6469222062706D6E456C656D656E743D2241637469766974795F30767477337037223E3C64633A426F756E647320783D223431302220793D22323630222077696474683D2231303022206865696768743D22383022202F3E3C2F62706D6E64693A42504D4E53686170653E3C62706D6E64693A42504D4E53686170652069643D2241637469766974795F31766633746F685F6469222062706D6E456C656D656E743D2241637469766974795F31766633746F68223E3C64633A426F756E647320783D223536302220793D22323630222077696474683D2231303022206865696768743D22383022202F3E3C2F62706D6E64693A42504D4E53686170653E3C2F62706D6E64693A42504D4E506C616E653E3C2F62706D6E64693A42504D4E4469616772616D3E3C2F62706D6E323A646566696E6974696F6E733E, NULL);

-- ----------------------------
-- Table structure for act_ge_property
-- ----------------------------
DROP TABLE IF EXISTS `act_ge_property`;
CREATE TABLE `act_ge_property`  (
  `NAME_` varchar(64) CHARACTER SET utf8 COLLATE utf8_bin NOT NULL,
  `VALUE_` varchar(300) CHARACTER SET utf8 COLLATE utf8_bin NULL DEFAULT NULL,
  `REV_` int(11) NULL DEFAULT NULL,
  PRIMARY KEY (`NAME_`) USING BTREE
) ENGINE = InnoDB CHARACTER SET = utf8 COLLATE = utf8_bin ROW_FORMAT = COMPACT;

-- ----------------------------
-- Records of act_ge_property
-- ----------------------------
INSERT INTO `act_ge_property` VALUES ('batch.schema.version', '6.7.2.0', 1);
INSERT INTO `act_ge_property` VALUES ('cfg.execution-related-entities-count', 'true', 1);
INSERT INTO `act_ge_property` VALUES ('cfg.task-related-entities-count', 'true', 1);
INSERT INTO `act_ge_property` VALUES ('common.schema.version', '6.7.2.0', 1);
INSERT INTO `act_ge_property` VALUES ('entitylink.schema.version', '6.7.2.0', 1);
INSERT INTO `act_ge_property` VALUES ('eventsubscription.schema.version', '6.7.2.0', 1);
INSERT INTO `act_ge_property` VALUES ('identitylink.schema.version', '6.7.2.0', 1);
INSERT INTO `act_ge_property` VALUES ('job.schema.version', '6.7.2.0', 1);
INSERT INTO `act_ge_property` VALUES ('next.dbid', '1', 1);
INSERT INTO `act_ge_property` VALUES ('schema.history', 'upgrade(6.7.0.0->6.7.2.0)', 2);
INSERT INTO `act_ge_property` VALUES ('schema.version', '6.7.2.0', 2);
INSERT INTO `act_ge_property` VALUES ('task.schema.version', '6.7.2.0', 1);
INSERT INTO `act_ge_property` VALUES ('variable.schema.version', '6.7.2.0', 1);

-- ----------------------------
-- Table structure for act_hi_actinst
-- ----------------------------
DROP TABLE IF EXISTS `act_hi_actinst`;
CREATE TABLE `act_hi_actinst`  (
  `ID_` varchar(64) CHARACTER SET utf8 COLLATE utf8_bin NOT NULL,
  `REV_` int(11) NULL DEFAULT 1,
  `PROC_DEF_ID_` varchar(64) CHARACTER SET utf8 COLLATE utf8_bin NOT NULL,
  `PROC_INST_ID_` varchar(64) CHARACTER SET utf8 COLLATE utf8_bin NOT NULL,
  `EXECUTION_ID_` varchar(64) CHARACTER SET utf8 COLLATE utf8_bin NOT NULL,
  `ACT_ID_` varchar(255) CHARACTER SET utf8 COLLATE utf8_bin NOT NULL,
  `TASK_ID_` varchar(64) CHARACTER SET utf8 COLLATE utf8_bin NULL DEFAULT NULL,
  `CALL_PROC_INST_ID_` varchar(64) CHARACTER SET utf8 COLLATE utf8_bin NULL DEFAULT NULL,
  `ACT_NAME_` varchar(255) CHARACTER SET utf8 COLLATE utf8_bin NULL DEFAULT NULL,
  `ACT_TYPE_` varchar(255) CHARACTER SET utf8 COLLATE utf8_bin NOT NULL,
  `ASSIGNEE_` varchar(255) CHARACTER SET utf8 COLLATE utf8_bin NULL DEFAULT NULL,
  `START_TIME_` datetime(3) NOT NULL,
  `END_TIME_` datetime(3) NULL DEFAULT NULL,
  `TRANSACTION_ORDER_` int(11) NULL DEFAULT NULL,
  `DURATION_` bigint(20) NULL DEFAULT NULL,
  `DELETE_REASON_` varchar(4000) CHARACTER SET utf8 COLLATE utf8_bin NULL DEFAULT NULL,
  `TENANT_ID_` varchar(255) CHARACTER SET utf8 COLLATE utf8_bin NULL DEFAULT '',
  PRIMARY KEY (`ID_`) USING BTREE,
  INDEX `ACT_IDX_HI_ACT_INST_START`(`START_TIME_`) USING BTREE,
  INDEX `ACT_IDX_HI_ACT_INST_END`(`END_TIME_`) USING BTREE,
  INDEX `ACT_IDX_HI_ACT_INST_PROCINST`(`PROC_INST_ID_`, `ACT_ID_`) USING BTREE,
  INDEX `ACT_IDX_HI_ACT_INST_EXEC`(`EXECUTION_ID_`, `ACT_ID_`) USING BTREE
) ENGINE = InnoDB CHARACTER SET = utf8 COLLATE = utf8_bin ROW_FORMAT = COMPACT;

-- ----------------------------
-- Records of act_hi_actinst
-- ----------------------------
INSERT INTO `act_hi_actinst` VALUES ('0a260e61-2097-11ed-b609-3887d5e2c283', 1, 'leave:2:f519d4d0-1ec3-11ed-af71-3887d5e2c283', '0a24aec8-2097-11ed-b609-3887d5e2c283', '0a260e60-2097-11ed-b609-3887d5e2c283', 'Event_1u2autv', NULL, NULL, NULL, 'startEvent', NULL, '2022-08-20 22:47:40.077', '2022-08-20 22:47:40.077', 1, 0, NULL, '');
INSERT INTO `act_hi_actinst` VALUES ('0a260e62-2097-11ed-b609-3887d5e2c283', 1, 'leave:2:f519d4d0-1ec3-11ed-af71-3887d5e2c283', '0a24aec8-2097-11ed-b609-3887d5e2c283', '0a260e60-2097-11ed-b609-3887d5e2c283', 'Flow_1cxox84', NULL, NULL, NULL, 'sequenceFlow', NULL, '2022-08-20 22:47:40.077', '2022-08-20 22:47:40.077', 2, 0, NULL, '');
INSERT INTO `act_hi_actinst` VALUES ('0a260e63-2097-11ed-b609-3887d5e2c283', 1, 'leave:2:f519d4d0-1ec3-11ed-af71-3887d5e2c283', '0a24aec8-2097-11ed-b609-3887d5e2c283', '0a260e60-2097-11ed-b609-3887d5e2c283', 'Activity_0gcxdwu', '0a263574-2097-11ed-b609-3887d5e2c283', NULL, '', 'userTask', '2', '2022-08-20 22:47:40.077', NULL, 3, NULL, NULL, '');
INSERT INTO `act_hi_actinst` VALUES ('0d5b7915-c992-11ed-8a10-2016b9c02335', 1, 'leave:3:f4e718cf-c991-11ed-8a10-2016b9c02335', '0d5a8eb0-c992-11ed-8a10-2016b9c02335', '0d5b7914-c992-11ed-8a10-2016b9c02335', 'Event_1u2autv', NULL, NULL, '', 'startEvent', NULL, '2023-03-23 23:47:44.486', '2023-03-23 23:47:44.486', 1, 0, NULL, '');
INSERT INTO `act_hi_actinst` VALUES ('0d5b7916-c992-11ed-8a10-2016b9c02335', 1, 'leave:3:f4e718cf-c991-11ed-8a10-2016b9c02335', '0d5a8eb0-c992-11ed-8a10-2016b9c02335', '0d5b7914-c992-11ed-8a10-2016b9c02335', 'Flow_1cxox84', NULL, NULL, NULL, 'sequenceFlow', NULL, '2023-03-23 23:47:44.486', '2023-03-23 23:47:44.486', 2, 0, NULL, '');
INSERT INTO `act_hi_actinst` VALUES ('0d5b7917-c992-11ed-8a10-2016b9c02335', 2, 'leave:3:f4e718cf-c991-11ed-8a10-2016b9c02335', '0d5a8eb0-c992-11ed-8a10-2016b9c02335', '0d5b7914-c992-11ed-8a10-2016b9c02335', 'Activity_13uq05m', '0d5b7918-c992-11ed-8a10-2016b9c02335', NULL, '', 'userTask', '1', '2023-03-23 23:47:44.486', '2023-03-23 23:48:14.390', 3, 29904, NULL, '');
INSERT INTO `act_hi_actinst` VALUES ('1f2ec43c-c992-11ed-8a10-2016b9c02335', 1, 'leave:3:f4e718cf-c991-11ed-8a10-2016b9c02335', '0d5a8eb0-c992-11ed-8a10-2016b9c02335', '0d5b7914-c992-11ed-8a10-2016b9c02335', 'Flow_1rir0hj', NULL, NULL, NULL, 'sequenceFlow', NULL, '2023-03-23 23:48:14.392', '2023-03-23 23:48:14.392', 1, 0, NULL, '');
INSERT INTO `act_hi_actinst` VALUES ('1f2ec43d-c992-11ed-8a10-2016b9c02335', 1, 'leave:3:f4e718cf-c991-11ed-8a10-2016b9c02335', '0d5a8eb0-c992-11ed-8a10-2016b9c02335', '0d5b7914-c992-11ed-8a10-2016b9c02335', 'Event_0hldj7l', NULL, NULL, '', 'endEvent', NULL, '2023-03-23 23:48:14.392', '2023-03-23 23:48:14.394', 2, 2, NULL, '');
INSERT INTO `act_hi_actinst` VALUES ('26d61eb4-2843-11ed-9000-3887d5e2c283', 1, 'leave:2:f519d4d0-1ec3-11ed-af71-3887d5e2c283', 'e9b53134-283f-11ed-9000-3887d5e2c283', 'e9b7f05c-283f-11ed-9000-3887d5e2c283', 'Flow_1yk1dsj', NULL, NULL, NULL, 'sequenceFlow', NULL, '2022-08-30 17:07:19.784', '2022-08-30 17:07:19.784', 1, 0, NULL, '');
INSERT INTO `act_hi_actinst` VALUES ('26d645c5-2843-11ed-9000-3887d5e2c283', 1, 'leave:2:f519d4d0-1ec3-11ed-af71-3887d5e2c283', 'e9b53134-283f-11ed-9000-3887d5e2c283', 'e9b7f05c-283f-11ed-9000-3887d5e2c283', 'Activity_13uq05m', '26d645c6-2843-11ed-9000-3887d5e2c283', NULL, '', 'userTask', '4', '2022-08-30 17:07:19.785', NULL, 2, NULL, NULL, '');
INSERT INTO `act_hi_actinst` VALUES ('31b44760-ca0c-11ed-b90d-2016b9c02335', 1, 'leave:4:f49b5e34-ca0a-11ed-b90d-2016b9c02335', '31b3ab1b-ca0c-11ed-b90d-2016b9c02335', '31b4475f-ca0c-11ed-b90d-2016b9c02335', 'Event_1u2autv', NULL, NULL, '', 'startEvent', NULL, '2023-03-24 14:22:04.067', '2023-03-24 14:22:04.067', 1, 0, NULL, '');
INSERT INTO `act_hi_actinst` VALUES ('31b44761-ca0c-11ed-b90d-2016b9c02335', 1, 'leave:4:f49b5e34-ca0a-11ed-b90d-2016b9c02335', '31b3ab1b-ca0c-11ed-b90d-2016b9c02335', '31b4475f-ca0c-11ed-b90d-2016b9c02335', 'Flow_1cxox84', NULL, NULL, NULL, 'sequenceFlow', NULL, '2023-03-24 14:22:04.067', '2023-03-24 14:22:04.067', 2, 0, NULL, '');
INSERT INTO `act_hi_actinst` VALUES ('31b44762-ca0c-11ed-b90d-2016b9c02335', 1, 'leave:4:f49b5e34-ca0a-11ed-b90d-2016b9c02335', '31b3ab1b-ca0c-11ed-b90d-2016b9c02335', '31b4475f-ca0c-11ed-b90d-2016b9c02335', 'Activity_13uq05m', '31b44763-ca0c-11ed-b90d-2016b9c02335', NULL, '', 'userTask', '1', '2023-03-24 14:22:04.067', NULL, 3, NULL, NULL, '');
INSERT INTO `act_hi_actinst` VALUES ('50ffc0eb-ca0c-11ed-b90d-2016b9c02335', 1, 'leave:4:f49b5e34-ca0a-11ed-b90d-2016b9c02335', '50fed686-ca0c-11ed-b90d-2016b9c02335', '50ffc0ea-ca0c-11ed-b90d-2016b9c02335', 'Event_1u2autv', NULL, NULL, '', 'startEvent', NULL, '2023-03-24 14:22:56.571', '2023-03-24 14:22:56.572', 1, 1, NULL, '');
INSERT INTO `act_hi_actinst` VALUES ('50ffe7fc-ca0c-11ed-b90d-2016b9c02335', 1, 'leave:4:f49b5e34-ca0a-11ed-b90d-2016b9c02335', '50fed686-ca0c-11ed-b90d-2016b9c02335', '50ffc0ea-ca0c-11ed-b90d-2016b9c02335', 'Flow_1cxox84', NULL, NULL, NULL, 'sequenceFlow', NULL, '2023-03-24 14:22:56.572', '2023-03-24 14:22:56.572', 2, 0, NULL, '');
INSERT INTO `act_hi_actinst` VALUES ('50ffe7fd-ca0c-11ed-b90d-2016b9c02335', 1, 'leave:4:f49b5e34-ca0a-11ed-b90d-2016b9c02335', '50fed686-ca0c-11ed-b90d-2016b9c02335', '50ffc0ea-ca0c-11ed-b90d-2016b9c02335', 'Activity_13uq05m', '50ffe7fe-ca0c-11ed-b90d-2016b9c02335', NULL, '', 'userTask', '1', '2023-03-24 14:22:56.572', NULL, 3, NULL, NULL, '');
INSERT INTO `act_hi_actinst` VALUES ('53a6e16a-ca0b-11ed-b90d-2016b9c02335', 1, 'leave:4:f49b5e34-ca0a-11ed-b90d-2016b9c02335', '53a44955-ca0b-11ed-b90d-2016b9c02335', '53a6e169-ca0b-11ed-b90d-2016b9c02335', 'Event_1u2autv', NULL, NULL, '', 'startEvent', NULL, '2023-03-24 14:15:51.525', '2023-03-24 14:15:51.529', 1, 4, NULL, '');
INSERT INTO `act_hi_actinst` VALUES ('53a7cbcb-ca0b-11ed-b90d-2016b9c02335', 1, 'leave:4:f49b5e34-ca0a-11ed-b90d-2016b9c02335', '53a44955-ca0b-11ed-b90d-2016b9c02335', '53a6e169-ca0b-11ed-b90d-2016b9c02335', 'Flow_1cxox84', NULL, NULL, NULL, 'sequenceFlow', NULL, '2023-03-24 14:15:51.531', '2023-03-24 14:15:51.531', 2, 0, NULL, '');
INSERT INTO `act_hi_actinst` VALUES ('53a7cbcc-ca0b-11ed-b90d-2016b9c02335', 1, 'leave:4:f49b5e34-ca0a-11ed-b90d-2016b9c02335', '53a44955-ca0b-11ed-b90d-2016b9c02335', '53a6e169-ca0b-11ed-b90d-2016b9c02335', 'Activity_13uq05m', '53b0a56d-ca0b-11ed-b90d-2016b9c02335', NULL, '', 'userTask', '1', '2023-03-24 14:15:51.531', NULL, 3, NULL, NULL, '');
INSERT INTO `act_hi_actinst` VALUES ('59c08fe4-cbe3-11ed-a77c-2016b9c02335', 1, 'repair:2:b58c1943-cb90-11ed-aa70-2016b9c02335', '59bfa57b-cbe3-11ed-a77c-2016b9c02335', '59c068d3-cbe3-11ed-a77c-2016b9c02335', 'Event_1490ccg', NULL, NULL, NULL, 'startEvent', NULL, '2023-03-26 22:34:44.216', '2023-03-26 22:34:44.216', 1, 0, NULL, '');
INSERT INTO `act_hi_actinst` VALUES ('59c08fe5-cbe3-11ed-a77c-2016b9c02335', 1, 'repair:2:b58c1943-cb90-11ed-aa70-2016b9c02335', '59bfa57b-cbe3-11ed-a77c-2016b9c02335', '59c068d3-cbe3-11ed-a77c-2016b9c02335', 'Flow_02o19w2', NULL, NULL, NULL, 'sequenceFlow', NULL, '2023-03-26 22:34:44.216', '2023-03-26 22:34:44.216', 2, 0, NULL, '');
INSERT INTO `act_hi_actinst` VALUES ('59c08fe6-cbe3-11ed-a77c-2016b9c02335', 2, 'repair:2:b58c1943-cb90-11ed-aa70-2016b9c02335', '59bfa57b-cbe3-11ed-a77c-2016b9c02335', '59c068d3-cbe3-11ed-a77c-2016b9c02335', 'Activity_12hhoy5', '59c08fe7-cbe3-11ed-a77c-2016b9c02335', NULL, '', 'userTask', '3', '2023-03-26 22:34:44.216', '2023-03-26 22:43:16.305', 3, 512089, NULL, '');
INSERT INTO `act_hi_actinst` VALUES ('66cd7a9e-ca2b-11ed-9c60-2016b9c02335', 1, 'leave:5:d96565c4-ca0d-11ed-b90d-2016b9c02335', '66cbf3f2-ca2b-11ed-9c60-2016b9c02335', '66cd7a9d-ca2b-11ed-9c60-2016b9c02335', 'Event_1u2autv', NULL, NULL, '', 'startEvent', NULL, '2023-03-24 18:05:27.550', '2023-03-24 18:05:27.550', 1, 0, NULL, '');
INSERT INTO `act_hi_actinst` VALUES ('66cd7a9f-ca2b-11ed-9c60-2016b9c02335', 1, 'leave:5:d96565c4-ca0d-11ed-b90d-2016b9c02335', '66cbf3f2-ca2b-11ed-9c60-2016b9c02335', '66cd7a9d-ca2b-11ed-9c60-2016b9c02335', 'Flow_1cxox84', NULL, NULL, NULL, 'sequenceFlow', NULL, '2023-03-24 18:05:27.550', '2023-03-24 18:05:27.550', 2, 0, NULL, '');
INSERT INTO `act_hi_actinst` VALUES ('66cd7aa0-ca2b-11ed-9c60-2016b9c02335', 1, 'leave:5:d96565c4-ca0d-11ed-b90d-2016b9c02335', '66cbf3f2-ca2b-11ed-9c60-2016b9c02335', '66cd7a9d-ca2b-11ed-9c60-2016b9c02335', 'Activity_13uq05m', '66cd7aa1-ca2b-11ed-9c60-2016b9c02335', NULL, '', 'userTask', '1', '2023-03-24 18:05:27.550', NULL, 3, NULL, NULL, '');
INSERT INTO `act_hi_actinst` VALUES ('7056abdd-cb94-11ed-8c20-2016b9c02335', 1, 'check_in:1:1c85c30e-cb94-11ed-8c20-2016b9c02335', '7044835f-cb94-11ed-8c20-2016b9c02335', '7056abdc-cb94-11ed-8c20-2016b9c02335', 'Event_1kkx7wh', NULL, NULL, NULL, 'startEvent', NULL, '2023-03-26 13:09:51.869', '2023-03-26 13:09:51.876', 1, 7, NULL, '');
INSERT INTO `act_hi_actinst` VALUES ('7058f5ce-cb94-11ed-8c20-2016b9c02335', 1, 'check_in:1:1c85c30e-cb94-11ed-8c20-2016b9c02335', '7044835f-cb94-11ed-8c20-2016b9c02335', '7056abdc-cb94-11ed-8c20-2016b9c02335', 'Flow_1liza5e', NULL, NULL, NULL, 'sequenceFlow', NULL, '2023-03-26 13:09:51.883', '2023-03-26 13:09:51.883', 2, 0, NULL, '');
INSERT INTO `act_hi_actinst` VALUES ('7058f5cf-cb94-11ed-8c20-2016b9c02335', 1, 'check_in:1:1c85c30e-cb94-11ed-8c20-2016b9c02335', '7044835f-cb94-11ed-8c20-2016b9c02335', '7056abdc-cb94-11ed-8c20-2016b9c02335', 'Activity_06tm4j2', '705d1480-cb94-11ed-8c20-2016b9c02335', NULL, '', 'userTask', '4', '2023-03-26 13:09:51.883', NULL, 3, NULL, NULL, '');
INSERT INTO `act_hi_actinst` VALUES ('7bf975e4-2097-11ed-8938-3887d5e2c283', 1, 'leave:2:f519d4d0-1ec3-11ed-af71-3887d5e2c283', '7bf2bf1b-2097-11ed-8938-3887d5e2c283', '7bf94ed3-2097-11ed-8938-3887d5e2c283', 'Event_1u2autv', NULL, NULL, NULL, 'startEvent', NULL, '2022-08-20 22:50:51.045', '2022-08-20 22:50:51.049', 1, 4, NULL, '');
INSERT INTO `act_hi_actinst` VALUES ('7bfa6045-2097-11ed-8938-3887d5e2c283', 1, 'leave:2:f519d4d0-1ec3-11ed-af71-3887d5e2c283', '7bf2bf1b-2097-11ed-8938-3887d5e2c283', '7bf94ed3-2097-11ed-8938-3887d5e2c283', 'Flow_1cxox84', NULL, NULL, NULL, 'sequenceFlow', NULL, '2022-08-20 22:50:51.051', '2022-08-20 22:50:51.051', 2, 0, NULL, '');
INSERT INTO `act_hi_actinst` VALUES ('7bfa6046-2097-11ed-8938-3887d5e2c283', 1, 'leave:2:f519d4d0-1ec3-11ed-af71-3887d5e2c283', '7bf2bf1b-2097-11ed-8938-3887d5e2c283', '7bf94ed3-2097-11ed-8938-3887d5e2c283', 'Activity_0gcxdwu', '7bfe7ef7-2097-11ed-8938-3887d5e2c283', NULL, '', 'userTask', '2', '2022-08-20 22:50:51.051', NULL, 3, NULL, NULL, '');
INSERT INTO `act_hi_actinst` VALUES ('7e8cb5a4-2095-11ed-b609-3887d5e2c283', 1, 'leave:2:f519d4d0-1ec3-11ed-af71-3887d5e2c283', '7e853b8b-2095-11ed-b609-3887d5e2c283', '7e8cb5a3-2095-11ed-b609-3887d5e2c283', 'Event_1u2autv', NULL, NULL, NULL, 'startEvent', NULL, '2022-08-20 22:36:36.372', '2022-08-20 22:36:36.379', 1, 7, NULL, '');
INSERT INTO `act_hi_actinst` VALUES ('7e8e8a65-2095-11ed-b609-3887d5e2c283', 1, 'leave:2:f519d4d0-1ec3-11ed-af71-3887d5e2c283', '7e853b8b-2095-11ed-b609-3887d5e2c283', '7e8cb5a3-2095-11ed-b609-3887d5e2c283', 'Flow_1cxox84', NULL, NULL, NULL, 'sequenceFlow', NULL, '2022-08-20 22:36:36.384', '2022-08-20 22:36:36.384', 2, 0, NULL, '');
INSERT INTO `act_hi_actinst` VALUES ('7e8e8a66-2095-11ed-b609-3887d5e2c283', 2, 'leave:2:f519d4d0-1ec3-11ed-af71-3887d5e2c283', '7e853b8b-2095-11ed-b609-3887d5e2c283', '7e8cb5a3-2095-11ed-b609-3887d5e2c283', 'Activity_0gcxdwu', '7e92a917-2095-11ed-b609-3887d5e2c283', NULL, '', 'userTask', '2', '2022-08-20 22:36:36.384', '2022-08-20 22:57:45.651', 3, 1269267, '', '');
INSERT INTO `act_hi_actinst` VALUES ('88852991-cb94-11ed-8c20-2016b9c02335', 1, 'check_in:1:1c85c30e-cb94-11ed-8c20-2016b9c02335', '88846633-cb94-11ed-8c20-2016b9c02335', '88852990-cb94-11ed-8c20-2016b9c02335', 'Event_1kkx7wh', NULL, NULL, NULL, 'startEvent', NULL, '2023-03-26 13:10:32.438', '2023-03-26 13:10:32.438', 1, 0, NULL, '');
INSERT INTO `act_hi_actinst` VALUES ('88852992-cb94-11ed-8c20-2016b9c02335', 1, 'check_in:1:1c85c30e-cb94-11ed-8c20-2016b9c02335', '88846633-cb94-11ed-8c20-2016b9c02335', '88852990-cb94-11ed-8c20-2016b9c02335', 'Flow_1liza5e', NULL, NULL, NULL, 'sequenceFlow', NULL, '2023-03-26 13:10:32.438', '2023-03-26 13:10:32.438', 2, 0, NULL, '');
INSERT INTO `act_hi_actinst` VALUES ('88852993-cb94-11ed-8c20-2016b9c02335', 1, 'check_in:1:1c85c30e-cb94-11ed-8c20-2016b9c02335', '88846633-cb94-11ed-8c20-2016b9c02335', '88852990-cb94-11ed-8c20-2016b9c02335', 'Activity_06tm4j2', '88852994-cb94-11ed-8c20-2016b9c02335', NULL, '', 'userTask', '2', '2023-03-26 13:10:32.438', NULL, 3, NULL, NULL, '');
INSERT INTO `act_hi_actinst` VALUES ('8afb729b-cbe4-11ed-a77c-2016b9c02335', 1, 'repair:2:b58c1943-cb90-11ed-aa70-2016b9c02335', '59bfa57b-cbe3-11ed-a77c-2016b9c02335', '59c068d3-cbe3-11ed-a77c-2016b9c02335', 'Flow_0s856e9', NULL, NULL, NULL, 'sequenceFlow', NULL, '2023-03-26 22:43:16.307', '2023-03-26 22:43:16.307', 1, 0, NULL, '');
INSERT INTO `act_hi_actinst` VALUES ('8afbe7cc-cbe4-11ed-a77c-2016b9c02335', 2, 'repair:2:b58c1943-cb90-11ed-aa70-2016b9c02335', '59bfa57b-cbe3-11ed-a77c-2016b9c02335', '59c068d3-cbe3-11ed-a77c-2016b9c02335', 'Activity_0xh9dwc', '8afbe7cd-cbe4-11ed-a77c-2016b9c02335', NULL, '', 'userTask', '3', '2023-03-26 22:43:16.310', '2023-03-26 22:43:30.844', 2, 14534, NULL, '');
INSERT INTO `act_hi_actinst` VALUES ('93a5ec50-cbe4-11ed-a77c-2016b9c02335', 1, 'repair:2:b58c1943-cb90-11ed-aa70-2016b9c02335', '59bfa57b-cbe3-11ed-a77c-2016b9c02335', '59c068d3-cbe3-11ed-a77c-2016b9c02335', 'Flow_01pc7kx', NULL, NULL, NULL, 'sequenceFlow', NULL, '2023-03-26 22:43:30.846', '2023-03-26 22:43:30.846', 1, 0, NULL, '');
INSERT INTO `act_hi_actinst` VALUES ('93a61361-cbe4-11ed-a77c-2016b9c02335', 1, 'repair:2:b58c1943-cb90-11ed-aa70-2016b9c02335', '59bfa57b-cbe3-11ed-a77c-2016b9c02335', '59c068d3-cbe3-11ed-a77c-2016b9c02335', 'Activity_1ne3thd', '93a61362-cbe4-11ed-a77c-2016b9c02335', NULL, '', 'userTask', '2', '2023-03-26 22:43:30.847', NULL, 2, NULL, NULL, '');
INSERT INTO `act_hi_actinst` VALUES ('996c6710-cb94-11ed-8c20-2016b9c02335', 1, 'repair:2:b58c1943-cb90-11ed-aa70-2016b9c02335', '996b7ca7-cb94-11ed-8c20-2016b9c02335', '996c670f-cb94-11ed-8c20-2016b9c02335', 'Event_1490ccg', NULL, NULL, NULL, 'startEvent', NULL, '2023-03-26 13:11:00.797', '2023-03-26 13:11:00.797', 1, 0, NULL, '');
INSERT INTO `act_hi_actinst` VALUES ('996c6711-cb94-11ed-8c20-2016b9c02335', 1, 'repair:2:b58c1943-cb90-11ed-aa70-2016b9c02335', '996b7ca7-cb94-11ed-8c20-2016b9c02335', '996c670f-cb94-11ed-8c20-2016b9c02335', 'Flow_02o19w2', NULL, NULL, NULL, 'sequenceFlow', NULL, '2023-03-26 13:11:00.797', '2023-03-26 13:11:00.797', 2, 0, NULL, '');
INSERT INTO `act_hi_actinst` VALUES ('996c6712-cb94-11ed-8c20-2016b9c02335', 1, 'repair:2:b58c1943-cb90-11ed-aa70-2016b9c02335', '996b7ca7-cb94-11ed-8c20-2016b9c02335', '996c670f-cb94-11ed-8c20-2016b9c02335', 'Activity_12hhoy5', '996c6713-cb94-11ed-8c20-2016b9c02335', NULL, '', 'userTask', '2', '2023-03-26 13:11:00.797', NULL, 3, NULL, NULL, '');
INSERT INTO `act_hi_actinst` VALUES ('b876a602-2096-11ed-b609-3887d5e2c283', 1, 'leave:2:f519d4d0-1ec3-11ed-af71-3887d5e2c283', 'b8745c09-2096-11ed-b609-3887d5e2c283', 'b876a601-2096-11ed-b609-3887d5e2c283', 'Event_1u2autv', NULL, NULL, NULL, 'startEvent', NULL, '2022-08-20 22:45:23.032', '2022-08-20 22:45:23.032', 1, 0, NULL, '');
INSERT INTO `act_hi_actinst` VALUES ('b876a603-2096-11ed-b609-3887d5e2c283', 1, 'leave:2:f519d4d0-1ec3-11ed-af71-3887d5e2c283', 'b8745c09-2096-11ed-b609-3887d5e2c283', 'b876a601-2096-11ed-b609-3887d5e2c283', 'Flow_1cxox84', NULL, NULL, NULL, 'sequenceFlow', NULL, '2022-08-20 22:45:23.032', '2022-08-20 22:45:23.032', 2, 0, NULL, '');
INSERT INTO `act_hi_actinst` VALUES ('b876a604-2096-11ed-b609-3887d5e2c283', 1, 'leave:2:f519d4d0-1ec3-11ed-af71-3887d5e2c283', 'b8745c09-2096-11ed-b609-3887d5e2c283', 'b876a601-2096-11ed-b609-3887d5e2c283', 'Activity_0gcxdwu', 'b876a605-2096-11ed-b609-3887d5e2c283', NULL, '', 'userTask', '2', '2022-08-20 22:45:23.032', NULL, 3, NULL, NULL, '');
INSERT INTO `act_hi_actinst` VALUES ('bf126d36-c991-11ed-8a10-2016b9c02335', 1, 'leave:2:f519d4d0-1ec3-11ed-af71-3887d5e2c283', 'bf0fd521-c991-11ed-8a10-2016b9c02335', 'bf126d35-c991-11ed-8a10-2016b9c02335', 'Event_1u2autv', NULL, NULL, NULL, 'startEvent', NULL, '2023-03-23 23:45:33.145', '2023-03-23 23:45:33.154', 1, 9, NULL, '');
INSERT INTO `act_hi_actinst` VALUES ('bf14b727-c991-11ed-8a10-2016b9c02335', 1, 'leave:2:f519d4d0-1ec3-11ed-af71-3887d5e2c283', 'bf0fd521-c991-11ed-8a10-2016b9c02335', 'bf126d35-c991-11ed-8a10-2016b9c02335', 'Flow_1cxox84', NULL, NULL, NULL, 'sequenceFlow', NULL, '2023-03-23 23:45:33.160', '2023-03-23 23:45:33.160', 2, 0, NULL, '');
INSERT INTO `act_hi_actinst` VALUES ('bf14b728-c991-11ed-8a10-2016b9c02335', 1, 'leave:2:f519d4d0-1ec3-11ed-af71-3887d5e2c283', 'bf0fd521-c991-11ed-8a10-2016b9c02335', 'bf126d35-c991-11ed-8a10-2016b9c02335', 'Activity_0gcxdwu', 'bf183999-c991-11ed-8a10-2016b9c02335', NULL, '', 'userTask', '2', '2023-03-23 23:45:33.160', NULL, 3, NULL, NULL, '');
INSERT INTO `act_hi_actinst` VALUES ('da71cb93-2095-11ed-b609-3887d5e2c283', 1, 'leave:2:f519d4d0-1ec3-11ed-af71-3887d5e2c283', 'da70e12a-2095-11ed-b609-3887d5e2c283', 'da71cb92-2095-11ed-b609-3887d5e2c283', 'Event_1u2autv', NULL, NULL, NULL, 'startEvent', NULL, '2022-08-20 22:39:10.546', '2022-08-20 22:39:10.546', 1, 0, NULL, '');
INSERT INTO `act_hi_actinst` VALUES ('da71cb94-2095-11ed-b609-3887d5e2c283', 1, 'leave:2:f519d4d0-1ec3-11ed-af71-3887d5e2c283', 'da70e12a-2095-11ed-b609-3887d5e2c283', 'da71cb92-2095-11ed-b609-3887d5e2c283', 'Flow_1cxox84', NULL, NULL, NULL, 'sequenceFlow', NULL, '2022-08-20 22:39:10.546', '2022-08-20 22:39:10.546', 2, 0, NULL, '');
INSERT INTO `act_hi_actinst` VALUES ('da71cb95-2095-11ed-b609-3887d5e2c283', 1, 'leave:2:f519d4d0-1ec3-11ed-af71-3887d5e2c283', 'da70e12a-2095-11ed-b609-3887d5e2c283', 'da71cb92-2095-11ed-b609-3887d5e2c283', 'Activity_0gcxdwu', 'da71f2a6-2095-11ed-b609-3887d5e2c283', NULL, '', 'userTask', '2', '2022-08-20 22:39:10.546', NULL, 3, NULL, NULL, '');
INSERT INTO `act_hi_actinst` VALUES ('df0d3895-ca0b-11ed-b90d-2016b9c02335', 1, 'leave:4:f49b5e34-ca0a-11ed-b90d-2016b9c02335', 'df0c2720-ca0b-11ed-b90d-2016b9c02335', 'df0d3894-ca0b-11ed-b90d-2016b9c02335', 'Event_1u2autv', NULL, NULL, '', 'startEvent', NULL, '2023-03-24 14:19:45.399', '2023-03-24 14:19:45.399', 1, 0, NULL, '');
INSERT INTO `act_hi_actinst` VALUES ('df0d3896-ca0b-11ed-b90d-2016b9c02335', 1, 'leave:4:f49b5e34-ca0a-11ed-b90d-2016b9c02335', 'df0c2720-ca0b-11ed-b90d-2016b9c02335', 'df0d3894-ca0b-11ed-b90d-2016b9c02335', 'Flow_1cxox84', NULL, NULL, NULL, 'sequenceFlow', NULL, '2023-03-24 14:19:45.399', '2023-03-24 14:19:45.399', 2, 0, NULL, '');
INSERT INTO `act_hi_actinst` VALUES ('df0d3897-ca0b-11ed-b90d-2016b9c02335', 1, 'leave:4:f49b5e34-ca0a-11ed-b90d-2016b9c02335', 'df0c2720-ca0b-11ed-b90d-2016b9c02335', 'df0d3894-ca0b-11ed-b90d-2016b9c02335', 'Activity_13uq05m', 'df0d3898-ca0b-11ed-b90d-2016b9c02335', NULL, '', 'userTask', '1', '2023-03-24 14:19:45.399', NULL, 3, NULL, NULL, '');
INSERT INTO `act_hi_actinst` VALUES ('e5a8bdb1-ca0d-11ed-b90d-2016b9c02335', 1, 'leave:5:d96565c4-ca0d-11ed-b90d-2016b9c02335', 'e596e355-ca0d-11ed-b90d-2016b9c02335', 'e5a8bdb0-ca0d-11ed-b90d-2016b9c02335', 'Event_1u2autv', NULL, NULL, '', 'startEvent', NULL, '2023-03-24 14:34:15.478', '2023-03-24 14:34:15.478', 1, 0, NULL, '');
INSERT INTO `act_hi_actinst` VALUES ('e5a8bdb2-ca0d-11ed-b90d-2016b9c02335', 1, 'leave:5:d96565c4-ca0d-11ed-b90d-2016b9c02335', 'e596e355-ca0d-11ed-b90d-2016b9c02335', 'e5a8bdb0-ca0d-11ed-b90d-2016b9c02335', 'Flow_1cxox84', NULL, NULL, NULL, 'sequenceFlow', NULL, '2023-03-24 14:34:15.478', '2023-03-24 14:34:15.478', 2, 0, NULL, '');
INSERT INTO `act_hi_actinst` VALUES ('e5a8bdb3-ca0d-11ed-b90d-2016b9c02335', 1, 'leave:5:d96565c4-ca0d-11ed-b90d-2016b9c02335', 'e596e355-ca0d-11ed-b90d-2016b9c02335', 'e5a8bdb0-ca0d-11ed-b90d-2016b9c02335', 'Activity_13uq05m', 'e5a8bdb4-ca0d-11ed-b90d-2016b9c02335', NULL, '', 'userTask', '1', '2023-03-24 14:34:15.478', NULL, 3, NULL, NULL, '');
INSERT INTO `act_hi_actinst` VALUES ('e8597425-cbe1-11ed-a77c-2016b9c02335', 1, 'repair:2:b58c1943-cb90-11ed-aa70-2016b9c02335', 'e855f1ac-cbe1-11ed-a77c-2016b9c02335', 'e8597424-cbe1-11ed-a77c-2016b9c02335', 'Event_1490ccg', NULL, NULL, NULL, 'startEvent', NULL, '2023-03-26 22:24:24.461', '2023-03-26 22:24:24.568', 1, 107, NULL, '');
INSERT INTO `act_hi_actinst` VALUES ('e86a3d06-cbe1-11ed-a77c-2016b9c02335', 1, 'repair:2:b58c1943-cb90-11ed-aa70-2016b9c02335', 'e855f1ac-cbe1-11ed-a77c-2016b9c02335', 'e8597424-cbe1-11ed-a77c-2016b9c02335', 'Flow_02o19w2', NULL, NULL, NULL, 'sequenceFlow', NULL, '2023-03-26 22:24:24.571', '2023-03-26 22:24:24.571', 2, 0, NULL, '');
INSERT INTO `act_hi_actinst` VALUES ('e86a3d07-cbe1-11ed-a77c-2016b9c02335', 1, 'repair:2:b58c1943-cb90-11ed-aa70-2016b9c02335', 'e855f1ac-cbe1-11ed-a77c-2016b9c02335', 'e8597424-cbe1-11ed-a77c-2016b9c02335', 'Activity_12hhoy5', 'e86e0d98-cbe1-11ed-a77c-2016b9c02335', NULL, '', 'userTask', '3', '2023-03-26 22:24:24.571', NULL, 3, NULL, NULL, '');
INSERT INTO `act_hi_actinst` VALUES ('e9b7f05d-283f-11ed-9000-3887d5e2c283', 1, 'leave:2:f519d4d0-1ec3-11ed-af71-3887d5e2c283', 'e9b53134-283f-11ed-9000-3887d5e2c283', 'e9b7f05c-283f-11ed-9000-3887d5e2c283', 'Event_1u2autv', NULL, NULL, NULL, 'startEvent', NULL, '2022-08-30 16:44:08.755', '2022-08-30 16:44:08.759', 1, 4, NULL, '');
INSERT INTO `act_hi_actinst` VALUES ('e9b8dabe-283f-11ed-9000-3887d5e2c283', 1, 'leave:2:f519d4d0-1ec3-11ed-af71-3887d5e2c283', 'e9b53134-283f-11ed-9000-3887d5e2c283', 'e9b7f05c-283f-11ed-9000-3887d5e2c283', 'Flow_1cxox84', NULL, NULL, NULL, 'sequenceFlow', NULL, '2022-08-30 16:44:08.761', '2022-08-30 16:44:08.761', 2, 0, NULL, '');
INSERT INTO `act_hi_actinst` VALUES ('e9b8dabf-283f-11ed-9000-3887d5e2c283', 2, 'leave:2:f519d4d0-1ec3-11ed-af71-3887d5e2c283', 'e9b53134-283f-11ed-9000-3887d5e2c283', 'e9b7f05c-283f-11ed-9000-3887d5e2c283', 'Activity_0gcxdwu', 'e9bbe800-283f-11ed-9000-3887d5e2c283', NULL, '', 'userTask', '2', '2022-08-30 16:44:08.761', '2022-08-30 17:07:19.783', 3, 1391022, NULL, '');
INSERT INTO `act_hi_actinst` VALUES ('e9d71f12-cd5f-11ed-997c-2016b9c02335', 1, 'check_in:1:1c85c30e-cb94-11ed-8c20-2016b9c02335', 'e9d152a4-cd5f-11ed-997c-2016b9c02335', 'e9d71f11-cd5f-11ed-997c-2016b9c02335', 'Event_1kkx7wh', NULL, NULL, NULL, 'startEvent', NULL, '2023-03-28 19:58:54.713', '2023-03-28 19:58:54.727', 1, 14, NULL, '');
INSERT INTO `act_hi_actinst` VALUES ('e9da5363-cd5f-11ed-997c-2016b9c02335', 1, 'check_in:1:1c85c30e-cb94-11ed-8c20-2016b9c02335', 'e9d152a4-cd5f-11ed-997c-2016b9c02335', 'e9d71f11-cd5f-11ed-997c-2016b9c02335', 'Flow_1liza5e', NULL, NULL, NULL, 'sequenceFlow', NULL, '2023-03-28 19:58:54.734', '2023-03-28 19:58:54.734', 2, 0, NULL, '');
INSERT INTO `act_hi_actinst` VALUES ('e9da5364-cd5f-11ed-997c-2016b9c02335', 1, 'check_in:1:1c85c30e-cb94-11ed-8c20-2016b9c02335', 'e9d152a4-cd5f-11ed-997c-2016b9c02335', 'e9d71f11-cd5f-11ed-997c-2016b9c02335', 'Activity_06tm4j2', 'e9e5ec25-cd5f-11ed-997c-2016b9c02335', NULL, '', 'userTask', '4', '2023-03-28 19:58:54.734', NULL, 3, NULL, NULL, '');

-- ----------------------------
-- Table structure for act_hi_attachment
-- ----------------------------
DROP TABLE IF EXISTS `act_hi_attachment`;
CREATE TABLE `act_hi_attachment`  (
  `ID_` varchar(64) CHARACTER SET utf8 COLLATE utf8_bin NOT NULL,
  `REV_` int(11) NULL DEFAULT NULL,
  `USER_ID_` varchar(255) CHARACTER SET utf8 COLLATE utf8_bin NULL DEFAULT NULL,
  `NAME_` varchar(255) CHARACTER SET utf8 COLLATE utf8_bin NULL DEFAULT NULL,
  `DESCRIPTION_` varchar(4000) CHARACTER SET utf8 COLLATE utf8_bin NULL DEFAULT NULL,
  `TYPE_` varchar(255) CHARACTER SET utf8 COLLATE utf8_bin NULL DEFAULT NULL,
  `TASK_ID_` varchar(64) CHARACTER SET utf8 COLLATE utf8_bin NULL DEFAULT NULL,
  `PROC_INST_ID_` varchar(64) CHARACTER SET utf8 COLLATE utf8_bin NULL DEFAULT NULL,
  `URL_` varchar(4000) CHARACTER SET utf8 COLLATE utf8_bin NULL DEFAULT NULL,
  `CONTENT_ID_` varchar(64) CHARACTER SET utf8 COLLATE utf8_bin NULL DEFAULT NULL,
  `TIME_` datetime(3) NULL DEFAULT NULL,
  PRIMARY KEY (`ID_`) USING BTREE
) ENGINE = InnoDB CHARACTER SET = utf8 COLLATE = utf8_bin ROW_FORMAT = COMPACT;

-- ----------------------------
-- Records of act_hi_attachment
-- ----------------------------

-- ----------------------------
-- Table structure for act_hi_comment
-- ----------------------------
DROP TABLE IF EXISTS `act_hi_comment`;
CREATE TABLE `act_hi_comment`  (
  `ID_` varchar(64) CHARACTER SET utf8 COLLATE utf8_bin NOT NULL,
  `TYPE_` varchar(255) CHARACTER SET utf8 COLLATE utf8_bin NULL DEFAULT NULL,
  `TIME_` datetime(3) NOT NULL,
  `USER_ID_` varchar(255) CHARACTER SET utf8 COLLATE utf8_bin NULL DEFAULT NULL,
  `TASK_ID_` varchar(64) CHARACTER SET utf8 COLLATE utf8_bin NULL DEFAULT NULL,
  `PROC_INST_ID_` varchar(64) CHARACTER SET utf8 COLLATE utf8_bin NULL DEFAULT NULL,
  `ACTION_` varchar(255) CHARACTER SET utf8 COLLATE utf8_bin NULL DEFAULT NULL,
  `MESSAGE_` varchar(4000) CHARACTER SET utf8 COLLATE utf8_bin NULL DEFAULT NULL,
  `FULL_MSG_` longblob NULL,
  PRIMARY KEY (`ID_`) USING BTREE
) ENGINE = InnoDB CHARACTER SET = utf8 COLLATE = utf8_bin ROW_FORMAT = COMPACT;

-- ----------------------------
-- Records of act_hi_comment
-- ----------------------------

-- ----------------------------
-- Table structure for act_hi_detail
-- ----------------------------
DROP TABLE IF EXISTS `act_hi_detail`;
CREATE TABLE `act_hi_detail`  (
  `ID_` varchar(64) CHARACTER SET utf8 COLLATE utf8_bin NOT NULL,
  `TYPE_` varchar(255) CHARACTER SET utf8 COLLATE utf8_bin NOT NULL,
  `PROC_INST_ID_` varchar(64) CHARACTER SET utf8 COLLATE utf8_bin NULL DEFAULT NULL,
  `EXECUTION_ID_` varchar(64) CHARACTER SET utf8 COLLATE utf8_bin NULL DEFAULT NULL,
  `TASK_ID_` varchar(64) CHARACTER SET utf8 COLLATE utf8_bin NULL DEFAULT NULL,
  `ACT_INST_ID_` varchar(64) CHARACTER SET utf8 COLLATE utf8_bin NULL DEFAULT NULL,
  `NAME_` varchar(255) CHARACTER SET utf8 COLLATE utf8_bin NOT NULL,
  `VAR_TYPE_` varchar(255) CHARACTER SET utf8 COLLATE utf8_bin NULL DEFAULT NULL,
  `REV_` int(11) NULL DEFAULT NULL,
  `TIME_` datetime(3) NOT NULL,
  `BYTEARRAY_ID_` varchar(64) CHARACTER SET utf8 COLLATE utf8_bin NULL DEFAULT NULL,
  `DOUBLE_` double NULL DEFAULT NULL,
  `LONG_` bigint(20) NULL DEFAULT NULL,
  `TEXT_` varchar(4000) CHARACTER SET utf8 COLLATE utf8_bin NULL DEFAULT NULL,
  `TEXT2_` varchar(4000) CHARACTER SET utf8 COLLATE utf8_bin NULL DEFAULT NULL,
  PRIMARY KEY (`ID_`) USING BTREE,
  INDEX `ACT_IDX_HI_DETAIL_PROC_INST`(`PROC_INST_ID_`) USING BTREE,
  INDEX `ACT_IDX_HI_DETAIL_ACT_INST`(`ACT_INST_ID_`) USING BTREE,
  INDEX `ACT_IDX_HI_DETAIL_TIME`(`TIME_`) USING BTREE,
  INDEX `ACT_IDX_HI_DETAIL_NAME`(`NAME_`) USING BTREE,
  INDEX `ACT_IDX_HI_DETAIL_TASK_ID`(`TASK_ID_`) USING BTREE
) ENGINE = InnoDB CHARACTER SET = utf8 COLLATE = utf8_bin ROW_FORMAT = COMPACT;

-- ----------------------------
-- Records of act_hi_detail
-- ----------------------------
INSERT INTO `act_hi_detail` VALUES ('0a260e5b-2097-11ed-b609-3887d5e2c283', 'VariableUpdate', '0a24aec8-2097-11ed-b609-3887d5e2c283', '0a24aec8-2097-11ed-b609-3887d5e2c283', NULL, NULL, 'field126', 'string', 0, '2022-08-20 22:47:40.077', NULL, NULL, NULL, '333', NULL);
INSERT INTO `act_hi_detail` VALUES ('0a260e5d-2097-11ed-b609-3887d5e2c283', 'VariableUpdate', '0a24aec8-2097-11ed-b609-3887d5e2c283', '0a24aec8-2097-11ed-b609-3887d5e2c283', NULL, NULL, 'field127', 'string', 0, '2022-08-20 22:47:40.077', NULL, NULL, NULL, '333', NULL);
INSERT INTO `act_hi_detail` VALUES ('0a260e5f-2097-11ed-b609-3887d5e2c283', 'VariableUpdate', '0a24aec8-2097-11ed-b609-3887d5e2c283', '0a24aec8-2097-11ed-b609-3887d5e2c283', NULL, NULL, 'field128', 'integer', 0, '2022-08-20 22:47:40.077', NULL, NULL, 1, '1', NULL);
INSERT INTO `act_hi_detail` VALUES ('0d5b7913-c992-11ed-8a10-2016b9c02335', 'VariableUpdate', '0d5a8eb0-c992-11ed-8a10-2016b9c02335', '0d5a8eb0-c992-11ed-8a10-2016b9c02335', NULL, NULL, 'day', 'long', 0, '2023-03-23 23:47:44.486', NULL, NULL, 1, '1', NULL);
INSERT INTO `act_hi_detail` VALUES ('31b4475e-ca0c-11ed-b90d-2016b9c02335', 'VariableUpdate', '31b3ab1b-ca0c-11ed-b90d-2016b9c02335', '31b3ab1b-ca0c-11ed-b90d-2016b9c02335', NULL, NULL, 'day', 'long', 0, '2023-03-24 14:22:04.067', NULL, NULL, 7, '7', NULL);
INSERT INTO `act_hi_detail` VALUES ('50ffc0e9-ca0c-11ed-b90d-2016b9c02335', 'VariableUpdate', '50fed686-ca0c-11ed-b90d-2016b9c02335', '50fed686-ca0c-11ed-b90d-2016b9c02335', NULL, NULL, 'day', 'long', 0, '2023-03-24 14:22:56.571', NULL, NULL, 1, '1', NULL);
INSERT INTO `act_hi_detail` VALUES ('53a6ba58-ca0b-11ed-b90d-2016b9c02335', 'VariableUpdate', '53a44955-ca0b-11ed-b90d-2016b9c02335', '53a44955-ca0b-11ed-b90d-2016b9c02335', NULL, NULL, 'day', 'long', 0, '2023-03-24 14:15:51.524', NULL, NULL, 3, '3', NULL);
INSERT INTO `act_hi_detail` VALUES ('59c068ce-cbe3-11ed-a77c-2016b9c02335', 'VariableUpdate', '59bfa57b-cbe3-11ed-a77c-2016b9c02335', '59bfa57b-cbe3-11ed-a77c-2016b9c02335', NULL, NULL, 'field105', 'string', 0, '2023-03-26 22:34:44.215', NULL, NULL, NULL, '22:34:39', NULL);
INSERT INTO `act_hi_detail` VALUES ('59c068d0-cbe3-11ed-a77c-2016b9c02335', 'VariableUpdate', '59bfa57b-cbe3-11ed-a77c-2016b9c02335', '59bfa57b-cbe3-11ed-a77c-2016b9c02335', NULL, NULL, 'field102', 'string', 0, '2023-03-26 22:34:44.215', NULL, NULL, NULL, '', NULL);
INSERT INTO `act_hi_detail` VALUES ('59c068d2-cbe3-11ed-a77c-2016b9c02335', 'VariableUpdate', '59bfa57b-cbe3-11ed-a77c-2016b9c02335', '59bfa57b-cbe3-11ed-a77c-2016b9c02335', NULL, NULL, 'field103', 'null', 0, '2023-03-26 22:34:44.215', NULL, NULL, NULL, NULL, NULL);
INSERT INTO `act_hi_detail` VALUES ('66cd7a98-ca2b-11ed-9c60-2016b9c02335', 'VariableUpdate', '66cbf3f2-ca2b-11ed-9c60-2016b9c02335', '66cbf3f2-ca2b-11ed-9c60-2016b9c02335', NULL, NULL, 'field115', 'serializable', 0, '2023-03-24 18:05:27.550', '66cd7a97-ca2b-11ed-9c60-2016b9c02335', NULL, NULL, NULL, NULL);
INSERT INTO `act_hi_detail` VALUES ('66cd7a9a-ca2b-11ed-9c60-2016b9c02335', 'VariableUpdate', '66cbf3f2-ca2b-11ed-9c60-2016b9c02335', '66cbf3f2-ca2b-11ed-9c60-2016b9c02335', NULL, NULL, 'field104', 'integer', 0, '2023-03-24 18:05:27.550', NULL, NULL, 1, '1', NULL);
INSERT INTO `act_hi_detail` VALUES ('66cd7a9c-ca2b-11ed-9c60-2016b9c02335', 'VariableUpdate', '66cbf3f2-ca2b-11ed-9c60-2016b9c02335', '66cbf3f2-ca2b-11ed-9c60-2016b9c02335', NULL, NULL, 'field105', 'string', 0, '2023-03-24 18:05:27.550', NULL, NULL, NULL, '', NULL);
INSERT INTO `act_hi_detail` VALUES ('70465822-cb94-11ed-8c20-2016b9c02335', 'VariableUpdate', '7044835f-cb94-11ed-8c20-2016b9c02335', '7044835f-cb94-11ed-8c20-2016b9c02335', NULL, NULL, 'field107', 'string', 0, '2023-03-26 13:09:51.761', NULL, NULL, NULL, ' ', NULL);
INSERT INTO `act_hi_detail` VALUES ('70465824-cb94-11ed-8c20-2016b9c02335', 'VariableUpdate', '7044835f-cb94-11ed-8c20-2016b9c02335', '7044835f-cb94-11ed-8c20-2016b9c02335', NULL, NULL, 'field109', 'string', 0, '2023-03-26 13:09:51.761', NULL, NULL, NULL, '', NULL);
INSERT INTO `act_hi_detail` VALUES ('70465826-cb94-11ed-8c20-2016b9c02335', 'VariableUpdate', '7044835f-cb94-11ed-8c20-2016b9c02335', '7044835f-cb94-11ed-8c20-2016b9c02335', NULL, NULL, 'field110', 'integer', 0, '2023-03-26 13:09:51.761', NULL, NULL, 1, '1', NULL);
INSERT INTO `act_hi_detail` VALUES ('7056abdb-cb94-11ed-8c20-2016b9c02335', 'VariableUpdate', '7044835f-cb94-11ed-8c20-2016b9c02335', '7044835f-cb94-11ed-8c20-2016b9c02335', NULL, NULL, 'field111', 'serializable', 0, '2023-03-26 13:09:51.868', '7056abda-cb94-11ed-8c20-2016b9c02335', NULL, NULL, NULL, NULL);
INSERT INTO `act_hi_detail` VALUES ('7bf927be-2097-11ed-8938-3887d5e2c283', 'VariableUpdate', '7bf2bf1b-2097-11ed-8938-3887d5e2c283', '7bf2bf1b-2097-11ed-8938-3887d5e2c283', NULL, NULL, 'field126', 'string', 0, '2022-08-20 22:50:51.043', NULL, NULL, NULL, '444', NULL);
INSERT INTO `act_hi_detail` VALUES ('7bf927c0-2097-11ed-8938-3887d5e2c283', 'VariableUpdate', '7bf2bf1b-2097-11ed-8938-3887d5e2c283', '7bf2bf1b-2097-11ed-8938-3887d5e2c283', NULL, NULL, 'field127', 'string', 0, '2022-08-20 22:50:51.043', NULL, NULL, NULL, '444', NULL);
INSERT INTO `act_hi_detail` VALUES ('7bf927c2-2097-11ed-8938-3887d5e2c283', 'VariableUpdate', '7bf2bf1b-2097-11ed-8938-3887d5e2c283', '7bf2bf1b-2097-11ed-8938-3887d5e2c283', NULL, NULL, 'field128', 'integer', 0, '2022-08-20 22:50:51.043', NULL, NULL, 1, '1', NULL);
INSERT INTO `act_hi_detail` VALUES ('7e8c677e-2095-11ed-b609-3887d5e2c283', 'VariableUpdate', '7e853b8b-2095-11ed-b609-3887d5e2c283', '7e853b8b-2095-11ed-b609-3887d5e2c283', NULL, NULL, 'field126', 'string', 0, '2022-08-20 22:36:36.369', NULL, NULL, NULL, '111', NULL);
INSERT INTO `act_hi_detail` VALUES ('7e8c6780-2095-11ed-b609-3887d5e2c283', 'VariableUpdate', '7e853b8b-2095-11ed-b609-3887d5e2c283', '7e853b8b-2095-11ed-b609-3887d5e2c283', NULL, NULL, 'field127', 'string', 0, '2022-08-20 22:36:36.370', NULL, NULL, NULL, '222', NULL);
INSERT INTO `act_hi_detail` VALUES ('7e8c6782-2095-11ed-b609-3887d5e2c283', 'VariableUpdate', '7e853b8b-2095-11ed-b609-3887d5e2c283', '7e853b8b-2095-11ed-b609-3887d5e2c283', NULL, NULL, 'field128', 'integer', 0, '2022-08-20 22:36:36.370', NULL, NULL, 1, '1', NULL);
INSERT INTO `act_hi_detail` VALUES ('88852986-cb94-11ed-8c20-2016b9c02335', 'VariableUpdate', '88846633-cb94-11ed-8c20-2016b9c02335', '88846633-cb94-11ed-8c20-2016b9c02335', NULL, NULL, 'field107', 'string', 0, '2023-03-26 13:10:32.438', NULL, NULL, NULL, 'test', NULL);
INSERT INTO `act_hi_detail` VALUES ('88852988-cb94-11ed-8c20-2016b9c02335', 'VariableUpdate', '88846633-cb94-11ed-8c20-2016b9c02335', '88846633-cb94-11ed-8c20-2016b9c02335', NULL, NULL, 'field109', 'string', 0, '2023-03-26 13:10:32.438', NULL, NULL, NULL, 'test', NULL);
INSERT INTO `act_hi_detail` VALUES ('8885298a-cb94-11ed-8c20-2016b9c02335', 'VariableUpdate', '88846633-cb94-11ed-8c20-2016b9c02335', '88846633-cb94-11ed-8c20-2016b9c02335', NULL, NULL, 'field110', 'integer', 0, '2023-03-26 13:10:32.438', NULL, NULL, 1, '1', NULL);
INSERT INTO `act_hi_detail` VALUES ('8885298f-cb94-11ed-8c20-2016b9c02335', 'VariableUpdate', '88846633-cb94-11ed-8c20-2016b9c02335', '88846633-cb94-11ed-8c20-2016b9c02335', NULL, NULL, 'field111', 'serializable', 0, '2023-03-26 13:10:32.438', '8885298e-cb94-11ed-8c20-2016b9c02335', NULL, NULL, NULL, NULL);
INSERT INTO `act_hi_detail` VALUES ('996c670a-cb94-11ed-8c20-2016b9c02335', 'VariableUpdate', '996b7ca7-cb94-11ed-8c20-2016b9c02335', '996b7ca7-cb94-11ed-8c20-2016b9c02335', NULL, NULL, 'field105', 'string', 0, '2023-03-26 13:11:00.797', NULL, NULL, NULL, '13:10:56', NULL);
INSERT INTO `act_hi_detail` VALUES ('996c670c-cb94-11ed-8c20-2016b9c02335', 'VariableUpdate', '996b7ca7-cb94-11ed-8c20-2016b9c02335', '996b7ca7-cb94-11ed-8c20-2016b9c02335', NULL, NULL, 'field102', 'string', 0, '2023-03-26 13:11:00.797', NULL, NULL, NULL, '', NULL);
INSERT INTO `act_hi_detail` VALUES ('996c670e-cb94-11ed-8c20-2016b9c02335', 'VariableUpdate', '996b7ca7-cb94-11ed-8c20-2016b9c02335', '996b7ca7-cb94-11ed-8c20-2016b9c02335', NULL, NULL, 'field103', 'null', 0, '2023-03-26 13:11:00.797', NULL, NULL, NULL, NULL, NULL);
INSERT INTO `act_hi_detail` VALUES ('b8767eec-2096-11ed-b609-3887d5e2c283', 'VariableUpdate', 'b8745c09-2096-11ed-b609-3887d5e2c283', 'b8745c09-2096-11ed-b609-3887d5e2c283', NULL, NULL, 'field126', 'string', 0, '2022-08-20 22:45:23.031', NULL, NULL, NULL, '222', NULL);
INSERT INTO `act_hi_detail` VALUES ('b8767eee-2096-11ed-b609-3887d5e2c283', 'VariableUpdate', 'b8745c09-2096-11ed-b609-3887d5e2c283', 'b8745c09-2096-11ed-b609-3887d5e2c283', NULL, NULL, 'field127', 'string', 0, '2022-08-20 22:45:23.031', NULL, NULL, NULL, '222', NULL);
INSERT INTO `act_hi_detail` VALUES ('b8767ef0-2096-11ed-b609-3887d5e2c283', 'VariableUpdate', 'b8745c09-2096-11ed-b609-3887d5e2c283', 'b8745c09-2096-11ed-b609-3887d5e2c283', NULL, NULL, 'field128', 'integer', 0, '2022-08-20 22:45:23.031', NULL, NULL, 1, '1', NULL);
INSERT INTO `act_hi_detail` VALUES ('bf126d34-c991-11ed-8a10-2016b9c02335', 'VariableUpdate', 'bf0fd521-c991-11ed-8a10-2016b9c02335', 'bf0fd521-c991-11ed-8a10-2016b9c02335', NULL, NULL, 'day', 'long', 0, '2023-03-23 23:45:33.145', NULL, NULL, 1, '1', NULL);
INSERT INTO `act_hi_detail` VALUES ('da71a47d-2095-11ed-b609-3887d5e2c283', 'VariableUpdate', 'da70e12a-2095-11ed-b609-3887d5e2c283', 'da70e12a-2095-11ed-b609-3887d5e2c283', NULL, NULL, 'field126', 'string', 0, '2022-08-20 22:39:10.545', NULL, NULL, NULL, '111', NULL);
INSERT INTO `act_hi_detail` VALUES ('da71a47f-2095-11ed-b609-3887d5e2c283', 'VariableUpdate', 'da70e12a-2095-11ed-b609-3887d5e2c283', 'da70e12a-2095-11ed-b609-3887d5e2c283', NULL, NULL, 'field127', 'string', 0, '2022-08-20 22:39:10.545', NULL, NULL, NULL, '111', NULL);
INSERT INTO `act_hi_detail` VALUES ('da71cb91-2095-11ed-b609-3887d5e2c283', 'VariableUpdate', 'da70e12a-2095-11ed-b609-3887d5e2c283', 'da70e12a-2095-11ed-b609-3887d5e2c283', NULL, NULL, 'field128', 'integer', 0, '2022-08-20 22:39:10.546', NULL, NULL, 1, '1', NULL);
INSERT INTO `act_hi_detail` VALUES ('df0d3893-ca0b-11ed-b90d-2016b9c02335', 'VariableUpdate', 'df0c2720-ca0b-11ed-b90d-2016b9c02335', 'df0c2720-ca0b-11ed-b90d-2016b9c02335', NULL, NULL, 'day', 'long', 0, '2023-03-24 14:19:45.399', NULL, NULL, 1, '1', NULL);
INSERT INTO `act_hi_detail` VALUES ('e5a8969b-ca0d-11ed-b90d-2016b9c02335', 'VariableUpdate', 'e596e355-ca0d-11ed-b90d-2016b9c02335', 'e596e355-ca0d-11ed-b90d-2016b9c02335', NULL, NULL, 'field115', 'serializable', 0, '2023-03-24 14:34:15.476', 'e5a8969a-ca0d-11ed-b90d-2016b9c02335', NULL, NULL, NULL, NULL);
INSERT INTO `act_hi_detail` VALUES ('e5a8969d-ca0d-11ed-b90d-2016b9c02335', 'VariableUpdate', 'e596e355-ca0d-11ed-b90d-2016b9c02335', 'e596e355-ca0d-11ed-b90d-2016b9c02335', NULL, NULL, 'field104', 'integer', 0, '2023-03-24 14:34:15.477', NULL, NULL, 2, '2', NULL);
INSERT INTO `act_hi_detail` VALUES ('e5a8bdaf-ca0d-11ed-b90d-2016b9c02335', 'VariableUpdate', 'e596e355-ca0d-11ed-b90d-2016b9c02335', 'e596e355-ca0d-11ed-b90d-2016b9c02335', NULL, NULL, 'field105', 'string', 0, '2023-03-24 14:34:15.478', NULL, NULL, NULL, '', NULL);
INSERT INTO `act_hi_detail` VALUES ('e859741f-cbe1-11ed-a77c-2016b9c02335', 'VariableUpdate', 'e855f1ac-cbe1-11ed-a77c-2016b9c02335', 'e855f1ac-cbe1-11ed-a77c-2016b9c02335', NULL, NULL, 'field105', 'string', 0, '2023-03-26 22:24:24.460', NULL, NULL, NULL, '22:24:20', NULL);
INSERT INTO `act_hi_detail` VALUES ('e8597421-cbe1-11ed-a77c-2016b9c02335', 'VariableUpdate', 'e855f1ac-cbe1-11ed-a77c-2016b9c02335', 'e855f1ac-cbe1-11ed-a77c-2016b9c02335', NULL, NULL, 'field102', 'string', 0, '2023-03-26 22:24:24.461', NULL, NULL, NULL, '', NULL);
INSERT INTO `act_hi_detail` VALUES ('e8597423-cbe1-11ed-a77c-2016b9c02335', 'VariableUpdate', 'e855f1ac-cbe1-11ed-a77c-2016b9c02335', 'e855f1ac-cbe1-11ed-a77c-2016b9c02335', NULL, NULL, 'field103', 'null', 0, '2023-03-26 22:24:24.461', NULL, NULL, NULL, NULL, NULL);
INSERT INTO `act_hi_detail` VALUES ('e9b7c947-283f-11ed-9000-3887d5e2c283', 'VariableUpdate', 'e9b53134-283f-11ed-9000-3887d5e2c283', 'e9b53134-283f-11ed-9000-3887d5e2c283', NULL, NULL, 'field126', 'string', 0, '2022-08-30 16:44:08.754', NULL, NULL, NULL, '123', NULL);
INSERT INTO `act_hi_detail` VALUES ('e9b7c949-283f-11ed-9000-3887d5e2c283', 'VariableUpdate', 'e9b53134-283f-11ed-9000-3887d5e2c283', 'e9b53134-283f-11ed-9000-3887d5e2c283', NULL, NULL, 'field127', 'string', 0, '2022-08-30 16:44:08.754', NULL, NULL, NULL, '123', NULL);
INSERT INTO `act_hi_detail` VALUES ('e9b7c94b-283f-11ed-9000-3887d5e2c283', 'VariableUpdate', 'e9b53134-283f-11ed-9000-3887d5e2c283', 'e9b53134-283f-11ed-9000-3887d5e2c283', NULL, NULL, 'field128', 'integer', 0, '2022-08-30 16:44:08.754', NULL, NULL, 1, '1', NULL);
INSERT INTO `act_hi_detail` VALUES ('e9d5e687-cd5f-11ed-997c-2016b9c02335', 'VariableUpdate', 'e9d152a4-cd5f-11ed-997c-2016b9c02335', 'e9d152a4-cd5f-11ed-997c-2016b9c02335', NULL, NULL, 'field107', 'string', 0, '2023-03-28 19:58:54.705', NULL, NULL, NULL, '', NULL);
INSERT INTO `act_hi_detail` VALUES ('e9d5e689-cd5f-11ed-997c-2016b9c02335', 'VariableUpdate', 'e9d152a4-cd5f-11ed-997c-2016b9c02335', 'e9d152a4-cd5f-11ed-997c-2016b9c02335', NULL, NULL, 'field109', 'string', 0, '2023-03-28 19:58:54.705', NULL, NULL, NULL, '', NULL);
INSERT INTO `act_hi_detail` VALUES ('e9d60d9b-cd5f-11ed-997c-2016b9c02335', 'VariableUpdate', 'e9d152a4-cd5f-11ed-997c-2016b9c02335', 'e9d152a4-cd5f-11ed-997c-2016b9c02335', NULL, NULL, 'field110', 'integer', 0, '2023-03-28 19:58:54.706', NULL, NULL, 1, '1', NULL);
INSERT INTO `act_hi_detail` VALUES ('e9d71f10-cd5f-11ed-997c-2016b9c02335', 'VariableUpdate', 'e9d152a4-cd5f-11ed-997c-2016b9c02335', 'e9d152a4-cd5f-11ed-997c-2016b9c02335', NULL, NULL, 'field111', 'serializable', 0, '2023-03-28 19:58:54.713', 'e9d71f0f-cd5f-11ed-997c-2016b9c02335', NULL, NULL, NULL, NULL);

-- ----------------------------
-- Table structure for act_hi_entitylink
-- ----------------------------
DROP TABLE IF EXISTS `act_hi_entitylink`;
CREATE TABLE `act_hi_entitylink`  (
  `ID_` varchar(64) CHARACTER SET utf8 COLLATE utf8_bin NOT NULL,
  `LINK_TYPE_` varchar(255) CHARACTER SET utf8 COLLATE utf8_bin NULL DEFAULT NULL,
  `CREATE_TIME_` datetime(3) NULL DEFAULT NULL,
  `SCOPE_ID_` varchar(255) CHARACTER SET utf8 COLLATE utf8_bin NULL DEFAULT NULL,
  `SUB_SCOPE_ID_` varchar(255) CHARACTER SET utf8 COLLATE utf8_bin NULL DEFAULT NULL,
  `SCOPE_TYPE_` varchar(255) CHARACTER SET utf8 COLLATE utf8_bin NULL DEFAULT NULL,
  `SCOPE_DEFINITION_ID_` varchar(255) CHARACTER SET utf8 COLLATE utf8_bin NULL DEFAULT NULL,
  `PARENT_ELEMENT_ID_` varchar(255) CHARACTER SET utf8 COLLATE utf8_bin NULL DEFAULT NULL,
  `REF_SCOPE_ID_` varchar(255) CHARACTER SET utf8 COLLATE utf8_bin NULL DEFAULT NULL,
  `REF_SCOPE_TYPE_` varchar(255) CHARACTER SET utf8 COLLATE utf8_bin NULL DEFAULT NULL,
  `REF_SCOPE_DEFINITION_ID_` varchar(255) CHARACTER SET utf8 COLLATE utf8_bin NULL DEFAULT NULL,
  `ROOT_SCOPE_ID_` varchar(255) CHARACTER SET utf8 COLLATE utf8_bin NULL DEFAULT NULL,
  `ROOT_SCOPE_TYPE_` varchar(255) CHARACTER SET utf8 COLLATE utf8_bin NULL DEFAULT NULL,
  `HIERARCHY_TYPE_` varchar(255) CHARACTER SET utf8 COLLATE utf8_bin NULL DEFAULT NULL,
  PRIMARY KEY (`ID_`) USING BTREE,
  INDEX `ACT_IDX_HI_ENT_LNK_SCOPE`(`SCOPE_ID_`, `SCOPE_TYPE_`, `LINK_TYPE_`) USING BTREE,
  INDEX `ACT_IDX_HI_ENT_LNK_REF_SCOPE`(`REF_SCOPE_ID_`, `REF_SCOPE_TYPE_`, `LINK_TYPE_`) USING BTREE,
  INDEX `ACT_IDX_HI_ENT_LNK_ROOT_SCOPE`(`ROOT_SCOPE_ID_`, `ROOT_SCOPE_TYPE_`, `LINK_TYPE_`) USING BTREE,
  INDEX `ACT_IDX_HI_ENT_LNK_SCOPE_DEF`(`SCOPE_DEFINITION_ID_`, `SCOPE_TYPE_`, `LINK_TYPE_`) USING BTREE
) ENGINE = InnoDB CHARACTER SET = utf8 COLLATE = utf8_bin ROW_FORMAT = COMPACT;

-- ----------------------------
-- Records of act_hi_entitylink
-- ----------------------------

-- ----------------------------
-- Table structure for act_hi_identitylink
-- ----------------------------
DROP TABLE IF EXISTS `act_hi_identitylink`;
CREATE TABLE `act_hi_identitylink`  (
  `ID_` varchar(64) CHARACTER SET utf8 COLLATE utf8_bin NOT NULL,
  `GROUP_ID_` varchar(255) CHARACTER SET utf8 COLLATE utf8_bin NULL DEFAULT NULL,
  `TYPE_` varchar(255) CHARACTER SET utf8 COLLATE utf8_bin NULL DEFAULT NULL,
  `USER_ID_` varchar(255) CHARACTER SET utf8 COLLATE utf8_bin NULL DEFAULT NULL,
  `TASK_ID_` varchar(64) CHARACTER SET utf8 COLLATE utf8_bin NULL DEFAULT NULL,
  `CREATE_TIME_` datetime(3) NULL DEFAULT NULL,
  `PROC_INST_ID_` varchar(64) CHARACTER SET utf8 COLLATE utf8_bin NULL DEFAULT NULL,
  `SCOPE_ID_` varchar(255) CHARACTER SET utf8 COLLATE utf8_bin NULL DEFAULT NULL,
  `SUB_SCOPE_ID_` varchar(255) CHARACTER SET utf8 COLLATE utf8_bin NULL DEFAULT NULL,
  `SCOPE_TYPE_` varchar(255) CHARACTER SET utf8 COLLATE utf8_bin NULL DEFAULT NULL,
  `SCOPE_DEFINITION_ID_` varchar(255) CHARACTER SET utf8 COLLATE utf8_bin NULL DEFAULT NULL,
  PRIMARY KEY (`ID_`) USING BTREE,
  INDEX `ACT_IDX_HI_IDENT_LNK_USER`(`USER_ID_`) USING BTREE,
  INDEX `ACT_IDX_HI_IDENT_LNK_SCOPE`(`SCOPE_ID_`, `SCOPE_TYPE_`) USING BTREE,
  INDEX `ACT_IDX_HI_IDENT_LNK_SUB_SCOPE`(`SUB_SCOPE_ID_`, `SCOPE_TYPE_`) USING BTREE,
  INDEX `ACT_IDX_HI_IDENT_LNK_SCOPE_DEF`(`SCOPE_DEFINITION_ID_`, `SCOPE_TYPE_`) USING BTREE,
  INDEX `ACT_IDX_HI_IDENT_LNK_TASK`(`TASK_ID_`) USING BTREE,
  INDEX `ACT_IDX_HI_IDENT_LNK_PROCINST`(`PROC_INST_ID_`) USING BTREE
) ENGINE = InnoDB CHARACTER SET = utf8 COLLATE = utf8_bin ROW_FORMAT = COMPACT;

-- ----------------------------
-- Records of act_hi_identitylink
-- ----------------------------
INSERT INTO `act_hi_identitylink` VALUES ('0a24aec9-2097-11ed-b609-3887d5e2c283', NULL, 'starter', '1', NULL, '2022-08-20 22:47:40.068', '0a24aec8-2097-11ed-b609-3887d5e2c283', NULL, NULL, NULL, NULL);
INSERT INTO `act_hi_identitylink` VALUES ('0a27e325-2097-11ed-b609-3887d5e2c283', NULL, 'assignee', '2', '0a263574-2097-11ed-b609-3887d5e2c283', '2022-08-20 22:47:40.089', NULL, NULL, NULL, NULL, NULL);
INSERT INTO `act_hi_identitylink` VALUES ('0a2969c6-2097-11ed-b609-3887d5e2c283', NULL, 'participant', '2', NULL, '2022-08-20 22:47:40.099', '0a24aec8-2097-11ed-b609-3887d5e2c283', NULL, NULL, NULL, NULL);
INSERT INTO `act_hi_identitylink` VALUES ('0d5ab5c1-c992-11ed-8a10-2016b9c02335', NULL, 'starter', '1', NULL, '2023-03-23 23:47:44.481', '0d5a8eb0-c992-11ed-8a10-2016b9c02335', NULL, NULL, NULL, NULL);
INSERT INTO `act_hi_identitylink` VALUES ('0d5d26c9-c992-11ed-8a10-2016b9c02335', NULL, 'assignee', '1', '0d5b7918-c992-11ed-8a10-2016b9c02335', '2023-03-23 23:47:44.497', NULL, NULL, NULL, NULL, NULL);
INSERT INTO `act_hi_identitylink` VALUES ('0d5d9bfa-c992-11ed-8a10-2016b9c02335', NULL, 'participant', '1', NULL, '2023-03-23 23:47:44.500', '0d5a8eb0-c992-11ed-8a10-2016b9c02335', NULL, NULL, NULL, NULL);
INSERT INTO `act_hi_identitylink` VALUES ('1f2c2c2b-c992-11ed-8a10-2016b9c02335', NULL, 'participant', '1', NULL, '2023-03-23 23:48:14.376', '0d5a8eb0-c992-11ed-8a10-2016b9c02335', NULL, NULL, NULL, NULL);
INSERT INTO `act_hi_identitylink` VALUES ('26d31173-2843-11ed-9000-3887d5e2c283', NULL, 'participant', '2', NULL, '2022-08-30 17:07:19.764', 'e9b53134-283f-11ed-9000-3887d5e2c283', NULL, NULL, NULL, NULL);
INSERT INTO `act_hi_identitylink` VALUES ('26dbeb17-2843-11ed-9000-3887d5e2c283', NULL, 'assignee', '4', '26d645c6-2843-11ed-9000-3887d5e2c283', '2022-08-30 17:07:19.822', NULL, NULL, NULL, NULL, NULL);
INSERT INTO `act_hi_identitylink` VALUES ('26dd98c8-2843-11ed-9000-3887d5e2c283', NULL, 'participant', '4', NULL, '2022-08-30 17:07:19.833', 'e9b53134-283f-11ed-9000-3887d5e2c283', NULL, NULL, NULL, NULL);
INSERT INTO `act_hi_identitylink` VALUES ('31b3ab1c-ca0c-11ed-b90d-2016b9c02335', NULL, 'starter', '1', NULL, '2023-03-24 14:22:04.063', '31b3ab1b-ca0c-11ed-b90d-2016b9c02335', NULL, NULL, NULL, NULL);
INSERT INTO `act_hi_identitylink` VALUES ('31b5f514-ca0c-11ed-b90d-2016b9c02335', NULL, 'assignee', '1', '31b44763-ca0c-11ed-b90d-2016b9c02335', '2023-03-24 14:22:04.078', NULL, NULL, NULL, NULL, NULL);
INSERT INTO `act_hi_identitylink` VALUES ('31b72d95-ca0c-11ed-b90d-2016b9c02335', NULL, 'participant', '1', NULL, '2023-03-24 14:22:04.086', '31b3ab1b-ca0c-11ed-b90d-2016b9c02335', NULL, NULL, NULL, NULL);
INSERT INTO `act_hi_identitylink` VALUES ('50fed687-ca0c-11ed-b90d-2016b9c02335', NULL, 'starter', '1', NULL, '2023-03-24 14:22:56.566', '50fed686-ca0c-11ed-b90d-2016b9c02335', NULL, NULL, NULL, NULL);
INSERT INTO `act_hi_identitylink` VALUES ('5101e3cf-ca0c-11ed-b90d-2016b9c02335', NULL, 'assignee', '1', '50ffe7fe-ca0c-11ed-b90d-2016b9c02335', '2023-03-24 14:22:56.585', NULL, NULL, NULL, NULL, NULL);
INSERT INTO `act_hi_identitylink` VALUES ('5102ce30-ca0c-11ed-b90d-2016b9c02335', NULL, 'participant', '1', NULL, '2023-03-24 14:22:56.591', '50fed686-ca0c-11ed-b90d-2016b9c02335', NULL, NULL, NULL, NULL);
INSERT INTO `act_hi_identitylink` VALUES ('53a47066-ca0b-11ed-b90d-2016b9c02335', NULL, 'starter', '1', NULL, '2023-03-24 14:15:51.510', '53a44955-ca0b-11ed-b90d-2016b9c02335', NULL, NULL, NULL, NULL);
INSERT INTO `act_hi_identitylink` VALUES ('53b38b9e-ca0b-11ed-b90d-2016b9c02335', NULL, 'assignee', '1', '53b0a56d-ca0b-11ed-b90d-2016b9c02335', '2023-03-24 14:15:51.608', NULL, NULL, NULL, NULL, NULL);
INSERT INTO `act_hi_identitylink` VALUES ('53b475ff-ca0b-11ed-b90d-2016b9c02335', NULL, 'participant', '1', NULL, '2023-03-24 14:15:51.614', '53a44955-ca0b-11ed-b90d-2016b9c02335', NULL, NULL, NULL, NULL);
INSERT INTO `act_hi_identitylink` VALUES ('59bfcc8c-cbe3-11ed-a77c-2016b9c02335', NULL, 'starter', '2', NULL, '2023-03-26 22:34:44.211', '59bfa57b-cbe3-11ed-a77c-2016b9c02335', NULL, NULL, NULL, NULL);
INSERT INTO `act_hi_identitylink` VALUES ('59c2d9d8-cbe3-11ed-a77c-2016b9c02335', NULL, 'assignee', '3', '59c08fe7-cbe3-11ed-a77c-2016b9c02335', '2023-03-26 22:34:44.231', NULL, NULL, NULL, NULL, NULL);
INSERT INTO `act_hi_identitylink` VALUES ('59c37619-cbe3-11ed-a77c-2016b9c02335', NULL, 'participant', '3', NULL, '2023-03-26 22:34:44.236', '59bfa57b-cbe3-11ed-a77c-2016b9c02335', NULL, NULL, NULL, NULL);
INSERT INTO `act_hi_identitylink` VALUES ('66cbf3f3-ca2b-11ed-9c60-2016b9c02335', NULL, 'starter', '1', NULL, '2023-03-24 18:05:27.540', '66cbf3f2-ca2b-11ed-9c60-2016b9c02335', NULL, NULL, NULL, NULL);
INSERT INTO `act_hi_identitylink` VALUES ('66d060d2-ca2b-11ed-9c60-2016b9c02335', NULL, 'assignee', '1', '66cd7aa1-ca2b-11ed-9c60-2016b9c02335', '2023-03-24 18:05:27.569', NULL, NULL, NULL, NULL, NULL);
INSERT INTO `act_hi_identitylink` VALUES ('66d36e13-ca2b-11ed-9c60-2016b9c02335', NULL, 'participant', '1', NULL, '2023-03-24 18:05:27.589', '66cbf3f2-ca2b-11ed-9c60-2016b9c02335', NULL, NULL, NULL, NULL);
INSERT INTO `act_hi_identitylink` VALUES ('7044aa70-cb94-11ed-8c20-2016b9c02335', NULL, 'starter', '2', NULL, '2023-03-26 13:09:51.750', '7044835f-cb94-11ed-8c20-2016b9c02335', NULL, NULL, NULL, NULL);
INSERT INTO `act_hi_identitylink` VALUES ('70661531-cb94-11ed-8c20-2016b9c02335', NULL, 'assignee', '4', '705d1480-cb94-11ed-8c20-2016b9c02335', '2023-03-26 13:09:51.969', NULL, NULL, NULL, NULL, NULL);
INSERT INTO `act_hi_identitylink` VALUES ('70683812-cb94-11ed-8c20-2016b9c02335', NULL, 'participant', '4', NULL, '2023-03-26 13:09:51.983', '7044835f-cb94-11ed-8c20-2016b9c02335', NULL, NULL, NULL, NULL);
INSERT INTO `act_hi_identitylink` VALUES ('7bf2bf1c-2097-11ed-8938-3887d5e2c283', NULL, 'starter', '1', NULL, '2022-08-20 22:50:51.003', '7bf2bf1b-2097-11ed-8938-3887d5e2c283', NULL, NULL, NULL, NULL);
INSERT INTO `act_hi_identitylink` VALUES ('7c066e38-2097-11ed-8938-3887d5e2c283', NULL, 'assignee', '2', '7bfe7ef7-2097-11ed-8938-3887d5e2c283', '2022-08-20 22:50:51.130', NULL, NULL, NULL, NULL, NULL);
INSERT INTO `act_hi_identitylink` VALUES ('7c0a3ec9-2097-11ed-8938-3887d5e2c283', NULL, 'participant', '2', NULL, '2022-08-20 22:50:51.155', '7bf2bf1b-2097-11ed-8938-3887d5e2c283', NULL, NULL, NULL, NULL);
INSERT INTO `act_hi_identitylink` VALUES ('7e85629c-2095-11ed-b609-3887d5e2c283', NULL, 'starter', '1', NULL, '2022-08-20 22:36:36.326', '7e853b8b-2095-11ed-b609-3887d5e2c283', NULL, NULL, NULL, NULL);
INSERT INTO `act_hi_identitylink` VALUES ('7e9df3b8-2095-11ed-b609-3887d5e2c283', NULL, 'assignee', '2', '7e92a917-2095-11ed-b609-3887d5e2c283', '2022-08-20 22:36:36.485', NULL, NULL, NULL, NULL, NULL);
INSERT INTO `act_hi_identitylink` VALUES ('7ea98c79-2095-11ed-b609-3887d5e2c283', NULL, 'participant', '2', NULL, '2022-08-20 22:36:36.561', '7e853b8b-2095-11ed-b609-3887d5e2c283', NULL, NULL, NULL, NULL);
INSERT INTO `act_hi_identitylink` VALUES ('88846634-cb94-11ed-8c20-2016b9c02335', NULL, 'starter', '1', NULL, '2023-03-26 13:10:32.433', '88846633-cb94-11ed-8c20-2016b9c02335', NULL, NULL, NULL, NULL);
INSERT INTO `act_hi_identitylink` VALUES ('8886fe55-cb94-11ed-8c20-2016b9c02335', NULL, 'assignee', '2', '88852994-cb94-11ed-8c20-2016b9c02335', '2023-03-26 13:10:32.450', NULL, NULL, NULL, NULL, NULL);
INSERT INTO `act_hi_identitylink` VALUES ('8887c1a6-cb94-11ed-8c20-2016b9c02335', NULL, 'participant', '2', NULL, '2023-03-26 13:10:32.455', '88846633-cb94-11ed-8c20-2016b9c02335', NULL, NULL, NULL, NULL);
INSERT INTO `act_hi_identitylink` VALUES ('8af88c6a-cbe4-11ed-a77c-2016b9c02335', NULL, 'participant', '3', NULL, '2023-03-26 22:43:16.288', '59bfa57b-cbe3-11ed-a77c-2016b9c02335', NULL, NULL, NULL, NULL);
INSERT INTO `act_hi_identitylink` VALUES ('8afd204e-cbe4-11ed-a77c-2016b9c02335', NULL, 'assignee', '3', '8afbe7cd-cbe4-11ed-a77c-2016b9c02335', '2023-03-26 22:43:16.318', NULL, NULL, NULL, NULL, NULL);
INSERT INTO `act_hi_identitylink` VALUES ('93a43e9f-cbe4-11ed-a77c-2016b9c02335', NULL, 'participant', '3', NULL, '2023-03-26 22:43:30.835', '59bfa57b-cbe3-11ed-a77c-2016b9c02335', NULL, NULL, NULL, NULL);
INSERT INTO `act_hi_identitylink` VALUES ('93a724d3-cbe4-11ed-a77c-2016b9c02335', NULL, 'assignee', '2', '93a61362-cbe4-11ed-a77c-2016b9c02335', '2023-03-26 22:43:30.854', NULL, NULL, NULL, NULL, NULL);
INSERT INTO `act_hi_identitylink` VALUES ('93a79a04-cbe4-11ed-a77c-2016b9c02335', NULL, 'participant', '2', NULL, '2023-03-26 22:43:30.857', '59bfa57b-cbe3-11ed-a77c-2016b9c02335', NULL, NULL, NULL, NULL);
INSERT INTO `act_hi_identitylink` VALUES ('996b7ca8-cb94-11ed-8c20-2016b9c02335', NULL, 'starter', '1', NULL, '2023-03-26 13:11:00.791', '996b7ca7-cb94-11ed-8c20-2016b9c02335', NULL, NULL, NULL, NULL);
INSERT INTO `act_hi_identitylink` VALUES ('996d9f94-cb94-11ed-8c20-2016b9c02335', NULL, 'assignee', '2', '996c6713-cb94-11ed-8c20-2016b9c02335', '2023-03-26 13:11:00.805', NULL, NULL, NULL, NULL, NULL);
INSERT INTO `act_hi_identitylink` VALUES ('996e62e5-cb94-11ed-8c20-2016b9c02335', NULL, 'participant', '2', NULL, '2023-03-26 13:11:00.811', '996b7ca7-cb94-11ed-8c20-2016b9c02335', NULL, NULL, NULL, NULL);
INSERT INTO `act_hi_identitylink` VALUES ('b8745c0a-2096-11ed-b609-3887d5e2c283', NULL, 'starter', '1', NULL, '2022-08-20 22:45:23.017', 'b8745c09-2096-11ed-b609-3887d5e2c283', NULL, NULL, NULL, NULL);
INSERT INTO `act_hi_identitylink` VALUES ('b8782ca6-2096-11ed-b609-3887d5e2c283', NULL, 'assignee', '2', 'b876a605-2096-11ed-b609-3887d5e2c283', '2022-08-20 22:45:23.042', NULL, NULL, NULL, NULL, NULL);
INSERT INTO `act_hi_identitylink` VALUES ('b878eff7-2096-11ed-b609-3887d5e2c283', NULL, 'participant', '2', NULL, '2022-08-20 22:45:23.047', 'b8745c09-2096-11ed-b609-3887d5e2c283', NULL, NULL, NULL, NULL);
INSERT INTO `act_hi_identitylink` VALUES ('bf102342-c991-11ed-8a10-2016b9c02335', NULL, 'starter', '1', NULL, '2023-03-23 23:45:33.132', 'bf0fd521-c991-11ed-8a10-2016b9c02335', NULL, NULL, NULL, NULL);
INSERT INTO `act_hi_identitylink` VALUES ('bf21133a-c991-11ed-8a10-2016b9c02335', NULL, 'assignee', '2', 'bf183999-c991-11ed-8a10-2016b9c02335', '2023-03-23 23:45:33.241', NULL, NULL, NULL, NULL, NULL);
INSERT INTO `act_hi_identitylink` VALUES ('bf2495ab-c991-11ed-8a10-2016b9c02335', NULL, 'participant', '2', NULL, '2023-03-23 23:45:33.264', 'bf0fd521-c991-11ed-8a10-2016b9c02335', NULL, NULL, NULL, NULL);
INSERT INTO `act_hi_identitylink` VALUES ('da70e12b-2095-11ed-b609-3887d5e2c283', NULL, 'starter', '1', NULL, '2022-08-20 22:39:10.540', 'da70e12a-2095-11ed-b609-3887d5e2c283', NULL, NULL, NULL, NULL);
INSERT INTO `act_hi_identitylink` VALUES ('da73c767-2095-11ed-b609-3887d5e2c283', NULL, 'assignee', '2', 'da71f2a6-2095-11ed-b609-3887d5e2c283', '2022-08-20 22:39:10.559', NULL, NULL, NULL, NULL, NULL);
INSERT INTO `act_hi_identitylink` VALUES ('da74b1c8-2095-11ed-b609-3887d5e2c283', NULL, 'participant', '2', NULL, '2022-08-20 22:39:10.565', 'da70e12a-2095-11ed-b609-3887d5e2c283', NULL, NULL, NULL, NULL);
INSERT INTO `act_hi_identitylink` VALUES ('df0c2721-ca0b-11ed-b90d-2016b9c02335', NULL, 'starter', '1', NULL, '2023-03-24 14:19:45.392', 'df0c2720-ca0b-11ed-b90d-2016b9c02335', NULL, NULL, NULL, NULL);
INSERT INTO `act_hi_identitylink` VALUES ('df0fd0a9-ca0b-11ed-b90d-2016b9c02335', NULL, 'assignee', '1', 'df0d3898-ca0b-11ed-b90d-2016b9c02335', '2023-03-24 14:19:45.416', NULL, NULL, NULL, NULL, NULL);
INSERT INTO `act_hi_identitylink` VALUES ('df11092a-ca0b-11ed-b90d-2016b9c02335', NULL, 'participant', '1', NULL, '2023-03-24 14:19:45.424', 'df0c2720-ca0b-11ed-b90d-2016b9c02335', NULL, NULL, NULL, NULL);
INSERT INTO `act_hi_identitylink` VALUES ('e596e356-ca0d-11ed-b90d-2016b9c02335', NULL, 'starter', '1', NULL, '2023-03-24 14:34:15.361', 'e596e355-ca0d-11ed-b90d-2016b9c02335', NULL, NULL, NULL, NULL);
INSERT INTO `act_hi_identitylink` VALUES ('e5aa1d45-ca0d-11ed-b90d-2016b9c02335', NULL, 'assignee', '1', 'e5a8bdb4-ca0d-11ed-b90d-2016b9c02335', '2023-03-24 14:34:15.487', NULL, NULL, NULL, NULL, NULL);
INSERT INTO `act_hi_identitylink` VALUES ('e5aae096-ca0d-11ed-b90d-2016b9c02335', NULL, 'participant', '1', NULL, '2023-03-24 14:34:15.493', 'e596e355-ca0d-11ed-b90d-2016b9c02335', NULL, NULL, NULL, NULL);
INSERT INTO `act_hi_identitylink` VALUES ('e8563fcd-cbe1-11ed-a77c-2016b9c02335', NULL, 'starter', '2', NULL, '2023-03-26 22:24:24.442', 'e855f1ac-cbe1-11ed-a77c-2016b9c02335', NULL, NULL, NULL, NULL);
INSERT INTO `act_hi_identitylink` VALUES ('e8727a69-cbe1-11ed-a77c-2016b9c02335', NULL, 'assignee', '3', 'e86e0d98-cbe1-11ed-a77c-2016b9c02335', '2023-03-26 22:24:24.625', NULL, NULL, NULL, NULL, NULL);
INSERT INTO `act_hi_identitylink` VALUES ('e874eb6a-cbe1-11ed-a77c-2016b9c02335', NULL, 'participant', '3', NULL, '2023-03-26 22:24:24.641', 'e855f1ac-cbe1-11ed-a77c-2016b9c02335', NULL, NULL, NULL, NULL);
INSERT INTO `act_hi_identitylink` VALUES ('e9b55845-283f-11ed-9000-3887d5e2c283', NULL, 'starter', '1', NULL, '2022-08-30 16:44:08.739', 'e9b53134-283f-11ed-9000-3887d5e2c283', NULL, NULL, NULL, NULL);
INSERT INTO `act_hi_identitylink` VALUES ('e9c4c1a1-283f-11ed-9000-3887d5e2c283', NULL, 'assignee', '2', 'e9bbe800-283f-11ed-9000-3887d5e2c283', '2022-08-30 16:44:08.839', NULL, NULL, NULL, NULL, NULL);
INSERT INTO `act_hi_identitylink` VALUES ('e9c64842-283f-11ed-9000-3887d5e2c283', NULL, 'participant', '2', NULL, '2022-08-30 16:44:08.849', 'e9b53134-283f-11ed-9000-3887d5e2c283', NULL, NULL, NULL, NULL);
INSERT INTO `act_hi_identitylink` VALUES ('e9d179b5-cd5f-11ed-997c-2016b9c02335', NULL, 'starter', '1', NULL, '2023-03-28 19:58:54.678', 'e9d152a4-cd5f-11ed-997c-2016b9c02335', NULL, NULL, NULL, NULL);
INSERT INTO `act_hi_identitylink` VALUES ('e9f09a86-cd5f-11ed-997c-2016b9c02335', NULL, 'assignee', '4', 'e9e5ec25-cd5f-11ed-997c-2016b9c02335', '2023-03-28 19:58:54.880', NULL, NULL, NULL, NULL, NULL);
INSERT INTO `act_hi_identitylink` VALUES ('e9f4e047-cd5f-11ed-997c-2016b9c02335', NULL, 'participant', '4', NULL, '2023-03-28 19:58:54.908', 'e9d152a4-cd5f-11ed-997c-2016b9c02335', NULL, NULL, NULL, NULL);

-- ----------------------------
-- Table structure for act_hi_procinst
-- ----------------------------
DROP TABLE IF EXISTS `act_hi_procinst`;
CREATE TABLE `act_hi_procinst`  (
  `ID_` varchar(64) CHARACTER SET utf8 COLLATE utf8_bin NOT NULL,
  `REV_` int(11) NULL DEFAULT 1,
  `PROC_INST_ID_` varchar(64) CHARACTER SET utf8 COLLATE utf8_bin NOT NULL,
  `BUSINESS_KEY_` varchar(255) CHARACTER SET utf8 COLLATE utf8_bin NULL DEFAULT NULL,
  `PROC_DEF_ID_` varchar(64) CHARACTER SET utf8 COLLATE utf8_bin NOT NULL,
  `START_TIME_` datetime(3) NOT NULL,
  `END_TIME_` datetime(3) NULL DEFAULT NULL,
  `DURATION_` bigint(20) NULL DEFAULT NULL,
  `START_USER_ID_` varchar(255) CHARACTER SET utf8 COLLATE utf8_bin NULL DEFAULT NULL,
  `START_ACT_ID_` varchar(255) CHARACTER SET utf8 COLLATE utf8_bin NULL DEFAULT NULL,
  `END_ACT_ID_` varchar(255) CHARACTER SET utf8 COLLATE utf8_bin NULL DEFAULT NULL,
  `SUPER_PROCESS_INSTANCE_ID_` varchar(64) CHARACTER SET utf8 COLLATE utf8_bin NULL DEFAULT NULL,
  `DELETE_REASON_` varchar(4000) CHARACTER SET utf8 COLLATE utf8_bin NULL DEFAULT NULL,
  `TENANT_ID_` varchar(255) CHARACTER SET utf8 COLLATE utf8_bin NULL DEFAULT '',
  `NAME_` varchar(255) CHARACTER SET utf8 COLLATE utf8_bin NULL DEFAULT NULL,
  `CALLBACK_ID_` varchar(255) CHARACTER SET utf8 COLLATE utf8_bin NULL DEFAULT NULL,
  `CALLBACK_TYPE_` varchar(255) CHARACTER SET utf8 COLLATE utf8_bin NULL DEFAULT NULL,
  `REFERENCE_ID_` varchar(255) CHARACTER SET utf8 COLLATE utf8_bin NULL DEFAULT NULL,
  `REFERENCE_TYPE_` varchar(255) CHARACTER SET utf8 COLLATE utf8_bin NULL DEFAULT NULL,
  `PROPAGATED_STAGE_INST_ID_` varchar(255) CHARACTER SET utf8 COLLATE utf8_bin NULL DEFAULT NULL,
  `BUSINESS_STATUS_` varchar(255) CHARACTER SET utf8 COLLATE utf8_bin NULL DEFAULT NULL,
  PRIMARY KEY (`ID_`) USING BTREE,
  UNIQUE INDEX `PROC_INST_ID_`(`PROC_INST_ID_`) USING BTREE,
  INDEX `ACT_IDX_HI_PRO_INST_END`(`END_TIME_`) USING BTREE,
  INDEX `ACT_IDX_HI_PRO_I_BUSKEY`(`BUSINESS_KEY_`) USING BTREE
) ENGINE = InnoDB CHARACTER SET = utf8 COLLATE = utf8_bin ROW_FORMAT = COMPACT;

-- ----------------------------
-- Records of act_hi_procinst
-- ----------------------------
INSERT INTO `act_hi_procinst` VALUES ('0a24aec8-2097-11ed-b609-3887d5e2c283', 2, '0a24aec8-2097-11ed-b609-3887d5e2c283', NULL, 'leave:2:f519d4d0-1ec3-11ed-af71-3887d5e2c283', '2022-08-20 22:47:40.068', NULL, NULL, '1', 'Event_1u2autv', NULL, NULL, NULL, '', '', NULL, NULL, NULL, NULL, NULL, NULL);
INSERT INTO `act_hi_procinst` VALUES ('0d5a8eb0-c992-11ed-8a10-2016b9c02335', 3, '0d5a8eb0-c992-11ed-8a10-2016b9c02335', '3', 'leave:3:f4e718cf-c991-11ed-8a10-2016b9c02335', '2023-03-23 23:47:44.480', '2023-03-23 23:48:14.458', 29978, '1', 'Event_1u2autv', 'Event_0hldj7l', NULL, NULL, '', '', NULL, NULL, NULL, NULL, NULL, NULL);
INSERT INTO `act_hi_procinst` VALUES ('31b3ab1b-ca0c-11ed-b90d-2016b9c02335', 2, '31b3ab1b-ca0c-11ed-b90d-2016b9c02335', '6', 'leave:4:f49b5e34-ca0a-11ed-b90d-2016b9c02335', '2023-03-24 14:22:04.063', NULL, NULL, '1', 'Event_1u2autv', NULL, NULL, NULL, '', '', NULL, NULL, NULL, NULL, NULL, NULL);
INSERT INTO `act_hi_procinst` VALUES ('50fed686-ca0c-11ed-b90d-2016b9c02335', 2, '50fed686-ca0c-11ed-b90d-2016b9c02335', '7', 'leave:4:f49b5e34-ca0a-11ed-b90d-2016b9c02335', '2023-03-24 14:22:56.565', NULL, NULL, '1', 'Event_1u2autv', NULL, NULL, NULL, '', '', NULL, NULL, NULL, NULL, NULL, NULL);
INSERT INTO `act_hi_procinst` VALUES ('53a44955-ca0b-11ed-b90d-2016b9c02335', 2, '53a44955-ca0b-11ed-b90d-2016b9c02335', '4', 'leave:4:f49b5e34-ca0a-11ed-b90d-2016b9c02335', '2023-03-24 14:15:51.508', NULL, NULL, '1', 'Event_1u2autv', NULL, NULL, NULL, '', '', NULL, NULL, NULL, NULL, NULL, NULL);
INSERT INTO `act_hi_procinst` VALUES ('59bfa57b-cbe3-11ed-a77c-2016b9c02335', 2, '59bfa57b-cbe3-11ed-a77c-2016b9c02335', NULL, 'repair:2:b58c1943-cb90-11ed-aa70-2016b9c02335', '2023-03-26 22:34:44.210', NULL, NULL, '2', 'Event_1490ccg', NULL, NULL, NULL, '', '', NULL, NULL, NULL, NULL, NULL, NULL);
INSERT INTO `act_hi_procinst` VALUES ('66cbf3f2-ca2b-11ed-9c60-2016b9c02335', 2, '66cbf3f2-ca2b-11ed-9c60-2016b9c02335', NULL, 'leave:5:d96565c4-ca0d-11ed-b90d-2016b9c02335', '2023-03-24 18:05:27.540', NULL, NULL, '1', 'Event_1u2autv', NULL, NULL, NULL, '', '', NULL, NULL, NULL, NULL, NULL, NULL);
INSERT INTO `act_hi_procinst` VALUES ('7044835f-cb94-11ed-8c20-2016b9c02335', 2, '7044835f-cb94-11ed-8c20-2016b9c02335', NULL, 'check_in:1:1c85c30e-cb94-11ed-8c20-2016b9c02335', '2023-03-26 13:09:51.749', NULL, NULL, '2', 'Event_1kkx7wh', NULL, NULL, NULL, '', '', NULL, NULL, NULL, NULL, NULL, NULL);
INSERT INTO `act_hi_procinst` VALUES ('7bf2bf1b-2097-11ed-8938-3887d5e2c283', 2, '7bf2bf1b-2097-11ed-8938-3887d5e2c283', NULL, 'leave:2:f519d4d0-1ec3-11ed-af71-3887d5e2c283', '2022-08-20 22:50:51.001', NULL, NULL, '1', 'Event_1u2autv', NULL, NULL, NULL, '', '', NULL, NULL, NULL, NULL, NULL, NULL);
INSERT INTO `act_hi_procinst` VALUES ('7e853b8b-2095-11ed-b609-3887d5e2c283', 3, '7e853b8b-2095-11ed-b609-3887d5e2c283', NULL, 'leave:2:f519d4d0-1ec3-11ed-af71-3887d5e2c283', '2022-08-20 22:36:36.323', '2022-08-20 22:57:45.682', 1269359, '1', 'Event_1u2autv', NULL, NULL, '', '', '', NULL, NULL, NULL, NULL, NULL, NULL);
INSERT INTO `act_hi_procinst` VALUES ('88846633-cb94-11ed-8c20-2016b9c02335', 2, '88846633-cb94-11ed-8c20-2016b9c02335', NULL, 'check_in:1:1c85c30e-cb94-11ed-8c20-2016b9c02335', '2023-03-26 13:10:32.433', NULL, NULL, '1', 'Event_1kkx7wh', NULL, NULL, NULL, '', '', NULL, NULL, NULL, NULL, NULL, NULL);
INSERT INTO `act_hi_procinst` VALUES ('996b7ca7-cb94-11ed-8c20-2016b9c02335', 2, '996b7ca7-cb94-11ed-8c20-2016b9c02335', NULL, 'repair:2:b58c1943-cb90-11ed-aa70-2016b9c02335', '2023-03-26 13:11:00.791', NULL, NULL, '1', 'Event_1490ccg', NULL, NULL, NULL, '', '', NULL, NULL, NULL, NULL, NULL, NULL);
INSERT INTO `act_hi_procinst` VALUES ('b8745c09-2096-11ed-b609-3887d5e2c283', 2, 'b8745c09-2096-11ed-b609-3887d5e2c283', NULL, 'leave:2:f519d4d0-1ec3-11ed-af71-3887d5e2c283', '2022-08-20 22:45:23.017', NULL, NULL, '1', 'Event_1u2autv', NULL, NULL, NULL, '', '', NULL, NULL, NULL, NULL, NULL, NULL);
INSERT INTO `act_hi_procinst` VALUES ('bf0fd521-c991-11ed-8a10-2016b9c02335', 2, 'bf0fd521-c991-11ed-8a10-2016b9c02335', '2', 'leave:2:f519d4d0-1ec3-11ed-af71-3887d5e2c283', '2023-03-23 23:45:33.128', NULL, NULL, '1', 'Event_1u2autv', NULL, NULL, NULL, '', '', NULL, NULL, NULL, NULL, NULL, NULL);
INSERT INTO `act_hi_procinst` VALUES ('da70e12a-2095-11ed-b609-3887d5e2c283', 2, 'da70e12a-2095-11ed-b609-3887d5e2c283', NULL, 'leave:2:f519d4d0-1ec3-11ed-af71-3887d5e2c283', '2022-08-20 22:39:10.540', NULL, NULL, '1', 'Event_1u2autv', NULL, NULL, NULL, '', '', NULL, NULL, NULL, NULL, NULL, NULL);
INSERT INTO `act_hi_procinst` VALUES ('df0c2720-ca0b-11ed-b90d-2016b9c02335', 2, 'df0c2720-ca0b-11ed-b90d-2016b9c02335', '5', 'leave:4:f49b5e34-ca0a-11ed-b90d-2016b9c02335', '2023-03-24 14:19:45.392', NULL, NULL, '1', 'Event_1u2autv', NULL, NULL, NULL, '', '', NULL, NULL, NULL, NULL, NULL, NULL);
INSERT INTO `act_hi_procinst` VALUES ('e596e355-ca0d-11ed-b90d-2016b9c02335', 2, 'e596e355-ca0d-11ed-b90d-2016b9c02335', NULL, 'leave:5:d96565c4-ca0d-11ed-b90d-2016b9c02335', '2023-03-24 14:34:15.361', NULL, NULL, '1', 'Event_1u2autv', NULL, NULL, NULL, '', '', NULL, NULL, NULL, NULL, NULL, NULL);
INSERT INTO `act_hi_procinst` VALUES ('e855f1ac-cbe1-11ed-a77c-2016b9c02335', 2, 'e855f1ac-cbe1-11ed-a77c-2016b9c02335', NULL, 'repair:2:b58c1943-cb90-11ed-aa70-2016b9c02335', '2023-03-26 22:24:24.438', NULL, NULL, '2', 'Event_1490ccg', NULL, NULL, NULL, '', '', NULL, NULL, NULL, NULL, NULL, NULL);
INSERT INTO `act_hi_procinst` VALUES ('e9b53134-283f-11ed-9000-3887d5e2c283', 2, 'e9b53134-283f-11ed-9000-3887d5e2c283', NULL, 'leave:2:f519d4d0-1ec3-11ed-af71-3887d5e2c283', '2022-08-30 16:44:08.737', NULL, NULL, '1', 'Event_1u2autv', NULL, NULL, NULL, '', '', NULL, NULL, NULL, NULL, NULL, NULL);
INSERT INTO `act_hi_procinst` VALUES ('e9d152a4-cd5f-11ed-997c-2016b9c02335', 2, 'e9d152a4-cd5f-11ed-997c-2016b9c02335', NULL, 'check_in:1:1c85c30e-cb94-11ed-8c20-2016b9c02335', '2023-03-28 19:58:54.675', NULL, NULL, '1', 'Event_1kkx7wh', NULL, NULL, NULL, '', '', NULL, NULL, NULL, NULL, NULL, NULL);

-- ----------------------------
-- Table structure for act_hi_taskinst
-- ----------------------------
DROP TABLE IF EXISTS `act_hi_taskinst`;
CREATE TABLE `act_hi_taskinst`  (
  `ID_` varchar(64) CHARACTER SET utf8 COLLATE utf8_bin NOT NULL,
  `REV_` int(11) NULL DEFAULT 1,
  `PROC_DEF_ID_` varchar(64) CHARACTER SET utf8 COLLATE utf8_bin NULL DEFAULT NULL,
  `TASK_DEF_ID_` varchar(64) CHARACTER SET utf8 COLLATE utf8_bin NULL DEFAULT NULL,
  `TASK_DEF_KEY_` varchar(255) CHARACTER SET utf8 COLLATE utf8_bin NULL DEFAULT NULL,
  `PROC_INST_ID_` varchar(64) CHARACTER SET utf8 COLLATE utf8_bin NULL DEFAULT NULL,
  `EXECUTION_ID_` varchar(64) CHARACTER SET utf8 COLLATE utf8_bin NULL DEFAULT NULL,
  `SCOPE_ID_` varchar(255) CHARACTER SET utf8 COLLATE utf8_bin NULL DEFAULT NULL,
  `SUB_SCOPE_ID_` varchar(255) CHARACTER SET utf8 COLLATE utf8_bin NULL DEFAULT NULL,
  `SCOPE_TYPE_` varchar(255) CHARACTER SET utf8 COLLATE utf8_bin NULL DEFAULT NULL,
  `SCOPE_DEFINITION_ID_` varchar(255) CHARACTER SET utf8 COLLATE utf8_bin NULL DEFAULT NULL,
  `PROPAGATED_STAGE_INST_ID_` varchar(255) CHARACTER SET utf8 COLLATE utf8_bin NULL DEFAULT NULL,
  `NAME_` varchar(255) CHARACTER SET utf8 COLLATE utf8_bin NULL DEFAULT NULL,
  `PARENT_TASK_ID_` varchar(64) CHARACTER SET utf8 COLLATE utf8_bin NULL DEFAULT NULL,
  `DESCRIPTION_` varchar(4000) CHARACTER SET utf8 COLLATE utf8_bin NULL DEFAULT NULL,
  `OWNER_` varchar(255) CHARACTER SET utf8 COLLATE utf8_bin NULL DEFAULT NULL,
  `ASSIGNEE_` varchar(255) CHARACTER SET utf8 COLLATE utf8_bin NULL DEFAULT NULL,
  `START_TIME_` datetime(3) NOT NULL,
  `CLAIM_TIME_` datetime(3) NULL DEFAULT NULL,
  `END_TIME_` datetime(3) NULL DEFAULT NULL,
  `DURATION_` bigint(20) NULL DEFAULT NULL,
  `DELETE_REASON_` varchar(4000) CHARACTER SET utf8 COLLATE utf8_bin NULL DEFAULT NULL,
  `PRIORITY_` int(11) NULL DEFAULT NULL,
  `DUE_DATE_` datetime(3) NULL DEFAULT NULL,
  `FORM_KEY_` varchar(255) CHARACTER SET utf8 COLLATE utf8_bin NULL DEFAULT NULL,
  `CATEGORY_` varchar(255) CHARACTER SET utf8 COLLATE utf8_bin NULL DEFAULT NULL,
  `TENANT_ID_` varchar(255) CHARACTER SET utf8 COLLATE utf8_bin NULL DEFAULT '',
  `LAST_UPDATED_TIME_` datetime(3) NULL DEFAULT NULL,
  PRIMARY KEY (`ID_`) USING BTREE,
  INDEX `ACT_IDX_HI_TASK_SCOPE`(`SCOPE_ID_`, `SCOPE_TYPE_`) USING BTREE,
  INDEX `ACT_IDX_HI_TASK_SUB_SCOPE`(`SUB_SCOPE_ID_`, `SCOPE_TYPE_`) USING BTREE,
  INDEX `ACT_IDX_HI_TASK_SCOPE_DEF`(`SCOPE_DEFINITION_ID_`, `SCOPE_TYPE_`) USING BTREE,
  INDEX `ACT_IDX_HI_TASK_INST_PROCINST`(`PROC_INST_ID_`) USING BTREE
) ENGINE = InnoDB CHARACTER SET = utf8 COLLATE = utf8_bin ROW_FORMAT = COMPACT;

-- ----------------------------
-- Records of act_hi_taskinst
-- ----------------------------
INSERT INTO `act_hi_taskinst` VALUES ('0a263574-2097-11ed-b609-3887d5e2c283', 1, 'leave:2:f519d4d0-1ec3-11ed-af71-3887d5e2c283', NULL, 'Activity_0gcxdwu', '0a24aec8-2097-11ed-b609-3887d5e2c283', '0a260e60-2097-11ed-b609-3887d5e2c283', NULL, NULL, NULL, NULL, NULL, '', NULL, NULL, NULL, '2', '2022-08-20 22:47:40.078', NULL, NULL, NULL, NULL, 50, NULL, NULL, NULL, '', '2022-08-20 22:47:40.089');
INSERT INTO `act_hi_taskinst` VALUES ('0d5b7918-c992-11ed-8a10-2016b9c02335', 2, 'leave:3:f4e718cf-c991-11ed-8a10-2016b9c02335', NULL, 'Activity_13uq05m', '0d5a8eb0-c992-11ed-8a10-2016b9c02335', '0d5b7914-c992-11ed-8a10-2016b9c02335', NULL, NULL, NULL, NULL, NULL, '', NULL, NULL, NULL, '1', '2023-03-23 23:47:44.486', NULL, '2023-03-23 23:48:14.387', 29901, NULL, 50, NULL, NULL, NULL, '', '2023-03-23 23:48:14.387');
INSERT INTO `act_hi_taskinst` VALUES ('26d645c6-2843-11ed-9000-3887d5e2c283', 1, 'leave:2:f519d4d0-1ec3-11ed-af71-3887d5e2c283', NULL, 'Activity_13uq05m', 'e9b53134-283f-11ed-9000-3887d5e2c283', 'e9b7f05c-283f-11ed-9000-3887d5e2c283', NULL, NULL, NULL, NULL, NULL, '', NULL, NULL, NULL, '4', '2022-08-30 17:07:19.785', NULL, NULL, NULL, NULL, 50, NULL, NULL, NULL, '', '2022-08-30 17:07:19.822');
INSERT INTO `act_hi_taskinst` VALUES ('31b44763-ca0c-11ed-b90d-2016b9c02335', 1, 'leave:4:f49b5e34-ca0a-11ed-b90d-2016b9c02335', NULL, 'Activity_13uq05m', '31b3ab1b-ca0c-11ed-b90d-2016b9c02335', '31b4475f-ca0c-11ed-b90d-2016b9c02335', NULL, NULL, NULL, NULL, NULL, '', NULL, NULL, NULL, '1', '2023-03-24 14:22:04.067', NULL, NULL, NULL, NULL, 50, NULL, NULL, NULL, '', '2023-03-24 14:22:04.077');
INSERT INTO `act_hi_taskinst` VALUES ('50ffe7fe-ca0c-11ed-b90d-2016b9c02335', 1, 'leave:4:f49b5e34-ca0a-11ed-b90d-2016b9c02335', NULL, 'Activity_13uq05m', '50fed686-ca0c-11ed-b90d-2016b9c02335', '50ffc0ea-ca0c-11ed-b90d-2016b9c02335', NULL, NULL, NULL, NULL, NULL, '', NULL, NULL, NULL, '1', '2023-03-24 14:22:56.572', NULL, NULL, NULL, NULL, 50, NULL, NULL, NULL, '', '2023-03-24 14:22:56.585');
INSERT INTO `act_hi_taskinst` VALUES ('53b0a56d-ca0b-11ed-b90d-2016b9c02335', 1, 'leave:4:f49b5e34-ca0a-11ed-b90d-2016b9c02335', NULL, 'Activity_13uq05m', '53a44955-ca0b-11ed-b90d-2016b9c02335', '53a6e169-ca0b-11ed-b90d-2016b9c02335', NULL, NULL, NULL, NULL, NULL, '', NULL, NULL, NULL, '1', '2023-03-24 14:15:51.531', NULL, NULL, NULL, NULL, 50, NULL, NULL, NULL, '', '2023-03-24 14:15:51.608');
INSERT INTO `act_hi_taskinst` VALUES ('59c08fe7-cbe3-11ed-a77c-2016b9c02335', 2, 'repair:2:b58c1943-cb90-11ed-aa70-2016b9c02335', NULL, 'Activity_12hhoy5', '59bfa57b-cbe3-11ed-a77c-2016b9c02335', '59c068d3-cbe3-11ed-a77c-2016b9c02335', NULL, NULL, NULL, NULL, NULL, '', NULL, NULL, NULL, '3', '2023-03-26 22:34:44.216', NULL, '2023-03-26 22:43:16.296', 512080, NULL, 50, NULL, NULL, NULL, '', '2023-03-26 22:43:16.296');
INSERT INTO `act_hi_taskinst` VALUES ('66cd7aa1-ca2b-11ed-9c60-2016b9c02335', 1, 'leave:5:d96565c4-ca0d-11ed-b90d-2016b9c02335', NULL, 'Activity_13uq05m', '66cbf3f2-ca2b-11ed-9c60-2016b9c02335', '66cd7a9d-ca2b-11ed-9c60-2016b9c02335', NULL, NULL, NULL, NULL, NULL, '', NULL, NULL, NULL, '1', '2023-03-24 18:05:27.550', NULL, NULL, NULL, NULL, 50, NULL, NULL, NULL, '', '2023-03-24 18:05:27.569');
INSERT INTO `act_hi_taskinst` VALUES ('705d1480-cb94-11ed-8c20-2016b9c02335', 1, 'check_in:1:1c85c30e-cb94-11ed-8c20-2016b9c02335', NULL, 'Activity_06tm4j2', '7044835f-cb94-11ed-8c20-2016b9c02335', '7056abdc-cb94-11ed-8c20-2016b9c02335', NULL, NULL, NULL, NULL, NULL, '', NULL, NULL, NULL, '4', '2023-03-26 13:09:51.884', NULL, NULL, NULL, NULL, 50, NULL, NULL, NULL, '', '2023-03-26 13:09:51.969');
INSERT INTO `act_hi_taskinst` VALUES ('7bfe7ef7-2097-11ed-8938-3887d5e2c283', 1, 'leave:2:f519d4d0-1ec3-11ed-af71-3887d5e2c283', NULL, 'Activity_0gcxdwu', '7bf2bf1b-2097-11ed-8938-3887d5e2c283', '7bf94ed3-2097-11ed-8938-3887d5e2c283', NULL, NULL, NULL, NULL, NULL, '', NULL, NULL, NULL, '2', '2022-08-20 22:50:51.051', NULL, NULL, NULL, NULL, 50, NULL, NULL, NULL, '', '2022-08-20 22:50:51.130');
INSERT INTO `act_hi_taskinst` VALUES ('7e92a917-2095-11ed-b609-3887d5e2c283', 2, 'leave:2:f519d4d0-1ec3-11ed-af71-3887d5e2c283', NULL, 'Activity_0gcxdwu', '7e853b8b-2095-11ed-b609-3887d5e2c283', '7e8cb5a3-2095-11ed-b609-3887d5e2c283', NULL, NULL, NULL, NULL, NULL, '', NULL, NULL, NULL, '2', '2022-08-20 22:36:36.384', NULL, '2022-08-20 22:57:45.596', 1269212, '', 50, NULL, NULL, NULL, '', '2022-08-20 22:57:45.596');
INSERT INTO `act_hi_taskinst` VALUES ('88852994-cb94-11ed-8c20-2016b9c02335', 1, 'check_in:1:1c85c30e-cb94-11ed-8c20-2016b9c02335', NULL, 'Activity_06tm4j2', '88846633-cb94-11ed-8c20-2016b9c02335', '88852990-cb94-11ed-8c20-2016b9c02335', NULL, NULL, NULL, NULL, NULL, '', NULL, NULL, NULL, '2', '2023-03-26 13:10:32.438', NULL, NULL, NULL, NULL, 50, NULL, NULL, NULL, '', '2023-03-26 13:10:32.450');
INSERT INTO `act_hi_taskinst` VALUES ('8afbe7cd-cbe4-11ed-a77c-2016b9c02335', 2, 'repair:2:b58c1943-cb90-11ed-aa70-2016b9c02335', NULL, 'Activity_0xh9dwc', '59bfa57b-cbe3-11ed-a77c-2016b9c02335', '59c068d3-cbe3-11ed-a77c-2016b9c02335', NULL, NULL, NULL, NULL, NULL, '', NULL, NULL, NULL, '3', '2023-03-26 22:43:16.310', NULL, '2023-03-26 22:43:30.842', 14532, NULL, 50, NULL, NULL, NULL, '', '2023-03-26 22:43:30.842');
INSERT INTO `act_hi_taskinst` VALUES ('93a61362-cbe4-11ed-a77c-2016b9c02335', 1, 'repair:2:b58c1943-cb90-11ed-aa70-2016b9c02335', NULL, 'Activity_1ne3thd', '59bfa57b-cbe3-11ed-a77c-2016b9c02335', '59c068d3-cbe3-11ed-a77c-2016b9c02335', NULL, NULL, NULL, NULL, NULL, '', NULL, NULL, NULL, '2', '2023-03-26 22:43:30.847', NULL, NULL, NULL, NULL, 50, NULL, NULL, NULL, '', '2023-03-26 22:43:30.853');
INSERT INTO `act_hi_taskinst` VALUES ('996c6713-cb94-11ed-8c20-2016b9c02335', 1, 'repair:2:b58c1943-cb90-11ed-aa70-2016b9c02335', NULL, 'Activity_12hhoy5', '996b7ca7-cb94-11ed-8c20-2016b9c02335', '996c670f-cb94-11ed-8c20-2016b9c02335', NULL, NULL, NULL, NULL, NULL, '', NULL, NULL, NULL, '2', '2023-03-26 13:11:00.797', NULL, NULL, NULL, NULL, 50, NULL, NULL, NULL, '', '2023-03-26 13:11:00.805');
INSERT INTO `act_hi_taskinst` VALUES ('b876a605-2096-11ed-b609-3887d5e2c283', 1, 'leave:2:f519d4d0-1ec3-11ed-af71-3887d5e2c283', NULL, 'Activity_0gcxdwu', 'b8745c09-2096-11ed-b609-3887d5e2c283', 'b876a601-2096-11ed-b609-3887d5e2c283', NULL, NULL, NULL, NULL, NULL, '', NULL, NULL, NULL, '2', '2022-08-20 22:45:23.032', NULL, NULL, NULL, NULL, 50, NULL, NULL, NULL, '', '2022-08-20 22:45:23.042');
INSERT INTO `act_hi_taskinst` VALUES ('bf183999-c991-11ed-8a10-2016b9c02335', 1, 'leave:2:f519d4d0-1ec3-11ed-af71-3887d5e2c283', NULL, 'Activity_0gcxdwu', 'bf0fd521-c991-11ed-8a10-2016b9c02335', 'bf126d35-c991-11ed-8a10-2016b9c02335', NULL, NULL, NULL, NULL, NULL, '', NULL, NULL, NULL, '2', '2023-03-23 23:45:33.160', NULL, NULL, NULL, NULL, 50, NULL, NULL, NULL, '', '2023-03-23 23:45:33.241');
INSERT INTO `act_hi_taskinst` VALUES ('da71f2a6-2095-11ed-b609-3887d5e2c283', 1, 'leave:2:f519d4d0-1ec3-11ed-af71-3887d5e2c283', NULL, 'Activity_0gcxdwu', 'da70e12a-2095-11ed-b609-3887d5e2c283', 'da71cb92-2095-11ed-b609-3887d5e2c283', NULL, NULL, NULL, NULL, NULL, '', NULL, NULL, NULL, '2', '2022-08-20 22:39:10.546', NULL, NULL, NULL, NULL, 50, NULL, NULL, NULL, '', '2022-08-20 22:39:10.559');
INSERT INTO `act_hi_taskinst` VALUES ('df0d3898-ca0b-11ed-b90d-2016b9c02335', 1, 'leave:4:f49b5e34-ca0a-11ed-b90d-2016b9c02335', NULL, 'Activity_13uq05m', 'df0c2720-ca0b-11ed-b90d-2016b9c02335', 'df0d3894-ca0b-11ed-b90d-2016b9c02335', NULL, NULL, NULL, NULL, NULL, '', NULL, NULL, NULL, '1', '2023-03-24 14:19:45.399', NULL, NULL, NULL, NULL, 50, NULL, NULL, NULL, '', '2023-03-24 14:19:45.416');
INSERT INTO `act_hi_taskinst` VALUES ('e5a8bdb4-ca0d-11ed-b90d-2016b9c02335', 1, 'leave:5:d96565c4-ca0d-11ed-b90d-2016b9c02335', NULL, 'Activity_13uq05m', 'e596e355-ca0d-11ed-b90d-2016b9c02335', 'e5a8bdb0-ca0d-11ed-b90d-2016b9c02335', NULL, NULL, NULL, NULL, NULL, '', NULL, NULL, NULL, '1', '2023-03-24 14:34:15.478', NULL, NULL, NULL, NULL, 50, NULL, NULL, NULL, '', '2023-03-24 14:34:15.487');
INSERT INTO `act_hi_taskinst` VALUES ('e86e0d98-cbe1-11ed-a77c-2016b9c02335', 1, 'repair:2:b58c1943-cb90-11ed-aa70-2016b9c02335', NULL, 'Activity_12hhoy5', 'e855f1ac-cbe1-11ed-a77c-2016b9c02335', 'e8597424-cbe1-11ed-a77c-2016b9c02335', NULL, NULL, NULL, NULL, NULL, '', NULL, NULL, NULL, '3', '2023-03-26 22:24:24.571', NULL, NULL, NULL, NULL, 50, NULL, NULL, NULL, '', '2023-03-26 22:24:24.625');
INSERT INTO `act_hi_taskinst` VALUES ('e9bbe800-283f-11ed-9000-3887d5e2c283', 2, 'leave:2:f519d4d0-1ec3-11ed-af71-3887d5e2c283', NULL, 'Activity_0gcxdwu', 'e9b53134-283f-11ed-9000-3887d5e2c283', 'e9b7f05c-283f-11ed-9000-3887d5e2c283', NULL, NULL, NULL, NULL, NULL, '', NULL, NULL, NULL, '2', '2022-08-30 16:44:08.761', NULL, '2022-08-30 17:07:19.778', 1391017, NULL, 50, NULL, NULL, NULL, '', '2022-08-30 17:07:19.778');
INSERT INTO `act_hi_taskinst` VALUES ('e9e5ec25-cd5f-11ed-997c-2016b9c02335', 1, 'check_in:1:1c85c30e-cb94-11ed-8c20-2016b9c02335', NULL, 'Activity_06tm4j2', 'e9d152a4-cd5f-11ed-997c-2016b9c02335', 'e9d71f11-cd5f-11ed-997c-2016b9c02335', NULL, NULL, NULL, NULL, NULL, '', NULL, NULL, NULL, '4', '2023-03-28 19:58:54.734', NULL, NULL, NULL, NULL, 50, NULL, NULL, NULL, '', '2023-03-28 19:58:54.880');

-- ----------------------------
-- Table structure for act_hi_tsk_log
-- ----------------------------
DROP TABLE IF EXISTS `act_hi_tsk_log`;
CREATE TABLE `act_hi_tsk_log`  (
  `ID_` bigint(20) NOT NULL AUTO_INCREMENT,
  `TYPE_` varchar(64) CHARACTER SET utf8 COLLATE utf8_bin NULL DEFAULT NULL,
  `TASK_ID_` varchar(64) CHARACTER SET utf8 COLLATE utf8_bin NOT NULL,
  `TIME_STAMP_` timestamp(3) NOT NULL DEFAULT CURRENT_TIMESTAMP(3) ON UPDATE CURRENT_TIMESTAMP(3),
  `USER_ID_` varchar(255) CHARACTER SET utf8 COLLATE utf8_bin NULL DEFAULT NULL,
  `DATA_` varchar(4000) CHARACTER SET utf8 COLLATE utf8_bin NULL DEFAULT NULL,
  `EXECUTION_ID_` varchar(64) CHARACTER SET utf8 COLLATE utf8_bin NULL DEFAULT NULL,
  `PROC_INST_ID_` varchar(64) CHARACTER SET utf8 COLLATE utf8_bin NULL DEFAULT NULL,
  `PROC_DEF_ID_` varchar(64) CHARACTER SET utf8 COLLATE utf8_bin NULL DEFAULT NULL,
  `SCOPE_ID_` varchar(255) CHARACTER SET utf8 COLLATE utf8_bin NULL DEFAULT NULL,
  `SCOPE_DEFINITION_ID_` varchar(255) CHARACTER SET utf8 COLLATE utf8_bin NULL DEFAULT NULL,
  `SUB_SCOPE_ID_` varchar(255) CHARACTER SET utf8 COLLATE utf8_bin NULL DEFAULT NULL,
  `SCOPE_TYPE_` varchar(255) CHARACTER SET utf8 COLLATE utf8_bin NULL DEFAULT NULL,
  `TENANT_ID_` varchar(255) CHARACTER SET utf8 COLLATE utf8_bin NULL DEFAULT '',
  PRIMARY KEY (`ID_`) USING BTREE
) ENGINE = InnoDB AUTO_INCREMENT = 1 CHARACTER SET = utf8 COLLATE = utf8_bin ROW_FORMAT = COMPACT;

-- ----------------------------
-- Records of act_hi_tsk_log
-- ----------------------------

-- ----------------------------
-- Table structure for act_hi_varinst
-- ----------------------------
DROP TABLE IF EXISTS `act_hi_varinst`;
CREATE TABLE `act_hi_varinst`  (
  `ID_` varchar(64) CHARACTER SET utf8 COLLATE utf8_bin NOT NULL,
  `REV_` int(11) NULL DEFAULT 1,
  `PROC_INST_ID_` varchar(64) CHARACTER SET utf8 COLLATE utf8_bin NULL DEFAULT NULL,
  `EXECUTION_ID_` varchar(64) CHARACTER SET utf8 COLLATE utf8_bin NULL DEFAULT NULL,
  `TASK_ID_` varchar(64) CHARACTER SET utf8 COLLATE utf8_bin NULL DEFAULT NULL,
  `NAME_` varchar(255) CHARACTER SET utf8 COLLATE utf8_bin NOT NULL,
  `VAR_TYPE_` varchar(100) CHARACTER SET utf8 COLLATE utf8_bin NULL DEFAULT NULL,
  `SCOPE_ID_` varchar(255) CHARACTER SET utf8 COLLATE utf8_bin NULL DEFAULT NULL,
  `SUB_SCOPE_ID_` varchar(255) CHARACTER SET utf8 COLLATE utf8_bin NULL DEFAULT NULL,
  `SCOPE_TYPE_` varchar(255) CHARACTER SET utf8 COLLATE utf8_bin NULL DEFAULT NULL,
  `BYTEARRAY_ID_` varchar(64) CHARACTER SET utf8 COLLATE utf8_bin NULL DEFAULT NULL,
  `DOUBLE_` double NULL DEFAULT NULL,
  `LONG_` bigint(20) NULL DEFAULT NULL,
  `TEXT_` varchar(4000) CHARACTER SET utf8 COLLATE utf8_bin NULL DEFAULT NULL,
  `TEXT2_` varchar(4000) CHARACTER SET utf8 COLLATE utf8_bin NULL DEFAULT NULL,
  `CREATE_TIME_` datetime(3) NULL DEFAULT NULL,
  `LAST_UPDATED_TIME_` datetime(3) NULL DEFAULT NULL,
  PRIMARY KEY (`ID_`) USING BTREE,
  INDEX `ACT_IDX_HI_PROCVAR_NAME_TYPE`(`NAME_`, `VAR_TYPE_`) USING BTREE,
  INDEX `ACT_IDX_HI_VAR_SCOPE_ID_TYPE`(`SCOPE_ID_`, `SCOPE_TYPE_`) USING BTREE,
  INDEX `ACT_IDX_HI_VAR_SUB_ID_TYPE`(`SUB_SCOPE_ID_`, `SCOPE_TYPE_`) USING BTREE,
  INDEX `ACT_IDX_HI_PROCVAR_PROC_INST`(`PROC_INST_ID_`) USING BTREE,
  INDEX `ACT_IDX_HI_PROCVAR_TASK_ID`(`TASK_ID_`) USING BTREE,
  INDEX `ACT_IDX_HI_PROCVAR_EXE`(`EXECUTION_ID_`) USING BTREE
) ENGINE = InnoDB CHARACTER SET = utf8 COLLATE = utf8_bin ROW_FORMAT = COMPACT;

-- ----------------------------
-- Records of act_hi_varinst
-- ----------------------------
INSERT INTO `act_hi_varinst` VALUES ('0a260e5a-2097-11ed-b609-3887d5e2c283', 0, '0a24aec8-2097-11ed-b609-3887d5e2c283', '0a24aec8-2097-11ed-b609-3887d5e2c283', NULL, 'field126', 'string', NULL, NULL, NULL, NULL, NULL, NULL, '333', NULL, '2022-08-20 22:47:40.077', '2022-08-20 22:47:40.077');
INSERT INTO `act_hi_varinst` VALUES ('0a260e5c-2097-11ed-b609-3887d5e2c283', 0, '0a24aec8-2097-11ed-b609-3887d5e2c283', '0a24aec8-2097-11ed-b609-3887d5e2c283', NULL, 'field127', 'string', NULL, NULL, NULL, NULL, NULL, NULL, '333', NULL, '2022-08-20 22:47:40.077', '2022-08-20 22:47:40.077');
INSERT INTO `act_hi_varinst` VALUES ('0a260e5e-2097-11ed-b609-3887d5e2c283', 0, '0a24aec8-2097-11ed-b609-3887d5e2c283', '0a24aec8-2097-11ed-b609-3887d5e2c283', NULL, 'field128', 'integer', NULL, NULL, NULL, NULL, NULL, 1, '1', NULL, '2022-08-20 22:47:40.077', '2022-08-20 22:47:40.077');
INSERT INTO `act_hi_varinst` VALUES ('0d5b7912-c992-11ed-8a10-2016b9c02335', 0, '0d5a8eb0-c992-11ed-8a10-2016b9c02335', '0d5a8eb0-c992-11ed-8a10-2016b9c02335', NULL, 'day', 'long', NULL, NULL, NULL, NULL, NULL, 1, '1', NULL, '2023-03-23 23:47:44.486', '2023-03-23 23:47:44.486');
INSERT INTO `act_hi_varinst` VALUES ('31b4475d-ca0c-11ed-b90d-2016b9c02335', 0, '31b3ab1b-ca0c-11ed-b90d-2016b9c02335', '31b3ab1b-ca0c-11ed-b90d-2016b9c02335', NULL, 'day', 'long', NULL, NULL, NULL, NULL, NULL, 7, '7', NULL, '2023-03-24 14:22:04.067', '2023-03-24 14:22:04.067');
INSERT INTO `act_hi_varinst` VALUES ('50ffc0e8-ca0c-11ed-b90d-2016b9c02335', 0, '50fed686-ca0c-11ed-b90d-2016b9c02335', '50fed686-ca0c-11ed-b90d-2016b9c02335', NULL, 'day', 'long', NULL, NULL, NULL, NULL, NULL, 1, '1', NULL, '2023-03-24 14:22:56.571', '2023-03-24 14:22:56.571');
INSERT INTO `act_hi_varinst` VALUES ('53a69347-ca0b-11ed-b90d-2016b9c02335', 0, '53a44955-ca0b-11ed-b90d-2016b9c02335', '53a44955-ca0b-11ed-b90d-2016b9c02335', NULL, 'day', 'long', NULL, NULL, NULL, NULL, NULL, 3, '3', NULL, '2023-03-24 14:15:51.524', '2023-03-24 14:15:51.524');
INSERT INTO `act_hi_varinst` VALUES ('59c068cd-cbe3-11ed-a77c-2016b9c02335', 0, '59bfa57b-cbe3-11ed-a77c-2016b9c02335', '59bfa57b-cbe3-11ed-a77c-2016b9c02335', NULL, 'field105', 'string', NULL, NULL, NULL, NULL, NULL, NULL, '22:34:39', NULL, '2023-03-26 22:34:44.215', '2023-03-26 22:34:44.215');
INSERT INTO `act_hi_varinst` VALUES ('59c068cf-cbe3-11ed-a77c-2016b9c02335', 0, '59bfa57b-cbe3-11ed-a77c-2016b9c02335', '59bfa57b-cbe3-11ed-a77c-2016b9c02335', NULL, 'field102', 'string', NULL, NULL, NULL, NULL, NULL, NULL, '', NULL, '2023-03-26 22:34:44.215', '2023-03-26 22:34:44.215');
INSERT INTO `act_hi_varinst` VALUES ('59c068d1-cbe3-11ed-a77c-2016b9c02335', 0, '59bfa57b-cbe3-11ed-a77c-2016b9c02335', '59bfa57b-cbe3-11ed-a77c-2016b9c02335', NULL, 'field103', 'null', NULL, NULL, NULL, NULL, NULL, NULL, NULL, NULL, '2023-03-26 22:34:44.215', '2023-03-26 22:34:44.215');
INSERT INTO `act_hi_varinst` VALUES ('66cd5385-ca2b-11ed-9c60-2016b9c02335', 0, '66cbf3f2-ca2b-11ed-9c60-2016b9c02335', '66cbf3f2-ca2b-11ed-9c60-2016b9c02335', NULL, 'field115', 'serializable', NULL, NULL, NULL, '66cd7a96-ca2b-11ed-9c60-2016b9c02335', NULL, NULL, NULL, NULL, '2023-03-24 18:05:27.550', '2023-03-24 18:05:27.550');
INSERT INTO `act_hi_varinst` VALUES ('66cd7a99-ca2b-11ed-9c60-2016b9c02335', 0, '66cbf3f2-ca2b-11ed-9c60-2016b9c02335', '66cbf3f2-ca2b-11ed-9c60-2016b9c02335', NULL, 'field104', 'integer', NULL, NULL, NULL, NULL, NULL, 1, '1', NULL, '2023-03-24 18:05:27.550', '2023-03-24 18:05:27.550');
INSERT INTO `act_hi_varinst` VALUES ('66cd7a9b-ca2b-11ed-9c60-2016b9c02335', 0, '66cbf3f2-ca2b-11ed-9c60-2016b9c02335', '66cbf3f2-ca2b-11ed-9c60-2016b9c02335', NULL, 'field105', 'string', NULL, NULL, NULL, NULL, NULL, NULL, '', NULL, '2023-03-24 18:05:27.550', '2023-03-24 18:05:27.550');
INSERT INTO `act_hi_varinst` VALUES ('70460a01-cb94-11ed-8c20-2016b9c02335', 0, '7044835f-cb94-11ed-8c20-2016b9c02335', '7044835f-cb94-11ed-8c20-2016b9c02335', NULL, 'field107', 'string', NULL, NULL, NULL, NULL, NULL, NULL, ' ', NULL, '2023-03-26 13:09:51.761', '2023-03-26 13:09:51.761');
INSERT INTO `act_hi_varinst` VALUES ('70465823-cb94-11ed-8c20-2016b9c02335', 0, '7044835f-cb94-11ed-8c20-2016b9c02335', '7044835f-cb94-11ed-8c20-2016b9c02335', NULL, 'field109', 'string', NULL, NULL, NULL, NULL, NULL, NULL, '', NULL, '2023-03-26 13:09:51.761', '2023-03-26 13:09:51.761');
INSERT INTO `act_hi_varinst` VALUES ('70465825-cb94-11ed-8c20-2016b9c02335', 0, '7044835f-cb94-11ed-8c20-2016b9c02335', '7044835f-cb94-11ed-8c20-2016b9c02335', NULL, 'field110', 'integer', NULL, NULL, NULL, NULL, NULL, 1, '1', NULL, '2023-03-26 13:09:51.761', '2023-03-26 13:09:51.761');
INSERT INTO `act_hi_varinst` VALUES ('7056abd8-cb94-11ed-8c20-2016b9c02335', 0, '7044835f-cb94-11ed-8c20-2016b9c02335', '7044835f-cb94-11ed-8c20-2016b9c02335', NULL, 'field111', 'serializable', NULL, NULL, NULL, '7056abd9-cb94-11ed-8c20-2016b9c02335', NULL, NULL, NULL, NULL, '2023-03-26 13:09:51.868', '2023-03-26 13:09:51.868');
INSERT INTO `act_hi_varinst` VALUES ('7bf88b7d-2097-11ed-8938-3887d5e2c283', 0, '7bf2bf1b-2097-11ed-8938-3887d5e2c283', '7bf2bf1b-2097-11ed-8938-3887d5e2c283', NULL, 'field126', 'string', NULL, NULL, NULL, NULL, NULL, NULL, '444', NULL, '2022-08-20 22:50:51.042', '2022-08-20 22:50:51.042');
INSERT INTO `act_hi_varinst` VALUES ('7bf927bf-2097-11ed-8938-3887d5e2c283', 0, '7bf2bf1b-2097-11ed-8938-3887d5e2c283', '7bf2bf1b-2097-11ed-8938-3887d5e2c283', NULL, 'field127', 'string', NULL, NULL, NULL, NULL, NULL, NULL, '444', NULL, '2022-08-20 22:50:51.043', '2022-08-20 22:50:51.043');
INSERT INTO `act_hi_varinst` VALUES ('7bf927c1-2097-11ed-8938-3887d5e2c283', 0, '7bf2bf1b-2097-11ed-8938-3887d5e2c283', '7bf2bf1b-2097-11ed-8938-3887d5e2c283', NULL, 'field128', 'integer', NULL, NULL, NULL, NULL, NULL, 1, '1', NULL, '2022-08-20 22:50:51.043', '2022-08-20 22:50:51.043');
INSERT INTO `act_hi_varinst` VALUES ('7e8bcb3d-2095-11ed-b609-3887d5e2c283', 0, '7e853b8b-2095-11ed-b609-3887d5e2c283', '7e853b8b-2095-11ed-b609-3887d5e2c283', NULL, 'field126', 'string', NULL, NULL, NULL, NULL, NULL, NULL, '111', NULL, '2022-08-20 22:36:36.369', '2022-08-20 22:36:36.369');
INSERT INTO `act_hi_varinst` VALUES ('7e8c677f-2095-11ed-b609-3887d5e2c283', 0, '7e853b8b-2095-11ed-b609-3887d5e2c283', '7e853b8b-2095-11ed-b609-3887d5e2c283', NULL, 'field127', 'string', NULL, NULL, NULL, NULL, NULL, NULL, '222', NULL, '2022-08-20 22:36:36.370', '2022-08-20 22:36:36.370');
INSERT INTO `act_hi_varinst` VALUES ('7e8c6781-2095-11ed-b609-3887d5e2c283', 0, '7e853b8b-2095-11ed-b609-3887d5e2c283', '7e853b8b-2095-11ed-b609-3887d5e2c283', NULL, 'field128', 'integer', NULL, NULL, NULL, NULL, NULL, 1, '1', NULL, '2022-08-20 22:36:36.370', '2022-08-20 22:36:36.370');
INSERT INTO `act_hi_varinst` VALUES ('88850275-cb94-11ed-8c20-2016b9c02335', 0, '88846633-cb94-11ed-8c20-2016b9c02335', '88846633-cb94-11ed-8c20-2016b9c02335', NULL, 'field107', 'string', NULL, NULL, NULL, NULL, NULL, NULL, 'test', NULL, '2023-03-26 13:10:32.437', '2023-03-26 13:10:32.437');
INSERT INTO `act_hi_varinst` VALUES ('88852987-cb94-11ed-8c20-2016b9c02335', 0, '88846633-cb94-11ed-8c20-2016b9c02335', '88846633-cb94-11ed-8c20-2016b9c02335', NULL, 'field109', 'string', NULL, NULL, NULL, NULL, NULL, NULL, 'test', NULL, '2023-03-26 13:10:32.438', '2023-03-26 13:10:32.438');
INSERT INTO `act_hi_varinst` VALUES ('88852989-cb94-11ed-8c20-2016b9c02335', 0, '88846633-cb94-11ed-8c20-2016b9c02335', '88846633-cb94-11ed-8c20-2016b9c02335', NULL, 'field110', 'integer', NULL, NULL, NULL, NULL, NULL, 1, '1', NULL, '2023-03-26 13:10:32.438', '2023-03-26 13:10:32.438');
INSERT INTO `act_hi_varinst` VALUES ('8885298c-cb94-11ed-8c20-2016b9c02335', 0, '88846633-cb94-11ed-8c20-2016b9c02335', '88846633-cb94-11ed-8c20-2016b9c02335', NULL, 'field111', 'serializable', NULL, NULL, NULL, '8885298d-cb94-11ed-8c20-2016b9c02335', NULL, NULL, NULL, NULL, '2023-03-26 13:10:32.438', '2023-03-26 13:10:32.438');
INSERT INTO `act_hi_varinst` VALUES ('996c6709-cb94-11ed-8c20-2016b9c02335', 0, '996b7ca7-cb94-11ed-8c20-2016b9c02335', '996b7ca7-cb94-11ed-8c20-2016b9c02335', NULL, 'field105', 'string', NULL, NULL, NULL, NULL, NULL, NULL, '13:10:56', NULL, '2023-03-26 13:11:00.797', '2023-03-26 13:11:00.797');
INSERT INTO `act_hi_varinst` VALUES ('996c670b-cb94-11ed-8c20-2016b9c02335', 0, '996b7ca7-cb94-11ed-8c20-2016b9c02335', '996b7ca7-cb94-11ed-8c20-2016b9c02335', NULL, 'field102', 'string', NULL, NULL, NULL, NULL, NULL, NULL, '', NULL, '2023-03-26 13:11:00.797', '2023-03-26 13:11:00.797');
INSERT INTO `act_hi_varinst` VALUES ('996c670d-cb94-11ed-8c20-2016b9c02335', 0, '996b7ca7-cb94-11ed-8c20-2016b9c02335', '996b7ca7-cb94-11ed-8c20-2016b9c02335', NULL, 'field103', 'null', NULL, NULL, NULL, NULL, NULL, NULL, NULL, NULL, '2023-03-26 13:11:00.797', '2023-03-26 13:11:00.797');
INSERT INTO `act_hi_varinst` VALUES ('b8767eeb-2096-11ed-b609-3887d5e2c283', 0, 'b8745c09-2096-11ed-b609-3887d5e2c283', 'b8745c09-2096-11ed-b609-3887d5e2c283', NULL, 'field126', 'string', NULL, NULL, NULL, NULL, NULL, NULL, '222', NULL, '2022-08-20 22:45:23.031', '2022-08-20 22:45:23.031');
INSERT INTO `act_hi_varinst` VALUES ('b8767eed-2096-11ed-b609-3887d5e2c283', 0, 'b8745c09-2096-11ed-b609-3887d5e2c283', 'b8745c09-2096-11ed-b609-3887d5e2c283', NULL, 'field127', 'string', NULL, NULL, NULL, NULL, NULL, NULL, '222', NULL, '2022-08-20 22:45:23.031', '2022-08-20 22:45:23.031');
INSERT INTO `act_hi_varinst` VALUES ('b8767eef-2096-11ed-b609-3887d5e2c283', 0, 'b8745c09-2096-11ed-b609-3887d5e2c283', 'b8745c09-2096-11ed-b609-3887d5e2c283', NULL, 'field128', 'integer', NULL, NULL, NULL, NULL, NULL, 1, '1', NULL, '2022-08-20 22:45:23.031', '2022-08-20 22:45:23.031');
INSERT INTO `act_hi_varinst` VALUES ('bf11f803-c991-11ed-8a10-2016b9c02335', 0, 'bf0fd521-c991-11ed-8a10-2016b9c02335', 'bf0fd521-c991-11ed-8a10-2016b9c02335', NULL, 'day', 'long', NULL, NULL, NULL, NULL, NULL, 1, '1', NULL, '2023-03-23 23:45:33.145', '2023-03-23 23:45:33.145');
INSERT INTO `act_hi_varinst` VALUES ('da71a47c-2095-11ed-b609-3887d5e2c283', 0, 'da70e12a-2095-11ed-b609-3887d5e2c283', 'da70e12a-2095-11ed-b609-3887d5e2c283', NULL, 'field126', 'string', NULL, NULL, NULL, NULL, NULL, NULL, '111', NULL, '2022-08-20 22:39:10.545', '2022-08-20 22:39:10.545');
INSERT INTO `act_hi_varinst` VALUES ('da71a47e-2095-11ed-b609-3887d5e2c283', 0, 'da70e12a-2095-11ed-b609-3887d5e2c283', 'da70e12a-2095-11ed-b609-3887d5e2c283', NULL, 'field127', 'string', NULL, NULL, NULL, NULL, NULL, NULL, '111', NULL, '2022-08-20 22:39:10.545', '2022-08-20 22:39:10.545');
INSERT INTO `act_hi_varinst` VALUES ('da71cb90-2095-11ed-b609-3887d5e2c283', 0, 'da70e12a-2095-11ed-b609-3887d5e2c283', 'da70e12a-2095-11ed-b609-3887d5e2c283', NULL, 'field128', 'integer', NULL, NULL, NULL, NULL, NULL, 1, '1', NULL, '2022-08-20 22:39:10.546', '2022-08-20 22:39:10.546');
INSERT INTO `act_hi_varinst` VALUES ('df0d3892-ca0b-11ed-b90d-2016b9c02335', 0, 'df0c2720-ca0b-11ed-b90d-2016b9c02335', 'df0c2720-ca0b-11ed-b90d-2016b9c02335', NULL, 'day', 'long', NULL, NULL, NULL, NULL, NULL, 1, '1', NULL, '2023-03-24 14:19:45.399', '2023-03-24 14:19:45.399');
INSERT INTO `act_hi_varinst` VALUES ('e5a86f88-ca0d-11ed-b90d-2016b9c02335', 0, 'e596e355-ca0d-11ed-b90d-2016b9c02335', 'e596e355-ca0d-11ed-b90d-2016b9c02335', NULL, 'field115', 'serializable', NULL, NULL, NULL, 'e5a86f89-ca0d-11ed-b90d-2016b9c02335', NULL, NULL, NULL, NULL, '2023-03-24 14:34:15.476', '2023-03-24 14:34:15.476');
INSERT INTO `act_hi_varinst` VALUES ('e5a8969c-ca0d-11ed-b90d-2016b9c02335', 0, 'e596e355-ca0d-11ed-b90d-2016b9c02335', 'e596e355-ca0d-11ed-b90d-2016b9c02335', NULL, 'field104', 'integer', NULL, NULL, NULL, NULL, NULL, 2, '2', NULL, '2023-03-24 14:34:15.477', '2023-03-24 14:34:15.477');
INSERT INTO `act_hi_varinst` VALUES ('e5a8bdae-ca0d-11ed-b90d-2016b9c02335', 0, 'e596e355-ca0d-11ed-b90d-2016b9c02335', 'e596e355-ca0d-11ed-b90d-2016b9c02335', NULL, 'field105', 'string', NULL, NULL, NULL, NULL, NULL, NULL, '', NULL, '2023-03-24 14:34:15.478', '2023-03-24 14:34:15.478');
INSERT INTO `act_hi_varinst` VALUES ('e858feee-cbe1-11ed-a77c-2016b9c02335', 0, 'e855f1ac-cbe1-11ed-a77c-2016b9c02335', 'e855f1ac-cbe1-11ed-a77c-2016b9c02335', NULL, 'field105', 'string', NULL, NULL, NULL, NULL, NULL, NULL, '22:24:20', NULL, '2023-03-26 22:24:24.460', '2023-03-26 22:24:24.460');
INSERT INTO `act_hi_varinst` VALUES ('e8597420-cbe1-11ed-a77c-2016b9c02335', 0, 'e855f1ac-cbe1-11ed-a77c-2016b9c02335', 'e855f1ac-cbe1-11ed-a77c-2016b9c02335', NULL, 'field102', 'string', NULL, NULL, NULL, NULL, NULL, NULL, '', NULL, '2023-03-26 22:24:24.461', '2023-03-26 22:24:24.461');
INSERT INTO `act_hi_varinst` VALUES ('e8597422-cbe1-11ed-a77c-2016b9c02335', 0, 'e855f1ac-cbe1-11ed-a77c-2016b9c02335', 'e855f1ac-cbe1-11ed-a77c-2016b9c02335', NULL, 'field103', 'null', NULL, NULL, NULL, NULL, NULL, NULL, NULL, NULL, '2023-03-26 22:24:24.461', '2023-03-26 22:24:24.461');
INSERT INTO `act_hi_varinst` VALUES ('e9b77b26-283f-11ed-9000-3887d5e2c283', 0, 'e9b53134-283f-11ed-9000-3887d5e2c283', 'e9b53134-283f-11ed-9000-3887d5e2c283', NULL, 'field126', 'string', NULL, NULL, NULL, NULL, NULL, NULL, '123', NULL, '2022-08-30 16:44:08.753', '2022-08-30 16:44:08.753');
INSERT INTO `act_hi_varinst` VALUES ('e9b7c948-283f-11ed-9000-3887d5e2c283', 0, 'e9b53134-283f-11ed-9000-3887d5e2c283', 'e9b53134-283f-11ed-9000-3887d5e2c283', NULL, 'field127', 'string', NULL, NULL, NULL, NULL, NULL, NULL, '123', NULL, '2022-08-30 16:44:08.754', '2022-08-30 16:44:08.754');
INSERT INTO `act_hi_varinst` VALUES ('e9b7c94a-283f-11ed-9000-3887d5e2c283', 0, 'e9b53134-283f-11ed-9000-3887d5e2c283', 'e9b53134-283f-11ed-9000-3887d5e2c283', NULL, 'field128', 'integer', NULL, NULL, NULL, NULL, NULL, 1, '1', NULL, '2022-08-30 16:44:08.754', '2022-08-30 16:44:08.754');
INSERT INTO `act_hi_varinst` VALUES ('e9d54a46-cd5f-11ed-997c-2016b9c02335', 0, 'e9d152a4-cd5f-11ed-997c-2016b9c02335', 'e9d152a4-cd5f-11ed-997c-2016b9c02335', NULL, 'field107', 'string', NULL, NULL, NULL, NULL, NULL, NULL, '', NULL, '2023-03-28 19:58:54.705', '2023-03-28 19:58:54.705');
INSERT INTO `act_hi_varinst` VALUES ('e9d5e688-cd5f-11ed-997c-2016b9c02335', 0, 'e9d152a4-cd5f-11ed-997c-2016b9c02335', 'e9d152a4-cd5f-11ed-997c-2016b9c02335', NULL, 'field109', 'string', NULL, NULL, NULL, NULL, NULL, NULL, '', NULL, '2023-03-28 19:58:54.705', '2023-03-28 19:58:54.705');
INSERT INTO `act_hi_varinst` VALUES ('e9d5e68a-cd5f-11ed-997c-2016b9c02335', 0, 'e9d152a4-cd5f-11ed-997c-2016b9c02335', 'e9d152a4-cd5f-11ed-997c-2016b9c02335', NULL, 'field110', 'integer', NULL, NULL, NULL, NULL, NULL, 1, '1', NULL, '2023-03-28 19:58:54.706', '2023-03-28 19:58:54.706');
INSERT INTO `act_hi_varinst` VALUES ('e9d6f7fd-cd5f-11ed-997c-2016b9c02335', 0, 'e9d152a4-cd5f-11ed-997c-2016b9c02335', 'e9d152a4-cd5f-11ed-997c-2016b9c02335', NULL, 'field111', 'serializable', NULL, NULL, NULL, 'e9d71f0e-cd5f-11ed-997c-2016b9c02335', NULL, NULL, NULL, NULL, '2023-03-28 19:58:54.712', '2023-03-28 19:58:54.712');

-- ----------------------------
-- Table structure for act_id_bytearray
-- ----------------------------
DROP TABLE IF EXISTS `act_id_bytearray`;
CREATE TABLE `act_id_bytearray`  (
  `ID_` varchar(64) CHARACTER SET utf8 COLLATE utf8_bin NOT NULL,
  `REV_` int(11) NULL DEFAULT NULL,
  `NAME_` varchar(255) CHARACTER SET utf8 COLLATE utf8_bin NULL DEFAULT NULL,
  `BYTES_` longblob NULL,
  PRIMARY KEY (`ID_`) USING BTREE
) ENGINE = InnoDB CHARACTER SET = utf8 COLLATE = utf8_bin ROW_FORMAT = COMPACT;

-- ----------------------------
-- Records of act_id_bytearray
-- ----------------------------

-- ----------------------------
-- Table structure for act_id_group
-- ----------------------------
DROP TABLE IF EXISTS `act_id_group`;
CREATE TABLE `act_id_group`  (
  `ID_` varchar(64) CHARACTER SET utf8 COLLATE utf8_bin NOT NULL,
  `REV_` int(11) NULL DEFAULT NULL,
  `NAME_` varchar(255) CHARACTER SET utf8 COLLATE utf8_bin NULL DEFAULT NULL,
  `TYPE_` varchar(255) CHARACTER SET utf8 COLLATE utf8_bin NULL DEFAULT NULL,
  PRIMARY KEY (`ID_`) USING BTREE
) ENGINE = InnoDB CHARACTER SET = utf8 COLLATE = utf8_bin ROW_FORMAT = COMPACT;

-- ----------------------------
-- Records of act_id_group
-- ----------------------------

-- ----------------------------
-- Table structure for act_id_info
-- ----------------------------
DROP TABLE IF EXISTS `act_id_info`;
CREATE TABLE `act_id_info`  (
  `ID_` varchar(64) CHARACTER SET utf8 COLLATE utf8_bin NOT NULL,
  `REV_` int(11) NULL DEFAULT NULL,
  `USER_ID_` varchar(64) CHARACTER SET utf8 COLLATE utf8_bin NULL DEFAULT NULL,
  `TYPE_` varchar(64) CHARACTER SET utf8 COLLATE utf8_bin NULL DEFAULT NULL,
  `KEY_` varchar(255) CHARACTER SET utf8 COLLATE utf8_bin NULL DEFAULT NULL,
  `VALUE_` varchar(255) CHARACTER SET utf8 COLLATE utf8_bin NULL DEFAULT NULL,
  `PASSWORD_` longblob NULL,
  `PARENT_ID_` varchar(255) CHARACTER SET utf8 COLLATE utf8_bin NULL DEFAULT NULL,
  PRIMARY KEY (`ID_`) USING BTREE
) ENGINE = InnoDB CHARACTER SET = utf8 COLLATE = utf8_bin ROW_FORMAT = COMPACT;

-- ----------------------------
-- Records of act_id_info
-- ----------------------------

-- ----------------------------
-- Table structure for act_id_membership
-- ----------------------------
DROP TABLE IF EXISTS `act_id_membership`;
CREATE TABLE `act_id_membership`  (
  `USER_ID_` varchar(64) CHARACTER SET utf8 COLLATE utf8_bin NOT NULL,
  `GROUP_ID_` varchar(64) CHARACTER SET utf8 COLLATE utf8_bin NOT NULL,
  PRIMARY KEY (`USER_ID_`, `GROUP_ID_`) USING BTREE,
  INDEX `ACT_FK_MEMB_GROUP`(`GROUP_ID_`) USING BTREE,
  CONSTRAINT `ACT_FK_MEMB_GROUP` FOREIGN KEY (`GROUP_ID_`) REFERENCES `act_id_group` (`ID_`) ON DELETE RESTRICT ON UPDATE RESTRICT,
  CONSTRAINT `ACT_FK_MEMB_USER` FOREIGN KEY (`USER_ID_`) REFERENCES `act_id_user` (`ID_`) ON DELETE RESTRICT ON UPDATE RESTRICT
) ENGINE = InnoDB CHARACTER SET = utf8 COLLATE = utf8_bin ROW_FORMAT = COMPACT;

-- ----------------------------
-- Records of act_id_membership
-- ----------------------------

-- ----------------------------
-- Table structure for act_id_priv
-- ----------------------------
DROP TABLE IF EXISTS `act_id_priv`;
CREATE TABLE `act_id_priv`  (
  `ID_` varchar(64) CHARACTER SET utf8 COLLATE utf8_bin NOT NULL,
  `NAME_` varchar(255) CHARACTER SET utf8 COLLATE utf8_bin NOT NULL,
  PRIMARY KEY (`ID_`) USING BTREE,
  UNIQUE INDEX `ACT_UNIQ_PRIV_NAME`(`NAME_`) USING BTREE
) ENGINE = InnoDB CHARACTER SET = utf8 COLLATE = utf8_bin ROW_FORMAT = COMPACT;

-- ----------------------------
-- Records of act_id_priv
-- ----------------------------

-- ----------------------------
-- Table structure for act_id_priv_mapping
-- ----------------------------
DROP TABLE IF EXISTS `act_id_priv_mapping`;
CREATE TABLE `act_id_priv_mapping`  (
  `ID_` varchar(64) CHARACTER SET utf8 COLLATE utf8_bin NOT NULL,
  `PRIV_ID_` varchar(64) CHARACTER SET utf8 COLLATE utf8_bin NOT NULL,
  `USER_ID_` varchar(255) CHARACTER SET utf8 COLLATE utf8_bin NULL DEFAULT NULL,
  `GROUP_ID_` varchar(255) CHARACTER SET utf8 COLLATE utf8_bin NULL DEFAULT NULL,
  PRIMARY KEY (`ID_`) USING BTREE,
  INDEX `ACT_FK_PRIV_MAPPING`(`PRIV_ID_`) USING BTREE,
  INDEX `ACT_IDX_PRIV_USER`(`USER_ID_`) USING BTREE,
  INDEX `ACT_IDX_PRIV_GROUP`(`GROUP_ID_`) USING BTREE,
  CONSTRAINT `ACT_FK_PRIV_MAPPING` FOREIGN KEY (`PRIV_ID_`) REFERENCES `act_id_priv` (`ID_`) ON DELETE RESTRICT ON UPDATE RESTRICT
) ENGINE = InnoDB CHARACTER SET = utf8 COLLATE = utf8_bin ROW_FORMAT = COMPACT;

-- ----------------------------
-- Records of act_id_priv_mapping
-- ----------------------------

-- ----------------------------
-- Table structure for act_id_property
-- ----------------------------
DROP TABLE IF EXISTS `act_id_property`;
CREATE TABLE `act_id_property`  (
  `NAME_` varchar(64) CHARACTER SET utf8 COLLATE utf8_bin NOT NULL,
  `VALUE_` varchar(300) CHARACTER SET utf8 COLLATE utf8_bin NULL DEFAULT NULL,
  `REV_` int(11) NULL DEFAULT NULL,
  PRIMARY KEY (`NAME_`) USING BTREE
) ENGINE = InnoDB CHARACTER SET = utf8 COLLATE = utf8_bin ROW_FORMAT = COMPACT;

-- ----------------------------
-- Records of act_id_property
-- ----------------------------
INSERT INTO `act_id_property` VALUES ('schema.version', '6.7.2.0', 1);

-- ----------------------------
-- Table structure for act_id_token
-- ----------------------------
DROP TABLE IF EXISTS `act_id_token`;
CREATE TABLE `act_id_token`  (
  `ID_` varchar(64) CHARACTER SET utf8 COLLATE utf8_bin NOT NULL,
  `REV_` int(11) NULL DEFAULT NULL,
  `TOKEN_VALUE_` varchar(255) CHARACTER SET utf8 COLLATE utf8_bin NULL DEFAULT NULL,
  `TOKEN_DATE_` timestamp(3) NULL DEFAULT NULL,
  `IP_ADDRESS_` varchar(255) CHARACTER SET utf8 COLLATE utf8_bin NULL DEFAULT NULL,
  `USER_AGENT_` varchar(255) CHARACTER SET utf8 COLLATE utf8_bin NULL DEFAULT NULL,
  `USER_ID_` varchar(255) CHARACTER SET utf8 COLLATE utf8_bin NULL DEFAULT NULL,
  `TOKEN_DATA_` varchar(2000) CHARACTER SET utf8 COLLATE utf8_bin NULL DEFAULT NULL,
  PRIMARY KEY (`ID_`) USING BTREE
) ENGINE = InnoDB CHARACTER SET = utf8 COLLATE = utf8_bin ROW_FORMAT = COMPACT;

-- ----------------------------
-- Records of act_id_token
-- ----------------------------

-- ----------------------------
-- Table structure for act_id_user
-- ----------------------------
DROP TABLE IF EXISTS `act_id_user`;
CREATE TABLE `act_id_user`  (
  `ID_` varchar(64) CHARACTER SET utf8 COLLATE utf8_bin NOT NULL,
  `REV_` int(11) NULL DEFAULT NULL,
  `FIRST_` varchar(255) CHARACTER SET utf8 COLLATE utf8_bin NULL DEFAULT NULL,
  `LAST_` varchar(255) CHARACTER SET utf8 COLLATE utf8_bin NULL DEFAULT NULL,
  `DISPLAY_NAME_` varchar(255) CHARACTER SET utf8 COLLATE utf8_bin NULL DEFAULT NULL,
  `EMAIL_` varchar(255) CHARACTER SET utf8 COLLATE utf8_bin NULL DEFAULT NULL,
  `PWD_` varchar(255) CHARACTER SET utf8 COLLATE utf8_bin NULL DEFAULT NULL,
  `PICTURE_ID_` varchar(64) CHARACTER SET utf8 COLLATE utf8_bin NULL DEFAULT NULL,
  `TENANT_ID_` varchar(255) CHARACTER SET utf8 COLLATE utf8_bin NULL DEFAULT '',
  PRIMARY KEY (`ID_`) USING BTREE
) ENGINE = InnoDB CHARACTER SET = utf8 COLLATE = utf8_bin ROW_FORMAT = COMPACT;

-- ----------------------------
-- Records of act_id_user
-- ----------------------------

-- ----------------------------
-- Table structure for act_procdef_info
-- ----------------------------
DROP TABLE IF EXISTS `act_procdef_info`;
CREATE TABLE `act_procdef_info`  (
  `ID_` varchar(64) CHARACTER SET utf8 COLLATE utf8_bin NOT NULL,
  `PROC_DEF_ID_` varchar(64) CHARACTER SET utf8 COLLATE utf8_bin NOT NULL,
  `REV_` int(11) NULL DEFAULT NULL,
  `INFO_JSON_ID_` varchar(64) CHARACTER SET utf8 COLLATE utf8_bin NULL DEFAULT NULL,
  PRIMARY KEY (`ID_`) USING BTREE,
  UNIQUE INDEX `ACT_UNIQ_INFO_PROCDEF`(`PROC_DEF_ID_`) USING BTREE,
  INDEX `ACT_IDX_INFO_PROCDEF`(`PROC_DEF_ID_`) USING BTREE,
  INDEX `ACT_FK_INFO_JSON_BA`(`INFO_JSON_ID_`) USING BTREE,
  CONSTRAINT `ACT_FK_INFO_JSON_BA` FOREIGN KEY (`INFO_JSON_ID_`) REFERENCES `act_ge_bytearray` (`ID_`) ON DELETE RESTRICT ON UPDATE RESTRICT,
  CONSTRAINT `ACT_FK_INFO_PROCDEF` FOREIGN KEY (`PROC_DEF_ID_`) REFERENCES `act_re_procdef` (`ID_`) ON DELETE RESTRICT ON UPDATE RESTRICT
) ENGINE = InnoDB CHARACTER SET = utf8 COLLATE = utf8_bin ROW_FORMAT = COMPACT;

-- ----------------------------
-- Records of act_procdef_info
-- ----------------------------

-- ----------------------------
-- Table structure for act_re_deployment
-- ----------------------------
DROP TABLE IF EXISTS `act_re_deployment`;
CREATE TABLE `act_re_deployment`  (
  `ID_` varchar(64) CHARACTER SET utf8 COLLATE utf8_bin NOT NULL,
  `NAME_` varchar(255) CHARACTER SET utf8 COLLATE utf8_bin NULL DEFAULT NULL,
  `CATEGORY_` varchar(255) CHARACTER SET utf8 COLLATE utf8_bin NULL DEFAULT NULL,
  `KEY_` varchar(255) CHARACTER SET utf8 COLLATE utf8_bin NULL DEFAULT NULL,
  `TENANT_ID_` varchar(255) CHARACTER SET utf8 COLLATE utf8_bin NULL DEFAULT '',
  `DEPLOY_TIME_` timestamp(3) NULL DEFAULT NULL,
  `DERIVED_FROM_` varchar(64) CHARACTER SET utf8 COLLATE utf8_bin NULL DEFAULT NULL,
  `DERIVED_FROM_ROOT_` varchar(64) CHARACTER SET utf8 COLLATE utf8_bin NULL DEFAULT NULL,
  `PARENT_DEPLOYMENT_ID_` varchar(255) CHARACTER SET utf8 COLLATE utf8_bin NULL DEFAULT NULL,
  `ENGINE_VERSION_` varchar(255) CHARACTER SET utf8 COLLATE utf8_bin NULL DEFAULT NULL,
  PRIMARY KEY (`ID_`) USING BTREE
) ENGINE = InnoDB CHARACTER SET = utf8 COLLATE = utf8_bin ROW_FORMAT = COMPACT;

-- ----------------------------
-- Records of act_re_deployment
-- ----------------------------
INSERT INTO `act_re_deployment` VALUES ('035a3c89-1ec1-11ed-af71-3887d5e2c283', '', '2', 'leave', '', '2022-08-18 14:43:05.212', NULL, NULL, '035a3c89-1ec1-11ed-af71-3887d5e2c283', NULL);
INSERT INTO `act_re_deployment` VALUES ('1a9cdcb7-ca2d-11ed-9c60-2016b9c02335', '', '2', 'repair', '', '2023-03-24 18:17:38.718', NULL, NULL, '1a9cdcb7-ca2d-11ed-9c60-2016b9c02335', NULL);
INSERT INTO `act_re_deployment` VALUES ('1c55b25b-cb94-11ed-8c20-2016b9c02335', '', '2', 'check_in', '', '2023-03-26 13:07:30.933', NULL, NULL, '1c55b25b-cb94-11ed-8c20-2016b9c02335', NULL);
INSERT INTO `act_re_deployment` VALUES ('456e0a6f-ca2a-11ed-9c60-2016b9c02335', '', '2', 'sign', '', '2023-03-24 17:57:22.063', NULL, NULL, '456e0a6f-ca2a-11ed-9c60-2016b9c02335', NULL);
INSERT INTO `act_re_deployment` VALUES ('5575286b-ca27-11ed-9c60-2016b9c02335', '', '2', 'sign', '', '2023-03-24 17:36:20.463', NULL, NULL, '5575286b-ca27-11ed-9c60-2016b9c02335', NULL);
INSERT INTO `act_re_deployment` VALUES ('8c7a3653-ca2a-11ed-9c60-2016b9c02335', '', '2', 'sign', '', '2023-03-24 17:59:21.261', NULL, NULL, '8c7a3653-ca2a-11ed-9c60-2016b9c02335', NULL);
INSERT INTO `act_re_deployment` VALUES ('b0dad1e7-ca23-11ed-9c60-2016b9c02335', '', '2', 'sign', '', '2023-03-24 17:10:15.815', NULL, NULL, 'b0dad1e7-ca23-11ed-9c60-2016b9c02335', NULL);
INSERT INTO `act_re_deployment` VALUES ('b541c9d0-cb90-11ed-aa70-2016b9c02335', '', '2', 'repair', '', '2023-03-26 12:43:09.507', NULL, NULL, 'b541c9d0-cb90-11ed-aa70-2016b9c02335', NULL);
INSERT INTO `act_re_deployment` VALUES ('b683bfb4-cb90-11ed-aa70-2016b9c02335', '', '2', 'leave', '', '2023-03-26 12:43:11.617', NULL, NULL, 'b683bfb4-cb90-11ed-aa70-2016b9c02335', NULL);
INSERT INTO `act_re_deployment` VALUES ('d950f361-ca0d-11ed-b90d-2016b9c02335', '', '2', 'leave', '', '2023-03-24 14:33:54.770', NULL, NULL, 'd950f361-ca0d-11ed-b90d-2016b9c02335', NULL);
INSERT INTO `act_re_deployment` VALUES ('e61a9724-ca2b-11ed-9c60-2016b9c02335', '', '2', 'sign', '', '2023-03-24 18:09:01.126', NULL, NULL, 'e61a9724-ca2b-11ed-9c60-2016b9c02335', NULL);
INSERT INTO `act_re_deployment` VALUES ('ee136954-ca2a-11ed-9c60-2016b9c02335', '', '2', 'sign', '', '2023-03-24 18:02:05.004', NULL, NULL, 'ee136954-ca2a-11ed-9c60-2016b9c02335', NULL);
INSERT INTO `act_re_deployment` VALUES ('f46b4d81-ca0a-11ed-b90d-2016b9c02335', '', '2', 'leave', '', '2023-03-24 14:13:11.751', NULL, NULL, 'f46b4d81-ca0a-11ed-b90d-2016b9c02335', NULL);
INSERT INTO `act_re_deployment` VALUES ('f4bc5f4c-c991-11ed-8a10-2016b9c02335', '', '2', 'leave', '', '2023-03-23 23:47:03.178', NULL, NULL, 'f4bc5f4c-c991-11ed-8a10-2016b9c02335', NULL);
INSERT INTO `act_re_deployment` VALUES ('f505144d-1ec3-11ed-af71-3887d5e2c283', '', '2', 'leave', '', '2022-08-18 15:04:09.655', NULL, NULL, 'f505144d-1ec3-11ed-af71-3887d5e2c283', NULL);

-- ----------------------------
-- Table structure for act_re_model
-- ----------------------------
DROP TABLE IF EXISTS `act_re_model`;
CREATE TABLE `act_re_model`  (
  `ID_` varchar(64) CHARACTER SET utf8 COLLATE utf8_bin NOT NULL,
  `REV_` int(11) NULL DEFAULT NULL,
  `NAME_` varchar(255) CHARACTER SET utf8 COLLATE utf8_bin NULL DEFAULT NULL,
  `KEY_` varchar(255) CHARACTER SET utf8 COLLATE utf8_bin NULL DEFAULT NULL,
  `CATEGORY_` varchar(255) CHARACTER SET utf8 COLLATE utf8_bin NULL DEFAULT NULL,
  `CREATE_TIME_` timestamp(3) NULL DEFAULT NULL,
  `LAST_UPDATE_TIME_` timestamp(3) NULL DEFAULT NULL,
  `VERSION_` int(11) NULL DEFAULT NULL,
  `META_INFO_` varchar(4000) CHARACTER SET utf8 COLLATE utf8_bin NULL DEFAULT NULL,
  `DEPLOYMENT_ID_` varchar(64) CHARACTER SET utf8 COLLATE utf8_bin NULL DEFAULT NULL,
  `EDITOR_SOURCE_VALUE_ID_` varchar(64) CHARACTER SET utf8 COLLATE utf8_bin NULL DEFAULT NULL,
  `EDITOR_SOURCE_EXTRA_VALUE_ID_` varchar(64) CHARACTER SET utf8 COLLATE utf8_bin NULL DEFAULT NULL,
  `TENANT_ID_` varchar(255) CHARACTER SET utf8 COLLATE utf8_bin NULL DEFAULT '',
  PRIMARY KEY (`ID_`) USING BTREE,
  INDEX `ACT_FK_MODEL_SOURCE`(`EDITOR_SOURCE_VALUE_ID_`) USING BTREE,
  INDEX `ACT_FK_MODEL_SOURCE_EXTRA`(`EDITOR_SOURCE_EXTRA_VALUE_ID_`) USING BTREE,
  INDEX `ACT_FK_MODEL_DEPLOYMENT`(`DEPLOYMENT_ID_`) USING BTREE,
  CONSTRAINT `ACT_FK_MODEL_DEPLOYMENT` FOREIGN KEY (`DEPLOYMENT_ID_`) REFERENCES `act_re_deployment` (`ID_`) ON DELETE RESTRICT ON UPDATE RESTRICT,
  CONSTRAINT `ACT_FK_MODEL_SOURCE` FOREIGN KEY (`EDITOR_SOURCE_VALUE_ID_`) REFERENCES `act_ge_bytearray` (`ID_`) ON DELETE RESTRICT ON UPDATE RESTRICT,
  CONSTRAINT `ACT_FK_MODEL_SOURCE_EXTRA` FOREIGN KEY (`EDITOR_SOURCE_EXTRA_VALUE_ID_`) REFERENCES `act_ge_bytearray` (`ID_`) ON DELETE RESTRICT ON UPDATE RESTRICT
) ENGINE = InnoDB CHARACTER SET = utf8 COLLATE = utf8_bin ROW_FORMAT = COMPACT;

-- ----------------------------
-- Records of act_re_model
-- ----------------------------
INSERT INTO `act_re_model` VALUES ('b7f573fb-cbe1-11ed-a77c-2016b9c02335', 1, 'test', 'test', NULL, '2023-03-26 22:23:03.275', '2023-03-26 22:23:03.275', 1, '{\"description\":\"test\",\"formType\":null,\"formId\":null,\"formCustomCreatePath\":null,\"formCustomViewPath\":null}', NULL, NULL, NULL, '');
INSERT INTO `act_re_model` VALUES ('c182240f-2138-11ed-89a5-3887d5e2c283', 14, '', 'sign', '2', '2022-08-21 18:05:16.677', '2023-03-24 18:09:01.374', 1, '{\"description\":\"\",\"formType\":10,\"formId\":4,\"formCustomCreatePath\":null,\"formCustomViewPath\":null}', 'e61a9724-ca2b-11ed-9c60-2016b9c02335', 'dc1417b0-2139-11ed-89a5-3887d5e2c283', NULL, '');
INSERT INTO `act_re_model` VALUES ('c39ea8d5-ca2c-11ed-9c60-2016b9c02335', 7, '', 'repair', '2', '2023-03-24 18:15:12.768', '2023-03-26 12:43:10.249', 1, '{\"description\":\"\",\"formType\":10,\"formId\":4,\"formCustomCreatePath\":null,\"formCustomViewPath\":null}', 'b541c9d0-cb90-11ed-aa70-2016b9c02335', 'f3d4e236-ca2c-11ed-9c60-2016b9c02335', NULL, '');
INSERT INTO `act_re_model` VALUES ('c777c669-cb93-11ed-8c20-2016b9c02335', 5, '', 'check_in', '2', '2023-03-26 13:05:08.550', '2023-03-26 13:07:31.599', 1, '{\"description\":\"\",\"formType\":10,\"formId\":5,\"formCustomCreatePath\":null,\"formCustomViewPath\":null}', '1c55b25b-cb94-11ed-8c20-2016b9c02335', 'fc6c241a-cb93-11ed-8c20-2016b9c02335', NULL, '');
INSERT INTO `act_re_model` VALUES ('e05bc4b6-1ea9-11ed-94d4-3887d5e2c283', 16, '', 'leave', '2', '2022-08-18 11:57:28.077', '2023-03-26 12:43:11.766', 1, '{\"description\":\"\",\"formType\":10,\"formId\":3,\"formCustomCreatePath\":null,\"formCustomViewPath\":null}', 'b683bfb4-cb90-11ed-aa70-2016b9c02335', '7c1f1aa7-1eaa-11ed-94d4-3887d5e2c283', NULL, '');

-- ----------------------------
-- Table structure for act_re_procdef
-- ----------------------------
DROP TABLE IF EXISTS `act_re_procdef`;
CREATE TABLE `act_re_procdef`  (
  `ID_` varchar(64) CHARACTER SET utf8 COLLATE utf8_bin NOT NULL,
  `REV_` int(11) NULL DEFAULT NULL,
  `CATEGORY_` varchar(255) CHARACTER SET utf8 COLLATE utf8_bin NULL DEFAULT NULL,
  `NAME_` varchar(255) CHARACTER SET utf8 COLLATE utf8_bin NULL DEFAULT NULL,
  `KEY_` varchar(255) CHARACTER SET utf8 COLLATE utf8_bin NOT NULL,
  `VERSION_` int(11) NOT NULL,
  `DEPLOYMENT_ID_` varchar(64) CHARACTER SET utf8 COLLATE utf8_bin NULL DEFAULT NULL,
  `RESOURCE_NAME_` varchar(4000) CHARACTER SET utf8 COLLATE utf8_bin NULL DEFAULT NULL,
  `DGRM_RESOURCE_NAME_` varchar(4000) CHARACTER SET utf8 COLLATE utf8_bin NULL DEFAULT NULL,
  `DESCRIPTION_` varchar(4000) CHARACTER SET utf8 COLLATE utf8_bin NULL DEFAULT NULL,
  `HAS_START_FORM_KEY_` tinyint(4) NULL DEFAULT NULL,
  `HAS_GRAPHICAL_NOTATION_` tinyint(4) NULL DEFAULT NULL,
  `SUSPENSION_STATE_` int(11) NULL DEFAULT NULL,
  `TENANT_ID_` varchar(255) CHARACTER SET utf8 COLLATE utf8_bin NULL DEFAULT '',
  `ENGINE_VERSION_` varchar(255) CHARACTER SET utf8 COLLATE utf8_bin NULL DEFAULT NULL,
  `DERIVED_FROM_` varchar(64) CHARACTER SET utf8 COLLATE utf8_bin NULL DEFAULT NULL,
  `DERIVED_FROM_ROOT_` varchar(64) CHARACTER SET utf8 COLLATE utf8_bin NULL DEFAULT NULL,
  `DERIVED_VERSION_` int(11) NOT NULL DEFAULT 0,
  PRIMARY KEY (`ID_`) USING BTREE,
  UNIQUE INDEX `ACT_UNIQ_PROCDEF`(`KEY_`, `VERSION_`, `DERIVED_VERSION_`, `TENANT_ID_`) USING BTREE
) ENGINE = InnoDB CHARACTER SET = utf8 COLLATE = utf8_bin ROW_FORMAT = COMPACT;

-- ----------------------------
-- Records of act_re_procdef
-- ----------------------------
INSERT INTO `act_re_procdef` VALUES ('check_in:1:1c85c30e-cb94-11ed-8c20-2016b9c02335', 2, '2', '', 'check_in', 1, '1c55b25b-cb94-11ed-8c20-2016b9c02335', 'check_in.bpmn', 'check_in.check_in.png', NULL, 0, 1, 1, '', NULL, NULL, NULL, 0);
INSERT INTO `act_re_procdef` VALUES ('leave:1:0385442c-1ec1-11ed-af71-3887d5e2c283', 5, '2', '', 'leave', 1, '035a3c89-1ec1-11ed-af71-3887d5e2c283', 'leave.bpmn', 'leave.leave.png', NULL, 0, 1, 2, '', NULL, NULL, NULL, 0);
INSERT INTO `act_re_procdef` VALUES ('leave:2:f519d4d0-1ec3-11ed-af71-3887d5e2c283', 3, '2', '', 'leave', 2, 'f505144d-1ec3-11ed-af71-3887d5e2c283', 'leave.bpmn', 'leave.leave.png', NULL, 0, 1, 2, '', NULL, NULL, NULL, 0);
INSERT INTO `act_re_procdef` VALUES ('leave:3:f4e718cf-c991-11ed-8a10-2016b9c02335', 3, '2', '', 'leave', 3, 'f4bc5f4c-c991-11ed-8a10-2016b9c02335', 'leave.bpmn', 'leave.leave.png', NULL, 0, 1, 2, '', NULL, NULL, NULL, 0);
INSERT INTO `act_re_procdef` VALUES ('leave:4:f49b5e34-ca0a-11ed-b90d-2016b9c02335', 3, '2', '', 'leave', 4, 'f46b4d81-ca0a-11ed-b90d-2016b9c02335', 'leave.bpmn', 'leave.leave.png', NULL, 0, 1, 2, '', NULL, NULL, NULL, 0);
INSERT INTO `act_re_procdef` VALUES ('leave:5:d96565c4-ca0d-11ed-b90d-2016b9c02335', 3, '2', '', 'leave', 5, 'd950f361-ca0d-11ed-b90d-2016b9c02335', 'leave.bpmn', 'leave.leave.png', NULL, 0, 1, 2, '', NULL, NULL, NULL, 0);
INSERT INTO `act_re_procdef` VALUES ('leave:6:b696d287-cb90-11ed-aa70-2016b9c02335', 2, '2', '', 'leave', 6, 'b683bfb4-cb90-11ed-aa70-2016b9c02335', 'leave.bpmn', 'leave.leave.png', NULL, 0, 1, 1, '', NULL, NULL, NULL, 0);
INSERT INTO `act_re_procdef` VALUES ('repair:1:1ab2d5ba-ca2d-11ed-9c60-2016b9c02335', 3, '2', '', 'repair', 1, '1a9cdcb7-ca2d-11ed-9c60-2016b9c02335', 'repair.bpmn', 'repair.repair.png', NULL, 0, 1, 2, '', NULL, NULL, NULL, 0);
INSERT INTO `act_re_procdef` VALUES ('repair:2:b58c1943-cb90-11ed-aa70-2016b9c02335', 2, '2', '', 'repair', 2, 'b541c9d0-cb90-11ed-aa70-2016b9c02335', 'repair.bpmn', 'repair.repair.png', NULL, 0, 1, 1, '', NULL, NULL, NULL, 0);
INSERT INTO `act_re_procdef` VALUES ('sign:1:b10eb32a-ca23-11ed-9c60-2016b9c02335', 3, '2', '', 'sign', 1, 'b0dad1e7-ca23-11ed-9c60-2016b9c02335', 'sign.bpmn', 'sign.sign.png', NULL, 0, 1, 2, '', NULL, NULL, NULL, 0);
INSERT INTO `act_re_procdef` VALUES ('sign:2:558f672e-ca27-11ed-9c60-2016b9c02335', 3, '2', '', 'sign', 2, '5575286b-ca27-11ed-9c60-2016b9c02335', 'sign.bpmn', 'sign.sign.png', NULL, 0, 1, 2, '', NULL, NULL, NULL, 0);
INSERT INTO `act_re_procdef` VALUES ('sign:3:4581e092-ca2a-11ed-9c60-2016b9c02335', 3, '2', '', 'sign', 3, '456e0a6f-ca2a-11ed-9c60-2016b9c02335', 'sign.bpmn', 'sign.sign.png', NULL, 0, 1, 2, '', NULL, NULL, NULL, 0);
INSERT INTO `act_re_procdef` VALUES ('sign:4:8c8e0c76-ca2a-11ed-9c60-2016b9c02335', 3, '2', '', 'sign', 4, '8c7a3653-ca2a-11ed-9c60-2016b9c02335', 'sign.bpmn', 'sign.sign.png', NULL, 0, 1, 2, '', NULL, NULL, NULL, 0);
INSERT INTO `act_re_procdef` VALUES ('sign:5:ee243237-ca2a-11ed-9c60-2016b9c02335', 3, '2', '', 'sign', 5, 'ee136954-ca2a-11ed-9c60-2016b9c02335', 'sign.bpmn', 'sign.sign.png', NULL, 0, 1, 2, '', NULL, NULL, NULL, 0);
INSERT INTO `act_re_procdef` VALUES ('sign:6:e62a75a7-ca2b-11ed-9c60-2016b9c02335', 3, '2', '', 'sign', 6, 'e61a9724-ca2b-11ed-9c60-2016b9c02335', 'sign.bpmn', 'sign.sign.png', NULL, 0, 1, 2, '', NULL, NULL, NULL, 0);

-- ----------------------------
-- Table structure for act_ru_actinst
-- ----------------------------
DROP TABLE IF EXISTS `act_ru_actinst`;
CREATE TABLE `act_ru_actinst`  (
  `ID_` varchar(64) CHARACTER SET utf8 COLLATE utf8_bin NOT NULL,
  `REV_` int(11) NULL DEFAULT 1,
  `PROC_DEF_ID_` varchar(64) CHARACTER SET utf8 COLLATE utf8_bin NOT NULL,
  `PROC_INST_ID_` varchar(64) CHARACTER SET utf8 COLLATE utf8_bin NOT NULL,
  `EXECUTION_ID_` varchar(64) CHARACTER SET utf8 COLLATE utf8_bin NOT NULL,
  `ACT_ID_` varchar(255) CHARACTER SET utf8 COLLATE utf8_bin NOT NULL,
  `TASK_ID_` varchar(64) CHARACTER SET utf8 COLLATE utf8_bin NULL DEFAULT NULL,
  `CALL_PROC_INST_ID_` varchar(64) CHARACTER SET utf8 COLLATE utf8_bin NULL DEFAULT NULL,
  `ACT_NAME_` varchar(255) CHARACTER SET utf8 COLLATE utf8_bin NULL DEFAULT NULL,
  `ACT_TYPE_` varchar(255) CHARACTER SET utf8 COLLATE utf8_bin NOT NULL,
  `ASSIGNEE_` varchar(255) CHARACTER SET utf8 COLLATE utf8_bin NULL DEFAULT NULL,
  `START_TIME_` datetime(3) NOT NULL,
  `END_TIME_` datetime(3) NULL DEFAULT NULL,
  `DURATION_` bigint(20) NULL DEFAULT NULL,
  `TRANSACTION_ORDER_` int(11) NULL DEFAULT NULL,
  `DELETE_REASON_` varchar(4000) CHARACTER SET utf8 COLLATE utf8_bin NULL DEFAULT NULL,
  `TENANT_ID_` varchar(255) CHARACTER SET utf8 COLLATE utf8_bin NULL DEFAULT '',
  PRIMARY KEY (`ID_`) USING BTREE,
  INDEX `ACT_IDX_RU_ACTI_START`(`START_TIME_`) USING BTREE,
  INDEX `ACT_IDX_RU_ACTI_END`(`END_TIME_`) USING BTREE,
  INDEX `ACT_IDX_RU_ACTI_PROC`(`PROC_INST_ID_`) USING BTREE,
  INDEX `ACT_IDX_RU_ACTI_PROC_ACT`(`PROC_INST_ID_`, `ACT_ID_`) USING BTREE,
  INDEX `ACT_IDX_RU_ACTI_EXEC`(`EXECUTION_ID_`) USING BTREE,
  INDEX `ACT_IDX_RU_ACTI_EXEC_ACT`(`EXECUTION_ID_`, `ACT_ID_`) USING BTREE,
  INDEX `ACT_IDX_RU_ACTI_TASK`(`TASK_ID_`) USING BTREE
) ENGINE = InnoDB CHARACTER SET = utf8 COLLATE = utf8_bin ROW_FORMAT = COMPACT;

-- ----------------------------
-- Records of act_ru_actinst
-- ----------------------------
INSERT INTO `act_ru_actinst` VALUES ('0a260e61-2097-11ed-b609-3887d5e2c283', 1, 'leave:2:f519d4d0-1ec3-11ed-af71-3887d5e2c283', '0a24aec8-2097-11ed-b609-3887d5e2c283', '0a260e60-2097-11ed-b609-3887d5e2c283', 'Event_1u2autv', NULL, NULL, NULL, 'startEvent', NULL, '2022-08-20 22:47:40.077', '2022-08-20 22:47:40.077', 0, 1, NULL, '');
INSERT INTO `act_ru_actinst` VALUES ('0a260e62-2097-11ed-b609-3887d5e2c283', 1, 'leave:2:f519d4d0-1ec3-11ed-af71-3887d5e2c283', '0a24aec8-2097-11ed-b609-3887d5e2c283', '0a260e60-2097-11ed-b609-3887d5e2c283', 'Flow_1cxox84', NULL, NULL, NULL, 'sequenceFlow', NULL, '2022-08-20 22:47:40.077', '2022-08-20 22:47:40.077', 0, 2, NULL, '');
INSERT INTO `act_ru_actinst` VALUES ('0a260e63-2097-11ed-b609-3887d5e2c283', 1, 'leave:2:f519d4d0-1ec3-11ed-af71-3887d5e2c283', '0a24aec8-2097-11ed-b609-3887d5e2c283', '0a260e60-2097-11ed-b609-3887d5e2c283', 'Activity_0gcxdwu', '0a263574-2097-11ed-b609-3887d5e2c283', NULL, '', 'userTask', '2', '2022-08-20 22:47:40.077', NULL, NULL, 3, NULL, '');
INSERT INTO `act_ru_actinst` VALUES ('26d61eb4-2843-11ed-9000-3887d5e2c283', 1, 'leave:2:f519d4d0-1ec3-11ed-af71-3887d5e2c283', 'e9b53134-283f-11ed-9000-3887d5e2c283', 'e9b7f05c-283f-11ed-9000-3887d5e2c283', 'Flow_1yk1dsj', NULL, NULL, NULL, 'sequenceFlow', NULL, '2022-08-30 17:07:19.784', '2022-08-30 17:07:19.784', 0, 1, NULL, '');
INSERT INTO `act_ru_actinst` VALUES ('26d645c5-2843-11ed-9000-3887d5e2c283', 1, 'leave:2:f519d4d0-1ec3-11ed-af71-3887d5e2c283', 'e9b53134-283f-11ed-9000-3887d5e2c283', 'e9b7f05c-283f-11ed-9000-3887d5e2c283', 'Activity_13uq05m', '26d645c6-2843-11ed-9000-3887d5e2c283', NULL, '', 'userTask', '4', '2022-08-30 17:07:19.785', NULL, NULL, 2, NULL, '');
INSERT INTO `act_ru_actinst` VALUES ('31b44760-ca0c-11ed-b90d-2016b9c02335', 1, 'leave:4:f49b5e34-ca0a-11ed-b90d-2016b9c02335', '31b3ab1b-ca0c-11ed-b90d-2016b9c02335', '31b4475f-ca0c-11ed-b90d-2016b9c02335', 'Event_1u2autv', NULL, NULL, '', 'startEvent', NULL, '2023-03-24 14:22:04.067', '2023-03-24 14:22:04.067', 0, 1, NULL, '');
INSERT INTO `act_ru_actinst` VALUES ('31b44761-ca0c-11ed-b90d-2016b9c02335', 1, 'leave:4:f49b5e34-ca0a-11ed-b90d-2016b9c02335', '31b3ab1b-ca0c-11ed-b90d-2016b9c02335', '31b4475f-ca0c-11ed-b90d-2016b9c02335', 'Flow_1cxox84', NULL, NULL, NULL, 'sequenceFlow', NULL, '2023-03-24 14:22:04.067', '2023-03-24 14:22:04.067', 0, 2, NULL, '');
INSERT INTO `act_ru_actinst` VALUES ('31b44762-ca0c-11ed-b90d-2016b9c02335', 1, 'leave:4:f49b5e34-ca0a-11ed-b90d-2016b9c02335', '31b3ab1b-ca0c-11ed-b90d-2016b9c02335', '31b4475f-ca0c-11ed-b90d-2016b9c02335', 'Activity_13uq05m', '31b44763-ca0c-11ed-b90d-2016b9c02335', NULL, '', 'userTask', '1', '2023-03-24 14:22:04.067', NULL, NULL, 3, NULL, '');
INSERT INTO `act_ru_actinst` VALUES ('50ffc0eb-ca0c-11ed-b90d-2016b9c02335', 1, 'leave:4:f49b5e34-ca0a-11ed-b90d-2016b9c02335', '50fed686-ca0c-11ed-b90d-2016b9c02335', '50ffc0ea-ca0c-11ed-b90d-2016b9c02335', 'Event_1u2autv', NULL, NULL, '', 'startEvent', NULL, '2023-03-24 14:22:56.571', '2023-03-24 14:22:56.572', 1, 1, NULL, '');
INSERT INTO `act_ru_actinst` VALUES ('50ffe7fc-ca0c-11ed-b90d-2016b9c02335', 1, 'leave:4:f49b5e34-ca0a-11ed-b90d-2016b9c02335', '50fed686-ca0c-11ed-b90d-2016b9c02335', '50ffc0ea-ca0c-11ed-b90d-2016b9c02335', 'Flow_1cxox84', NULL, NULL, NULL, 'sequenceFlow', NULL, '2023-03-24 14:22:56.572', '2023-03-24 14:22:56.572', 0, 2, NULL, '');
INSERT INTO `act_ru_actinst` VALUES ('50ffe7fd-ca0c-11ed-b90d-2016b9c02335', 1, 'leave:4:f49b5e34-ca0a-11ed-b90d-2016b9c02335', '50fed686-ca0c-11ed-b90d-2016b9c02335', '50ffc0ea-ca0c-11ed-b90d-2016b9c02335', 'Activity_13uq05m', '50ffe7fe-ca0c-11ed-b90d-2016b9c02335', NULL, '', 'userTask', '1', '2023-03-24 14:22:56.572', NULL, NULL, 3, NULL, '');
INSERT INTO `act_ru_actinst` VALUES ('53a6e16a-ca0b-11ed-b90d-2016b9c02335', 1, 'leave:4:f49b5e34-ca0a-11ed-b90d-2016b9c02335', '53a44955-ca0b-11ed-b90d-2016b9c02335', '53a6e169-ca0b-11ed-b90d-2016b9c02335', 'Event_1u2autv', NULL, NULL, '', 'startEvent', NULL, '2023-03-24 14:15:51.525', '2023-03-24 14:15:51.529', 4, 1, NULL, '');
INSERT INTO `act_ru_actinst` VALUES ('53a7cbcb-ca0b-11ed-b90d-2016b9c02335', 1, 'leave:4:f49b5e34-ca0a-11ed-b90d-2016b9c02335', '53a44955-ca0b-11ed-b90d-2016b9c02335', '53a6e169-ca0b-11ed-b90d-2016b9c02335', 'Flow_1cxox84', NULL, NULL, NULL, 'sequenceFlow', NULL, '2023-03-24 14:15:51.531', '2023-03-24 14:15:51.531', 0, 2, NULL, '');
INSERT INTO `act_ru_actinst` VALUES ('53a7cbcc-ca0b-11ed-b90d-2016b9c02335', 1, 'leave:4:f49b5e34-ca0a-11ed-b90d-2016b9c02335', '53a44955-ca0b-11ed-b90d-2016b9c02335', '53a6e169-ca0b-11ed-b90d-2016b9c02335', 'Activity_13uq05m', '53b0a56d-ca0b-11ed-b90d-2016b9c02335', NULL, '', 'userTask', '1', '2023-03-24 14:15:51.531', NULL, NULL, 3, NULL, '');
INSERT INTO `act_ru_actinst` VALUES ('59c08fe4-cbe3-11ed-a77c-2016b9c02335', 1, 'repair:2:b58c1943-cb90-11ed-aa70-2016b9c02335', '59bfa57b-cbe3-11ed-a77c-2016b9c02335', '59c068d3-cbe3-11ed-a77c-2016b9c02335', 'Event_1490ccg', NULL, NULL, NULL, 'startEvent', NULL, '2023-03-26 22:34:44.216', '2023-03-26 22:34:44.216', 0, 1, NULL, '');
INSERT INTO `act_ru_actinst` VALUES ('59c08fe5-cbe3-11ed-a77c-2016b9c02335', 1, 'repair:2:b58c1943-cb90-11ed-aa70-2016b9c02335', '59bfa57b-cbe3-11ed-a77c-2016b9c02335', '59c068d3-cbe3-11ed-a77c-2016b9c02335', 'Flow_02o19w2', NULL, NULL, NULL, 'sequenceFlow', NULL, '2023-03-26 22:34:44.216', '2023-03-26 22:34:44.216', 0, 2, NULL, '');
INSERT INTO `act_ru_actinst` VALUES ('59c08fe6-cbe3-11ed-a77c-2016b9c02335', 2, 'repair:2:b58c1943-cb90-11ed-aa70-2016b9c02335', '59bfa57b-cbe3-11ed-a77c-2016b9c02335', '59c068d3-cbe3-11ed-a77c-2016b9c02335', 'Activity_12hhoy5', '59c08fe7-cbe3-11ed-a77c-2016b9c02335', NULL, '', 'userTask', '3', '2023-03-26 22:34:44.216', '2023-03-26 22:43:16.305', 512089, 3, NULL, '');
INSERT INTO `act_ru_actinst` VALUES ('66cd7a9e-ca2b-11ed-9c60-2016b9c02335', 1, 'leave:5:d96565c4-ca0d-11ed-b90d-2016b9c02335', '66cbf3f2-ca2b-11ed-9c60-2016b9c02335', '66cd7a9d-ca2b-11ed-9c60-2016b9c02335', 'Event_1u2autv', NULL, NULL, '', 'startEvent', NULL, '2023-03-24 18:05:27.550', '2023-03-24 18:05:27.550', 0, 1, NULL, '');
INSERT INTO `act_ru_actinst` VALUES ('66cd7a9f-ca2b-11ed-9c60-2016b9c02335', 1, 'leave:5:d96565c4-ca0d-11ed-b90d-2016b9c02335', '66cbf3f2-ca2b-11ed-9c60-2016b9c02335', '66cd7a9d-ca2b-11ed-9c60-2016b9c02335', 'Flow_1cxox84', NULL, NULL, NULL, 'sequenceFlow', NULL, '2023-03-24 18:05:27.550', '2023-03-24 18:05:27.550', 0, 2, NULL, '');
INSERT INTO `act_ru_actinst` VALUES ('66cd7aa0-ca2b-11ed-9c60-2016b9c02335', 1, 'leave:5:d96565c4-ca0d-11ed-b90d-2016b9c02335', '66cbf3f2-ca2b-11ed-9c60-2016b9c02335', '66cd7a9d-ca2b-11ed-9c60-2016b9c02335', 'Activity_13uq05m', '66cd7aa1-ca2b-11ed-9c60-2016b9c02335', NULL, '', 'userTask', '1', '2023-03-24 18:05:27.550', NULL, NULL, 3, NULL, '');
INSERT INTO `act_ru_actinst` VALUES ('7056abdd-cb94-11ed-8c20-2016b9c02335', 1, 'check_in:1:1c85c30e-cb94-11ed-8c20-2016b9c02335', '7044835f-cb94-11ed-8c20-2016b9c02335', '7056abdc-cb94-11ed-8c20-2016b9c02335', 'Event_1kkx7wh', NULL, NULL, NULL, 'startEvent', NULL, '2023-03-26 13:09:51.869', '2023-03-26 13:09:51.876', 7, 1, NULL, '');
INSERT INTO `act_ru_actinst` VALUES ('7058f5ce-cb94-11ed-8c20-2016b9c02335', 1, 'check_in:1:1c85c30e-cb94-11ed-8c20-2016b9c02335', '7044835f-cb94-11ed-8c20-2016b9c02335', '7056abdc-cb94-11ed-8c20-2016b9c02335', 'Flow_1liza5e', NULL, NULL, NULL, 'sequenceFlow', NULL, '2023-03-26 13:09:51.883', '2023-03-26 13:09:51.883', 0, 2, NULL, '');
INSERT INTO `act_ru_actinst` VALUES ('7058f5cf-cb94-11ed-8c20-2016b9c02335', 1, 'check_in:1:1c85c30e-cb94-11ed-8c20-2016b9c02335', '7044835f-cb94-11ed-8c20-2016b9c02335', '7056abdc-cb94-11ed-8c20-2016b9c02335', 'Activity_06tm4j2', '705d1480-cb94-11ed-8c20-2016b9c02335', NULL, '', 'userTask', '4', '2023-03-26 13:09:51.883', NULL, NULL, 3, NULL, '');
INSERT INTO `act_ru_actinst` VALUES ('7bf975e4-2097-11ed-8938-3887d5e2c283', 1, 'leave:2:f519d4d0-1ec3-11ed-af71-3887d5e2c283', '7bf2bf1b-2097-11ed-8938-3887d5e2c283', '7bf94ed3-2097-11ed-8938-3887d5e2c283', 'Event_1u2autv', NULL, NULL, NULL, 'startEvent', NULL, '2022-08-20 22:50:51.045', '2022-08-20 22:50:51.049', 4, 1, NULL, '');
INSERT INTO `act_ru_actinst` VALUES ('7bfa6045-2097-11ed-8938-3887d5e2c283', 1, 'leave:2:f519d4d0-1ec3-11ed-af71-3887d5e2c283', '7bf2bf1b-2097-11ed-8938-3887d5e2c283', '7bf94ed3-2097-11ed-8938-3887d5e2c283', 'Flow_1cxox84', NULL, NULL, NULL, 'sequenceFlow', NULL, '2022-08-20 22:50:51.051', '2022-08-20 22:50:51.051', 0, 2, NULL, '');
INSERT INTO `act_ru_actinst` VALUES ('7bfa6046-2097-11ed-8938-3887d5e2c283', 1, 'leave:2:f519d4d0-1ec3-11ed-af71-3887d5e2c283', '7bf2bf1b-2097-11ed-8938-3887d5e2c283', '7bf94ed3-2097-11ed-8938-3887d5e2c283', 'Activity_0gcxdwu', '7bfe7ef7-2097-11ed-8938-3887d5e2c283', NULL, '', 'userTask', '2', '2022-08-20 22:50:51.051', NULL, NULL, 3, NULL, '');
INSERT INTO `act_ru_actinst` VALUES ('88852991-cb94-11ed-8c20-2016b9c02335', 1, 'check_in:1:1c85c30e-cb94-11ed-8c20-2016b9c02335', '88846633-cb94-11ed-8c20-2016b9c02335', '88852990-cb94-11ed-8c20-2016b9c02335', 'Event_1kkx7wh', NULL, NULL, NULL, 'startEvent', NULL, '2023-03-26 13:10:32.438', '2023-03-26 13:10:32.438', 0, 1, NULL, '');
INSERT INTO `act_ru_actinst` VALUES ('88852992-cb94-11ed-8c20-2016b9c02335', 1, 'check_in:1:1c85c30e-cb94-11ed-8c20-2016b9c02335', '88846633-cb94-11ed-8c20-2016b9c02335', '88852990-cb94-11ed-8c20-2016b9c02335', 'Flow_1liza5e', NULL, NULL, NULL, 'sequenceFlow', NULL, '2023-03-26 13:10:32.438', '2023-03-26 13:10:32.438', 0, 2, NULL, '');
INSERT INTO `act_ru_actinst` VALUES ('88852993-cb94-11ed-8c20-2016b9c02335', 1, 'check_in:1:1c85c30e-cb94-11ed-8c20-2016b9c02335', '88846633-cb94-11ed-8c20-2016b9c02335', '88852990-cb94-11ed-8c20-2016b9c02335', 'Activity_06tm4j2', '88852994-cb94-11ed-8c20-2016b9c02335', NULL, '', 'userTask', '2', '2023-03-26 13:10:32.438', NULL, NULL, 3, NULL, '');
INSERT INTO `act_ru_actinst` VALUES ('8afb729b-cbe4-11ed-a77c-2016b9c02335', 1, 'repair:2:b58c1943-cb90-11ed-aa70-2016b9c02335', '59bfa57b-cbe3-11ed-a77c-2016b9c02335', '59c068d3-cbe3-11ed-a77c-2016b9c02335', 'Flow_0s856e9', NULL, NULL, NULL, 'sequenceFlow', NULL, '2023-03-26 22:43:16.307', '2023-03-26 22:43:16.307', 0, 1, NULL, '');
INSERT INTO `act_ru_actinst` VALUES ('8afbe7cc-cbe4-11ed-a77c-2016b9c02335', 2, 'repair:2:b58c1943-cb90-11ed-aa70-2016b9c02335', '59bfa57b-cbe3-11ed-a77c-2016b9c02335', '59c068d3-cbe3-11ed-a77c-2016b9c02335', 'Activity_0xh9dwc', '8afbe7cd-cbe4-11ed-a77c-2016b9c02335', NULL, '', 'userTask', '3', '2023-03-26 22:43:16.310', '2023-03-26 22:43:30.844', 14534, 2, NULL, '');
INSERT INTO `act_ru_actinst` VALUES ('93a5ec50-cbe4-11ed-a77c-2016b9c02335', 1, 'repair:2:b58c1943-cb90-11ed-aa70-2016b9c02335', '59bfa57b-cbe3-11ed-a77c-2016b9c02335', '59c068d3-cbe3-11ed-a77c-2016b9c02335', 'Flow_01pc7kx', NULL, NULL, NULL, 'sequenceFlow', NULL, '2023-03-26 22:43:30.846', '2023-03-26 22:43:30.846', 0, 1, NULL, '');
INSERT INTO `act_ru_actinst` VALUES ('93a61361-cbe4-11ed-a77c-2016b9c02335', 1, 'repair:2:b58c1943-cb90-11ed-aa70-2016b9c02335', '59bfa57b-cbe3-11ed-a77c-2016b9c02335', '59c068d3-cbe3-11ed-a77c-2016b9c02335', 'Activity_1ne3thd', '93a61362-cbe4-11ed-a77c-2016b9c02335', NULL, '', 'userTask', '2', '2023-03-26 22:43:30.847', NULL, NULL, 2, NULL, '');
INSERT INTO `act_ru_actinst` VALUES ('996c6710-cb94-11ed-8c20-2016b9c02335', 1, 'repair:2:b58c1943-cb90-11ed-aa70-2016b9c02335', '996b7ca7-cb94-11ed-8c20-2016b9c02335', '996c670f-cb94-11ed-8c20-2016b9c02335', 'Event_1490ccg', NULL, NULL, NULL, 'startEvent', NULL, '2023-03-26 13:11:00.797', '2023-03-26 13:11:00.797', 0, 1, NULL, '');
INSERT INTO `act_ru_actinst` VALUES ('996c6711-cb94-11ed-8c20-2016b9c02335', 1, 'repair:2:b58c1943-cb90-11ed-aa70-2016b9c02335', '996b7ca7-cb94-11ed-8c20-2016b9c02335', '996c670f-cb94-11ed-8c20-2016b9c02335', 'Flow_02o19w2', NULL, NULL, NULL, 'sequenceFlow', NULL, '2023-03-26 13:11:00.797', '2023-03-26 13:11:00.797', 0, 2, NULL, '');
INSERT INTO `act_ru_actinst` VALUES ('996c6712-cb94-11ed-8c20-2016b9c02335', 1, 'repair:2:b58c1943-cb90-11ed-aa70-2016b9c02335', '996b7ca7-cb94-11ed-8c20-2016b9c02335', '996c670f-cb94-11ed-8c20-2016b9c02335', 'Activity_12hhoy5', '996c6713-cb94-11ed-8c20-2016b9c02335', NULL, '', 'userTask', '2', '2023-03-26 13:11:00.797', NULL, NULL, 3, NULL, '');
INSERT INTO `act_ru_actinst` VALUES ('b876a602-2096-11ed-b609-3887d5e2c283', 1, 'leave:2:f519d4d0-1ec3-11ed-af71-3887d5e2c283', 'b8745c09-2096-11ed-b609-3887d5e2c283', 'b876a601-2096-11ed-b609-3887d5e2c283', 'Event_1u2autv', NULL, NULL, NULL, 'startEvent', NULL, '2022-08-20 22:45:23.032', '2022-08-20 22:45:23.032', 0, 1, NULL, '');
INSERT INTO `act_ru_actinst` VALUES ('b876a603-2096-11ed-b609-3887d5e2c283', 1, 'leave:2:f519d4d0-1ec3-11ed-af71-3887d5e2c283', 'b8745c09-2096-11ed-b609-3887d5e2c283', 'b876a601-2096-11ed-b609-3887d5e2c283', 'Flow_1cxox84', NULL, NULL, NULL, 'sequenceFlow', NULL, '2022-08-20 22:45:23.032', '2022-08-20 22:45:23.032', 0, 2, NULL, '');
INSERT INTO `act_ru_actinst` VALUES ('b876a604-2096-11ed-b609-3887d5e2c283', 1, 'leave:2:f519d4d0-1ec3-11ed-af71-3887d5e2c283', 'b8745c09-2096-11ed-b609-3887d5e2c283', 'b876a601-2096-11ed-b609-3887d5e2c283', 'Activity_0gcxdwu', 'b876a605-2096-11ed-b609-3887d5e2c283', NULL, '', 'userTask', '2', '2022-08-20 22:45:23.032', NULL, NULL, 3, NULL, '');
INSERT INTO `act_ru_actinst` VALUES ('bf126d36-c991-11ed-8a10-2016b9c02335', 1, 'leave:2:f519d4d0-1ec3-11ed-af71-3887d5e2c283', 'bf0fd521-c991-11ed-8a10-2016b9c02335', 'bf126d35-c991-11ed-8a10-2016b9c02335', 'Event_1u2autv', NULL, NULL, NULL, 'startEvent', NULL, '2023-03-23 23:45:33.145', '2023-03-23 23:45:33.154', 9, 1, NULL, '');
INSERT INTO `act_ru_actinst` VALUES ('bf14b727-c991-11ed-8a10-2016b9c02335', 1, 'leave:2:f519d4d0-1ec3-11ed-af71-3887d5e2c283', 'bf0fd521-c991-11ed-8a10-2016b9c02335', 'bf126d35-c991-11ed-8a10-2016b9c02335', 'Flow_1cxox84', NULL, NULL, NULL, 'sequenceFlow', NULL, '2023-03-23 23:45:33.160', '2023-03-23 23:45:33.160', 0, 2, NULL, '');
INSERT INTO `act_ru_actinst` VALUES ('bf14b728-c991-11ed-8a10-2016b9c02335', 1, 'leave:2:f519d4d0-1ec3-11ed-af71-3887d5e2c283', 'bf0fd521-c991-11ed-8a10-2016b9c02335', 'bf126d35-c991-11ed-8a10-2016b9c02335', 'Activity_0gcxdwu', 'bf183999-c991-11ed-8a10-2016b9c02335', NULL, '', 'userTask', '2', '2023-03-23 23:45:33.160', NULL, NULL, 3, NULL, '');
INSERT INTO `act_ru_actinst` VALUES ('da71cb93-2095-11ed-b609-3887d5e2c283', 1, 'leave:2:f519d4d0-1ec3-11ed-af71-3887d5e2c283', 'da70e12a-2095-11ed-b609-3887d5e2c283', 'da71cb92-2095-11ed-b609-3887d5e2c283', 'Event_1u2autv', NULL, NULL, NULL, 'startEvent', NULL, '2022-08-20 22:39:10.546', '2022-08-20 22:39:10.546', 0, 1, NULL, '');
INSERT INTO `act_ru_actinst` VALUES ('da71cb94-2095-11ed-b609-3887d5e2c283', 1, 'leave:2:f519d4d0-1ec3-11ed-af71-3887d5e2c283', 'da70e12a-2095-11ed-b609-3887d5e2c283', 'da71cb92-2095-11ed-b609-3887d5e2c283', 'Flow_1cxox84', NULL, NULL, NULL, 'sequenceFlow', NULL, '2022-08-20 22:39:10.546', '2022-08-20 22:39:10.546', 0, 2, NULL, '');
INSERT INTO `act_ru_actinst` VALUES ('da71cb95-2095-11ed-b609-3887d5e2c283', 1, 'leave:2:f519d4d0-1ec3-11ed-af71-3887d5e2c283', 'da70e12a-2095-11ed-b609-3887d5e2c283', 'da71cb92-2095-11ed-b609-3887d5e2c283', 'Activity_0gcxdwu', 'da71f2a6-2095-11ed-b609-3887d5e2c283', NULL, '', 'userTask', '2', '2022-08-20 22:39:10.546', NULL, NULL, 3, NULL, '');
INSERT INTO `act_ru_actinst` VALUES ('df0d3895-ca0b-11ed-b90d-2016b9c02335', 1, 'leave:4:f49b5e34-ca0a-11ed-b90d-2016b9c02335', 'df0c2720-ca0b-11ed-b90d-2016b9c02335', 'df0d3894-ca0b-11ed-b90d-2016b9c02335', 'Event_1u2autv', NULL, NULL, '', 'startEvent', NULL, '2023-03-24 14:19:45.399', '2023-03-24 14:19:45.399', 0, 1, NULL, '');
INSERT INTO `act_ru_actinst` VALUES ('df0d3896-ca0b-11ed-b90d-2016b9c02335', 1, 'leave:4:f49b5e34-ca0a-11ed-b90d-2016b9c02335', 'df0c2720-ca0b-11ed-b90d-2016b9c02335', 'df0d3894-ca0b-11ed-b90d-2016b9c02335', 'Flow_1cxox84', NULL, NULL, NULL, 'sequenceFlow', NULL, '2023-03-24 14:19:45.399', '2023-03-24 14:19:45.399', 0, 2, NULL, '');
INSERT INTO `act_ru_actinst` VALUES ('df0d3897-ca0b-11ed-b90d-2016b9c02335', 1, 'leave:4:f49b5e34-ca0a-11ed-b90d-2016b9c02335', 'df0c2720-ca0b-11ed-b90d-2016b9c02335', 'df0d3894-ca0b-11ed-b90d-2016b9c02335', 'Activity_13uq05m', 'df0d3898-ca0b-11ed-b90d-2016b9c02335', NULL, '', 'userTask', '1', '2023-03-24 14:19:45.399', NULL, NULL, 3, NULL, '');
INSERT INTO `act_ru_actinst` VALUES ('e5a8bdb1-ca0d-11ed-b90d-2016b9c02335', 1, 'leave:5:d96565c4-ca0d-11ed-b90d-2016b9c02335', 'e596e355-ca0d-11ed-b90d-2016b9c02335', 'e5a8bdb0-ca0d-11ed-b90d-2016b9c02335', 'Event_1u2autv', NULL, NULL, '', 'startEvent', NULL, '2023-03-24 14:34:15.478', '2023-03-24 14:34:15.478', 0, 1, NULL, '');
INSERT INTO `act_ru_actinst` VALUES ('e5a8bdb2-ca0d-11ed-b90d-2016b9c02335', 1, 'leave:5:d96565c4-ca0d-11ed-b90d-2016b9c02335', 'e596e355-ca0d-11ed-b90d-2016b9c02335', 'e5a8bdb0-ca0d-11ed-b90d-2016b9c02335', 'Flow_1cxox84', NULL, NULL, NULL, 'sequenceFlow', NULL, '2023-03-24 14:34:15.478', '2023-03-24 14:34:15.478', 0, 2, NULL, '');
INSERT INTO `act_ru_actinst` VALUES ('e5a8bdb3-ca0d-11ed-b90d-2016b9c02335', 1, 'leave:5:d96565c4-ca0d-11ed-b90d-2016b9c02335', 'e596e355-ca0d-11ed-b90d-2016b9c02335', 'e5a8bdb0-ca0d-11ed-b90d-2016b9c02335', 'Activity_13uq05m', 'e5a8bdb4-ca0d-11ed-b90d-2016b9c02335', NULL, '', 'userTask', '1', '2023-03-24 14:34:15.478', NULL, NULL, 3, NULL, '');
INSERT INTO `act_ru_actinst` VALUES ('e8597425-cbe1-11ed-a77c-2016b9c02335', 1, 'repair:2:b58c1943-cb90-11ed-aa70-2016b9c02335', 'e855f1ac-cbe1-11ed-a77c-2016b9c02335', 'e8597424-cbe1-11ed-a77c-2016b9c02335', 'Event_1490ccg', NULL, NULL, NULL, 'startEvent', NULL, '2023-03-26 22:24:24.461', '2023-03-26 22:24:24.568', 107, 1, NULL, '');
INSERT INTO `act_ru_actinst` VALUES ('e86a3d06-cbe1-11ed-a77c-2016b9c02335', 1, 'repair:2:b58c1943-cb90-11ed-aa70-2016b9c02335', 'e855f1ac-cbe1-11ed-a77c-2016b9c02335', 'e8597424-cbe1-11ed-a77c-2016b9c02335', 'Flow_02o19w2', NULL, NULL, NULL, 'sequenceFlow', NULL, '2023-03-26 22:24:24.571', '2023-03-26 22:24:24.571', 0, 2, NULL, '');
INSERT INTO `act_ru_actinst` VALUES ('e86a3d07-cbe1-11ed-a77c-2016b9c02335', 1, 'repair:2:b58c1943-cb90-11ed-aa70-2016b9c02335', 'e855f1ac-cbe1-11ed-a77c-2016b9c02335', 'e8597424-cbe1-11ed-a77c-2016b9c02335', 'Activity_12hhoy5', 'e86e0d98-cbe1-11ed-a77c-2016b9c02335', NULL, '', 'userTask', '3', '2023-03-26 22:24:24.571', NULL, NULL, 3, NULL, '');
INSERT INTO `act_ru_actinst` VALUES ('e9b7f05d-283f-11ed-9000-3887d5e2c283', 1, 'leave:2:f519d4d0-1ec3-11ed-af71-3887d5e2c283', 'e9b53134-283f-11ed-9000-3887d5e2c283', 'e9b7f05c-283f-11ed-9000-3887d5e2c283', 'Event_1u2autv', NULL, NULL, NULL, 'startEvent', NULL, '2022-08-30 16:44:08.755', '2022-08-30 16:44:08.759', 4, 1, NULL, '');
INSERT INTO `act_ru_actinst` VALUES ('e9b8dabe-283f-11ed-9000-3887d5e2c283', 1, 'leave:2:f519d4d0-1ec3-11ed-af71-3887d5e2c283', 'e9b53134-283f-11ed-9000-3887d5e2c283', 'e9b7f05c-283f-11ed-9000-3887d5e2c283', 'Flow_1cxox84', NULL, NULL, NULL, 'sequenceFlow', NULL, '2022-08-30 16:44:08.761', '2022-08-30 16:44:08.761', 0, 2, NULL, '');
INSERT INTO `act_ru_actinst` VALUES ('e9b8dabf-283f-11ed-9000-3887d5e2c283', 2, 'leave:2:f519d4d0-1ec3-11ed-af71-3887d5e2c283', 'e9b53134-283f-11ed-9000-3887d5e2c283', 'e9b7f05c-283f-11ed-9000-3887d5e2c283', 'Activity_0gcxdwu', 'e9bbe800-283f-11ed-9000-3887d5e2c283', NULL, '', 'userTask', '2', '2022-08-30 16:44:08.761', '2022-08-30 17:07:19.783', 1391022, 3, NULL, '');
INSERT INTO `act_ru_actinst` VALUES ('e9d71f12-cd5f-11ed-997c-2016b9c02335', 1, 'check_in:1:1c85c30e-cb94-11ed-8c20-2016b9c02335', 'e9d152a4-cd5f-11ed-997c-2016b9c02335', 'e9d71f11-cd5f-11ed-997c-2016b9c02335', 'Event_1kkx7wh', NULL, NULL, NULL, 'startEvent', NULL, '2023-03-28 19:58:54.713', '2023-03-28 19:58:54.727', 14, 1, NULL, '');
INSERT INTO `act_ru_actinst` VALUES ('e9da5363-cd5f-11ed-997c-2016b9c02335', 1, 'check_in:1:1c85c30e-cb94-11ed-8c20-2016b9c02335', 'e9d152a4-cd5f-11ed-997c-2016b9c02335', 'e9d71f11-cd5f-11ed-997c-2016b9c02335', 'Flow_1liza5e', NULL, NULL, NULL, 'sequenceFlow', NULL, '2023-03-28 19:58:54.734', '2023-03-28 19:58:54.734', 0, 2, NULL, '');
INSERT INTO `act_ru_actinst` VALUES ('e9da5364-cd5f-11ed-997c-2016b9c02335', 1, 'check_in:1:1c85c30e-cb94-11ed-8c20-2016b9c02335', 'e9d152a4-cd5f-11ed-997c-2016b9c02335', 'e9d71f11-cd5f-11ed-997c-2016b9c02335', 'Activity_06tm4j2', 'e9e5ec25-cd5f-11ed-997c-2016b9c02335', NULL, '', 'userTask', '4', '2023-03-28 19:58:54.734', NULL, NULL, 3, NULL, '');

-- ----------------------------
-- Table structure for act_ru_deadletter_job
-- ----------------------------
DROP TABLE IF EXISTS `act_ru_deadletter_job`;
CREATE TABLE `act_ru_deadletter_job`  (
  `ID_` varchar(64) CHARACTER SET utf8 COLLATE utf8_bin NOT NULL,
  `REV_` int(11) NULL DEFAULT NULL,
  `CATEGORY_` varchar(255) CHARACTER SET utf8 COLLATE utf8_bin NULL DEFAULT NULL,
  `TYPE_` varchar(255) CHARACTER SET utf8 COLLATE utf8_bin NOT NULL,
  `EXCLUSIVE_` tinyint(1) NULL DEFAULT NULL,
  `EXECUTION_ID_` varchar(64) CHARACTER SET utf8 COLLATE utf8_bin NULL DEFAULT NULL,
  `PROCESS_INSTANCE_ID_` varchar(64) CHARACTER SET utf8 COLLATE utf8_bin NULL DEFAULT NULL,
  `PROC_DEF_ID_` varchar(64) CHARACTER SET utf8 COLLATE utf8_bin NULL DEFAULT NULL,
  `ELEMENT_ID_` varchar(255) CHARACTER SET utf8 COLLATE utf8_bin NULL DEFAULT NULL,
  `ELEMENT_NAME_` varchar(255) CHARACTER SET utf8 COLLATE utf8_bin NULL DEFAULT NULL,
  `SCOPE_ID_` varchar(255) CHARACTER SET utf8 COLLATE utf8_bin NULL DEFAULT NULL,
  `SUB_SCOPE_ID_` varchar(255) CHARACTER SET utf8 COLLATE utf8_bin NULL DEFAULT NULL,
  `SCOPE_TYPE_` varchar(255) CHARACTER SET utf8 COLLATE utf8_bin NULL DEFAULT NULL,
  `SCOPE_DEFINITION_ID_` varchar(255) CHARACTER SET utf8 COLLATE utf8_bin NULL DEFAULT NULL,
  `CORRELATION_ID_` varchar(255) CHARACTER SET utf8 COLLATE utf8_bin NULL DEFAULT NULL,
  `EXCEPTION_STACK_ID_` varchar(64) CHARACTER SET utf8 COLLATE utf8_bin NULL DEFAULT NULL,
  `EXCEPTION_MSG_` varchar(4000) CHARACTER SET utf8 COLLATE utf8_bin NULL DEFAULT NULL,
  `DUEDATE_` timestamp(3) NULL DEFAULT NULL,
  `REPEAT_` varchar(255) CHARACTER SET utf8 COLLATE utf8_bin NULL DEFAULT NULL,
  `HANDLER_TYPE_` varchar(255) CHARACTER SET utf8 COLLATE utf8_bin NULL DEFAULT NULL,
  `HANDLER_CFG_` varchar(4000) CHARACTER SET utf8 COLLATE utf8_bin NULL DEFAULT NULL,
  `CUSTOM_VALUES_ID_` varchar(64) CHARACTER SET utf8 COLLATE utf8_bin NULL DEFAULT NULL,
  `CREATE_TIME_` timestamp(3) NULL DEFAULT NULL,
  `TENANT_ID_` varchar(255) CHARACTER SET utf8 COLLATE utf8_bin NULL DEFAULT '',
  PRIMARY KEY (`ID_`) USING BTREE,
  INDEX `ACT_IDX_DEADLETTER_JOB_EXCEPTION_STACK_ID`(`EXCEPTION_STACK_ID_`) USING BTREE,
  INDEX `ACT_IDX_DEADLETTER_JOB_CUSTOM_VALUES_ID`(`CUSTOM_VALUES_ID_`) USING BTREE,
  INDEX `ACT_IDX_DEADLETTER_JOB_CORRELATION_ID`(`CORRELATION_ID_`) USING BTREE,
  INDEX `ACT_IDX_DJOB_SCOPE`(`SCOPE_ID_`, `SCOPE_TYPE_`) USING BTREE,
  INDEX `ACT_IDX_DJOB_SUB_SCOPE`(`SUB_SCOPE_ID_`, `SCOPE_TYPE_`) USING BTREE,
  INDEX `ACT_IDX_DJOB_SCOPE_DEF`(`SCOPE_DEFINITION_ID_`, `SCOPE_TYPE_`) USING BTREE,
  INDEX `ACT_FK_DEADLETTER_JOB_EXECUTION`(`EXECUTION_ID_`) USING BTREE,
  INDEX `ACT_FK_DEADLETTER_JOB_PROCESS_INSTANCE`(`PROCESS_INSTANCE_ID_`) USING BTREE,
  INDEX `ACT_FK_DEADLETTER_JOB_PROC_DEF`(`PROC_DEF_ID_`) USING BTREE,
  CONSTRAINT `ACT_FK_DEADLETTER_JOB_CUSTOM_VALUES` FOREIGN KEY (`CUSTOM_VALUES_ID_`) REFERENCES `act_ge_bytearray` (`ID_`) ON DELETE RESTRICT ON UPDATE RESTRICT,
  CONSTRAINT `ACT_FK_DEADLETTER_JOB_EXCEPTION` FOREIGN KEY (`EXCEPTION_STACK_ID_`) REFERENCES `act_ge_bytearray` (`ID_`) ON DELETE RESTRICT ON UPDATE RESTRICT,
  CONSTRAINT `ACT_FK_DEADLETTER_JOB_EXECUTION` FOREIGN KEY (`EXECUTION_ID_`) REFERENCES `act_ru_execution` (`ID_`) ON DELETE RESTRICT ON UPDATE RESTRICT,
  CONSTRAINT `ACT_FK_DEADLETTER_JOB_PROCESS_INSTANCE` FOREIGN KEY (`PROCESS_INSTANCE_ID_`) REFERENCES `act_ru_execution` (`ID_`) ON DELETE RESTRICT ON UPDATE RESTRICT,
  CONSTRAINT `ACT_FK_DEADLETTER_JOB_PROC_DEF` FOREIGN KEY (`PROC_DEF_ID_`) REFERENCES `act_re_procdef` (`ID_`) ON DELETE RESTRICT ON UPDATE RESTRICT
) ENGINE = InnoDB CHARACTER SET = utf8 COLLATE = utf8_bin ROW_FORMAT = COMPACT;

-- ----------------------------
-- Records of act_ru_deadletter_job
-- ----------------------------

-- ----------------------------
-- Table structure for act_ru_entitylink
-- ----------------------------
DROP TABLE IF EXISTS `act_ru_entitylink`;
CREATE TABLE `act_ru_entitylink`  (
  `ID_` varchar(64) CHARACTER SET utf8 COLLATE utf8_bin NOT NULL,
  `REV_` int(11) NULL DEFAULT NULL,
  `CREATE_TIME_` datetime(3) NULL DEFAULT NULL,
  `LINK_TYPE_` varchar(255) CHARACTER SET utf8 COLLATE utf8_bin NULL DEFAULT NULL,
  `SCOPE_ID_` varchar(255) CHARACTER SET utf8 COLLATE utf8_bin NULL DEFAULT NULL,
  `SUB_SCOPE_ID_` varchar(255) CHARACTER SET utf8 COLLATE utf8_bin NULL DEFAULT NULL,
  `SCOPE_TYPE_` varchar(255) CHARACTER SET utf8 COLLATE utf8_bin NULL DEFAULT NULL,
  `SCOPE_DEFINITION_ID_` varchar(255) CHARACTER SET utf8 COLLATE utf8_bin NULL DEFAULT NULL,
  `PARENT_ELEMENT_ID_` varchar(255) CHARACTER SET utf8 COLLATE utf8_bin NULL DEFAULT NULL,
  `REF_SCOPE_ID_` varchar(255) CHARACTER SET utf8 COLLATE utf8_bin NULL DEFAULT NULL,
  `REF_SCOPE_TYPE_` varchar(255) CHARACTER SET utf8 COLLATE utf8_bin NULL DEFAULT NULL,
  `REF_SCOPE_DEFINITION_ID_` varchar(255) CHARACTER SET utf8 COLLATE utf8_bin NULL DEFAULT NULL,
  `ROOT_SCOPE_ID_` varchar(255) CHARACTER SET utf8 COLLATE utf8_bin NULL DEFAULT NULL,
  `ROOT_SCOPE_TYPE_` varchar(255) CHARACTER SET utf8 COLLATE utf8_bin NULL DEFAULT NULL,
  `HIERARCHY_TYPE_` varchar(255) CHARACTER SET utf8 COLLATE utf8_bin NULL DEFAULT NULL,
  PRIMARY KEY (`ID_`) USING BTREE,
  INDEX `ACT_IDX_ENT_LNK_SCOPE`(`SCOPE_ID_`, `SCOPE_TYPE_`, `LINK_TYPE_`) USING BTREE,
  INDEX `ACT_IDX_ENT_LNK_REF_SCOPE`(`REF_SCOPE_ID_`, `REF_SCOPE_TYPE_`, `LINK_TYPE_`) USING BTREE,
  INDEX `ACT_IDX_ENT_LNK_ROOT_SCOPE`(`ROOT_SCOPE_ID_`, `ROOT_SCOPE_TYPE_`, `LINK_TYPE_`) USING BTREE,
  INDEX `ACT_IDX_ENT_LNK_SCOPE_DEF`(`SCOPE_DEFINITION_ID_`, `SCOPE_TYPE_`, `LINK_TYPE_`) USING BTREE
) ENGINE = InnoDB CHARACTER SET = utf8 COLLATE = utf8_bin ROW_FORMAT = COMPACT;

-- ----------------------------
-- Records of act_ru_entitylink
-- ----------------------------

-- ----------------------------
-- Table structure for act_ru_event_subscr
-- ----------------------------
DROP TABLE IF EXISTS `act_ru_event_subscr`;
CREATE TABLE `act_ru_event_subscr`  (
  `ID_` varchar(64) CHARACTER SET utf8 COLLATE utf8_bin NOT NULL,
  `REV_` int(11) NULL DEFAULT NULL,
  `EVENT_TYPE_` varchar(255) CHARACTER SET utf8 COLLATE utf8_bin NOT NULL,
  `EVENT_NAME_` varchar(255) CHARACTER SET utf8 COLLATE utf8_bin NULL DEFAULT NULL,
  `EXECUTION_ID_` varchar(64) CHARACTER SET utf8 COLLATE utf8_bin NULL DEFAULT NULL,
  `PROC_INST_ID_` varchar(64) CHARACTER SET utf8 COLLATE utf8_bin NULL DEFAULT NULL,
  `ACTIVITY_ID_` varchar(64) CHARACTER SET utf8 COLLATE utf8_bin NULL DEFAULT NULL,
  `CONFIGURATION_` varchar(255) CHARACTER SET utf8 COLLATE utf8_bin NULL DEFAULT NULL,
  `CREATED_` timestamp(3) NOT NULL DEFAULT CURRENT_TIMESTAMP(3),
  `PROC_DEF_ID_` varchar(64) CHARACTER SET utf8 COLLATE utf8_bin NULL DEFAULT NULL,
  `SUB_SCOPE_ID_` varchar(64) CHARACTER SET utf8 COLLATE utf8_bin NULL DEFAULT NULL,
  `SCOPE_ID_` varchar(64) CHARACTER SET utf8 COLLATE utf8_bin NULL DEFAULT NULL,
  `SCOPE_DEFINITION_ID_` varchar(64) CHARACTER SET utf8 COLLATE utf8_bin NULL DEFAULT NULL,
  `SCOPE_TYPE_` varchar(64) CHARACTER SET utf8 COLLATE utf8_bin NULL DEFAULT NULL,
  `TENANT_ID_` varchar(255) CHARACTER SET utf8 COLLATE utf8_bin NULL DEFAULT '',
  PRIMARY KEY (`ID_`) USING BTREE,
  INDEX `ACT_IDX_EVENT_SUBSCR_CONFIG_`(`CONFIGURATION_`) USING BTREE,
  INDEX `ACT_FK_EVENT_EXEC`(`EXECUTION_ID_`) USING BTREE,
  CONSTRAINT `ACT_FK_EVENT_EXEC` FOREIGN KEY (`EXECUTION_ID_`) REFERENCES `act_ru_execution` (`ID_`) ON DELETE RESTRICT ON UPDATE RESTRICT
) ENGINE = InnoDB CHARACTER SET = utf8 COLLATE = utf8_bin ROW_FORMAT = COMPACT;

-- ----------------------------
-- Records of act_ru_event_subscr
-- ----------------------------

-- ----------------------------
-- Table structure for act_ru_execution
-- ----------------------------
DROP TABLE IF EXISTS `act_ru_execution`;
CREATE TABLE `act_ru_execution`  (
  `ID_` varchar(64) CHARACTER SET utf8 COLLATE utf8_bin NOT NULL,
  `REV_` int(11) NULL DEFAULT NULL,
  `PROC_INST_ID_` varchar(64) CHARACTER SET utf8 COLLATE utf8_bin NULL DEFAULT NULL,
  `BUSINESS_KEY_` varchar(255) CHARACTER SET utf8 COLLATE utf8_bin NULL DEFAULT NULL,
  `PARENT_ID_` varchar(64) CHARACTER SET utf8 COLLATE utf8_bin NULL DEFAULT NULL,
  `PROC_DEF_ID_` varchar(64) CHARACTER SET utf8 COLLATE utf8_bin NULL DEFAULT NULL,
  `SUPER_EXEC_` varchar(64) CHARACTER SET utf8 COLLATE utf8_bin NULL DEFAULT NULL,
  `ROOT_PROC_INST_ID_` varchar(64) CHARACTER SET utf8 COLLATE utf8_bin NULL DEFAULT NULL,
  `ACT_ID_` varchar(255) CHARACTER SET utf8 COLLATE utf8_bin NULL DEFAULT NULL,
  `IS_ACTIVE_` tinyint(4) NULL DEFAULT NULL,
  `IS_CONCURRENT_` tinyint(4) NULL DEFAULT NULL,
  `IS_SCOPE_` tinyint(4) NULL DEFAULT NULL,
  `IS_EVENT_SCOPE_` tinyint(4) NULL DEFAULT NULL,
  `IS_MI_ROOT_` tinyint(4) NULL DEFAULT NULL,
  `SUSPENSION_STATE_` int(11) NULL DEFAULT NULL,
  `CACHED_ENT_STATE_` int(11) NULL DEFAULT NULL,
  `TENANT_ID_` varchar(255) CHARACTER SET utf8 COLLATE utf8_bin NULL DEFAULT '',
  `NAME_` varchar(255) CHARACTER SET utf8 COLLATE utf8_bin NULL DEFAULT NULL,
  `START_ACT_ID_` varchar(255) CHARACTER SET utf8 COLLATE utf8_bin NULL DEFAULT NULL,
  `START_TIME_` datetime(3) NULL DEFAULT NULL,
  `START_USER_ID_` varchar(255) CHARACTER SET utf8 COLLATE utf8_bin NULL DEFAULT NULL,
  `LOCK_TIME_` timestamp(3) NULL DEFAULT NULL,
  `LOCK_OWNER_` varchar(255) CHARACTER SET utf8 COLLATE utf8_bin NULL DEFAULT NULL,
  `IS_COUNT_ENABLED_` tinyint(4) NULL DEFAULT NULL,
  `EVT_SUBSCR_COUNT_` int(11) NULL DEFAULT NULL,
  `TASK_COUNT_` int(11) NULL DEFAULT NULL,
  `JOB_COUNT_` int(11) NULL DEFAULT NULL,
  `TIMER_JOB_COUNT_` int(11) NULL DEFAULT NULL,
  `SUSP_JOB_COUNT_` int(11) NULL DEFAULT NULL,
  `DEADLETTER_JOB_COUNT_` int(11) NULL DEFAULT NULL,
  `EXTERNAL_WORKER_JOB_COUNT_` int(11) NULL DEFAULT NULL,
  `VAR_COUNT_` int(11) NULL DEFAULT NULL,
  `ID_LINK_COUNT_` int(11) NULL DEFAULT NULL,
  `CALLBACK_ID_` varchar(255) CHARACTER SET utf8 COLLATE utf8_bin NULL DEFAULT NULL,
  `CALLBACK_TYPE_` varchar(255) CHARACTER SET utf8 COLLATE utf8_bin NULL DEFAULT NULL,
  `REFERENCE_ID_` varchar(255) CHARACTER SET utf8 COLLATE utf8_bin NULL DEFAULT NULL,
  `REFERENCE_TYPE_` varchar(255) CHARACTER SET utf8 COLLATE utf8_bin NULL DEFAULT NULL,
  `PROPAGATED_STAGE_INST_ID_` varchar(255) CHARACTER SET utf8 COLLATE utf8_bin NULL DEFAULT NULL,
  `BUSINESS_STATUS_` varchar(255) CHARACTER SET utf8 COLLATE utf8_bin NULL DEFAULT NULL,
  PRIMARY KEY (`ID_`) USING BTREE,
  INDEX `ACT_IDX_EXEC_BUSKEY`(`BUSINESS_KEY_`) USING BTREE,
  INDEX `ACT_IDC_EXEC_ROOT`(`ROOT_PROC_INST_ID_`) USING BTREE,
  INDEX `ACT_IDX_EXEC_REF_ID_`(`REFERENCE_ID_`) USING BTREE,
  INDEX `ACT_FK_EXE_PROCINST`(`PROC_INST_ID_`) USING BTREE,
  INDEX `ACT_FK_EXE_PARENT`(`PARENT_ID_`) USING BTREE,
  INDEX `ACT_FK_EXE_SUPER`(`SUPER_EXEC_`) USING BTREE,
  INDEX `ACT_FK_EXE_PROCDEF`(`PROC_DEF_ID_`) USING BTREE,
  CONSTRAINT `ACT_FK_EXE_PARENT` FOREIGN KEY (`PARENT_ID_`) REFERENCES `act_ru_execution` (`ID_`) ON DELETE CASCADE ON UPDATE RESTRICT,
  CONSTRAINT `ACT_FK_EXE_PROCDEF` FOREIGN KEY (`PROC_DEF_ID_`) REFERENCES `act_re_procdef` (`ID_`) ON DELETE RESTRICT ON UPDATE RESTRICT,
  CONSTRAINT `ACT_FK_EXE_PROCINST` FOREIGN KEY (`PROC_INST_ID_`) REFERENCES `act_ru_execution` (`ID_`) ON DELETE CASCADE ON UPDATE CASCADE,
  CONSTRAINT `ACT_FK_EXE_SUPER` FOREIGN KEY (`SUPER_EXEC_`) REFERENCES `act_ru_execution` (`ID_`) ON DELETE CASCADE ON UPDATE RESTRICT
) ENGINE = InnoDB CHARACTER SET = utf8 COLLATE = utf8_bin ROW_FORMAT = COMPACT;

-- ----------------------------
-- Records of act_ru_execution
-- ----------------------------
INSERT INTO `act_ru_execution` VALUES ('0a24aec8-2097-11ed-b609-3887d5e2c283', 2, '0a24aec8-2097-11ed-b609-3887d5e2c283', NULL, NULL, 'leave:2:f519d4d0-1ec3-11ed-af71-3887d5e2c283', NULL, '0a24aec8-2097-11ed-b609-3887d5e2c283', NULL, 1, 0, 1, 0, 0, 1, NULL, '', '', 'Event_1u2autv', '2022-08-20 22:47:40.068', '1', NULL, NULL, 1, 0, 0, 0, 0, 0, 0, 0, 0, 0, NULL, NULL, NULL, NULL, NULL, NULL);
INSERT INTO `act_ru_execution` VALUES ('0a260e60-2097-11ed-b609-3887d5e2c283', 1, '0a24aec8-2097-11ed-b609-3887d5e2c283', NULL, '0a24aec8-2097-11ed-b609-3887d5e2c283', 'leave:2:f519d4d0-1ec3-11ed-af71-3887d5e2c283', NULL, '0a24aec8-2097-11ed-b609-3887d5e2c283', 'Activity_0gcxdwu', 1, 0, 0, 0, 0, 1, NULL, '', NULL, NULL, '2022-08-20 22:47:40.077', NULL, NULL, NULL, 1, 0, 1, 0, 0, 0, 0, 0, 0, 0, NULL, NULL, NULL, NULL, NULL, NULL);
INSERT INTO `act_ru_execution` VALUES ('31b3ab1b-ca0c-11ed-b90d-2016b9c02335', 2, '31b3ab1b-ca0c-11ed-b90d-2016b9c02335', '6', NULL, 'leave:4:f49b5e34-ca0a-11ed-b90d-2016b9c02335', NULL, '31b3ab1b-ca0c-11ed-b90d-2016b9c02335', NULL, 1, 0, 1, 0, 0, 1, NULL, '', '', 'Event_1u2autv', '2023-03-24 14:22:04.063', '1', NULL, NULL, 1, 0, 0, 0, 0, 0, 0, 0, 0, 0, NULL, NULL, NULL, NULL, NULL, NULL);
INSERT INTO `act_ru_execution` VALUES ('31b4475f-ca0c-11ed-b90d-2016b9c02335', 1, '31b3ab1b-ca0c-11ed-b90d-2016b9c02335', NULL, '31b3ab1b-ca0c-11ed-b90d-2016b9c02335', 'leave:4:f49b5e34-ca0a-11ed-b90d-2016b9c02335', NULL, '31b3ab1b-ca0c-11ed-b90d-2016b9c02335', 'Activity_13uq05m', 1, 0, 0, 0, 0, 1, NULL, '', NULL, NULL, '2023-03-24 14:22:04.067', NULL, NULL, NULL, 1, 0, 1, 0, 0, 0, 0, 0, 0, 0, NULL, NULL, NULL, NULL, NULL, NULL);
INSERT INTO `act_ru_execution` VALUES ('50fed686-ca0c-11ed-b90d-2016b9c02335', 2, '50fed686-ca0c-11ed-b90d-2016b9c02335', '7', NULL, 'leave:4:f49b5e34-ca0a-11ed-b90d-2016b9c02335', NULL, '50fed686-ca0c-11ed-b90d-2016b9c02335', NULL, 1, 0, 1, 0, 0, 1, NULL, '', '', 'Event_1u2autv', '2023-03-24 14:22:56.565', '1', NULL, NULL, 1, 0, 0, 0, 0, 0, 0, 0, 0, 0, NULL, NULL, NULL, NULL, NULL, NULL);
INSERT INTO `act_ru_execution` VALUES ('50ffc0ea-ca0c-11ed-b90d-2016b9c02335', 1, '50fed686-ca0c-11ed-b90d-2016b9c02335', NULL, '50fed686-ca0c-11ed-b90d-2016b9c02335', 'leave:4:f49b5e34-ca0a-11ed-b90d-2016b9c02335', NULL, '50fed686-ca0c-11ed-b90d-2016b9c02335', 'Activity_13uq05m', 1, 0, 0, 0, 0, 1, NULL, '', NULL, NULL, '2023-03-24 14:22:56.571', NULL, NULL, NULL, 1, 0, 1, 0, 0, 0, 0, 0, 0, 0, NULL, NULL, NULL, NULL, NULL, NULL);
INSERT INTO `act_ru_execution` VALUES ('53a44955-ca0b-11ed-b90d-2016b9c02335', 2, '53a44955-ca0b-11ed-b90d-2016b9c02335', '4', NULL, 'leave:4:f49b5e34-ca0a-11ed-b90d-2016b9c02335', NULL, '53a44955-ca0b-11ed-b90d-2016b9c02335', NULL, 1, 0, 1, 0, 0, 1, NULL, '', '', 'Event_1u2autv', '2023-03-24 14:15:51.508', '1', NULL, NULL, 1, 0, 0, 0, 0, 0, 0, 0, 0, 0, NULL, NULL, NULL, NULL, NULL, NULL);
INSERT INTO `act_ru_execution` VALUES ('53a6e169-ca0b-11ed-b90d-2016b9c02335', 1, '53a44955-ca0b-11ed-b90d-2016b9c02335', NULL, '53a44955-ca0b-11ed-b90d-2016b9c02335', 'leave:4:f49b5e34-ca0a-11ed-b90d-2016b9c02335', NULL, '53a44955-ca0b-11ed-b90d-2016b9c02335', 'Activity_13uq05m', 1, 0, 0, 0, 0, 1, NULL, '', NULL, NULL, '2023-03-24 14:15:51.525', NULL, NULL, NULL, 1, 0, 1, 0, 0, 0, 0, 0, 0, 0, NULL, NULL, NULL, NULL, NULL, NULL);
INSERT INTO `act_ru_execution` VALUES ('59bfa57b-cbe3-11ed-a77c-2016b9c02335', 2, '59bfa57b-cbe3-11ed-a77c-2016b9c02335', NULL, NULL, 'repair:2:b58c1943-cb90-11ed-aa70-2016b9c02335', NULL, '59bfa57b-cbe3-11ed-a77c-2016b9c02335', NULL, 1, 0, 1, 0, 0, 1, NULL, '', '', 'Event_1490ccg', '2023-03-26 22:34:44.210', '2', NULL, NULL, 1, 0, 0, 0, 0, 0, 0, 0, 0, 0, NULL, NULL, NULL, NULL, NULL, NULL);
INSERT INTO `act_ru_execution` VALUES ('59c068d3-cbe3-11ed-a77c-2016b9c02335', 3, '59bfa57b-cbe3-11ed-a77c-2016b9c02335', NULL, '59bfa57b-cbe3-11ed-a77c-2016b9c02335', 'repair:2:b58c1943-cb90-11ed-aa70-2016b9c02335', NULL, '59bfa57b-cbe3-11ed-a77c-2016b9c02335', 'Activity_1ne3thd', 1, 0, 0, 0, 0, 1, NULL, '', NULL, NULL, '2023-03-26 22:34:44.215', NULL, NULL, NULL, 1, 0, 1, 0, 0, 0, 0, 0, 0, 0, NULL, NULL, NULL, NULL, NULL, NULL);
INSERT INTO `act_ru_execution` VALUES ('66cbf3f2-ca2b-11ed-9c60-2016b9c02335', 2, '66cbf3f2-ca2b-11ed-9c60-2016b9c02335', NULL, NULL, 'leave:5:d96565c4-ca0d-11ed-b90d-2016b9c02335', NULL, '66cbf3f2-ca2b-11ed-9c60-2016b9c02335', NULL, 1, 0, 1, 0, 0, 1, NULL, '', '', 'Event_1u2autv', '2023-03-24 18:05:27.540', '1', NULL, NULL, 1, 0, 0, 0, 0, 0, 0, 0, 0, 0, NULL, NULL, NULL, NULL, NULL, NULL);
INSERT INTO `act_ru_execution` VALUES ('66cd7a9d-ca2b-11ed-9c60-2016b9c02335', 1, '66cbf3f2-ca2b-11ed-9c60-2016b9c02335', NULL, '66cbf3f2-ca2b-11ed-9c60-2016b9c02335', 'leave:5:d96565c4-ca0d-11ed-b90d-2016b9c02335', NULL, '66cbf3f2-ca2b-11ed-9c60-2016b9c02335', 'Activity_13uq05m', 1, 0, 0, 0, 0, 1, NULL, '', NULL, NULL, '2023-03-24 18:05:27.550', NULL, NULL, NULL, 1, 0, 1, 0, 0, 0, 0, 0, 0, 0, NULL, NULL, NULL, NULL, NULL, NULL);
INSERT INTO `act_ru_execution` VALUES ('7044835f-cb94-11ed-8c20-2016b9c02335', 2, '7044835f-cb94-11ed-8c20-2016b9c02335', NULL, NULL, 'check_in:1:1c85c30e-cb94-11ed-8c20-2016b9c02335', NULL, '7044835f-cb94-11ed-8c20-2016b9c02335', NULL, 1, 0, 1, 0, 0, 1, NULL, '', '', 'Event_1kkx7wh', '2023-03-26 13:09:51.749', '2', NULL, NULL, 1, 0, 0, 0, 0, 0, 0, 0, 0, 0, NULL, NULL, NULL, NULL, NULL, NULL);
INSERT INTO `act_ru_execution` VALUES ('7056abdc-cb94-11ed-8c20-2016b9c02335', 1, '7044835f-cb94-11ed-8c20-2016b9c02335', NULL, '7044835f-cb94-11ed-8c20-2016b9c02335', 'check_in:1:1c85c30e-cb94-11ed-8c20-2016b9c02335', NULL, '7044835f-cb94-11ed-8c20-2016b9c02335', 'Activity_06tm4j2', 1, 0, 0, 0, 0, 1, NULL, '', NULL, NULL, '2023-03-26 13:09:51.868', NULL, NULL, NULL, 1, 0, 1, 0, 0, 0, 0, 0, 0, 0, NULL, NULL, NULL, NULL, NULL, NULL);
INSERT INTO `act_ru_execution` VALUES ('7bf2bf1b-2097-11ed-8938-3887d5e2c283', 2, '7bf2bf1b-2097-11ed-8938-3887d5e2c283', NULL, NULL, 'leave:2:f519d4d0-1ec3-11ed-af71-3887d5e2c283', NULL, '7bf2bf1b-2097-11ed-8938-3887d5e2c283', NULL, 1, 0, 1, 0, 0, 1, NULL, '', '', 'Event_1u2autv', '2022-08-20 22:50:51.001', '1', NULL, NULL, 1, 0, 0, 0, 0, 0, 0, 0, 0, 0, NULL, NULL, NULL, NULL, NULL, NULL);
INSERT INTO `act_ru_execution` VALUES ('7bf94ed3-2097-11ed-8938-3887d5e2c283', 1, '7bf2bf1b-2097-11ed-8938-3887d5e2c283', NULL, '7bf2bf1b-2097-11ed-8938-3887d5e2c283', 'leave:2:f519d4d0-1ec3-11ed-af71-3887d5e2c283', NULL, '7bf2bf1b-2097-11ed-8938-3887d5e2c283', 'Activity_0gcxdwu', 1, 0, 0, 0, 0, 1, NULL, '', NULL, NULL, '2022-08-20 22:50:51.044', NULL, NULL, NULL, 1, 0, 1, 0, 0, 0, 0, 0, 0, 0, NULL, NULL, NULL, NULL, NULL, NULL);
INSERT INTO `act_ru_execution` VALUES ('88846633-cb94-11ed-8c20-2016b9c02335', 2, '88846633-cb94-11ed-8c20-2016b9c02335', NULL, NULL, 'check_in:1:1c85c30e-cb94-11ed-8c20-2016b9c02335', NULL, '88846633-cb94-11ed-8c20-2016b9c02335', NULL, 1, 0, 1, 0, 0, 1, NULL, '', '', 'Event_1kkx7wh', '2023-03-26 13:10:32.433', '1', NULL, NULL, 1, 0, 0, 0, 0, 0, 0, 0, 0, 0, NULL, NULL, NULL, NULL, NULL, NULL);
INSERT INTO `act_ru_execution` VALUES ('88852990-cb94-11ed-8c20-2016b9c02335', 1, '88846633-cb94-11ed-8c20-2016b9c02335', NULL, '88846633-cb94-11ed-8c20-2016b9c02335', 'check_in:1:1c85c30e-cb94-11ed-8c20-2016b9c02335', NULL, '88846633-cb94-11ed-8c20-2016b9c02335', 'Activity_06tm4j2', 1, 0, 0, 0, 0, 1, NULL, '', NULL, NULL, '2023-03-26 13:10:32.438', NULL, NULL, NULL, 1, 0, 1, 0, 0, 0, 0, 0, 0, 0, NULL, NULL, NULL, NULL, NULL, NULL);
INSERT INTO `act_ru_execution` VALUES ('996b7ca7-cb94-11ed-8c20-2016b9c02335', 2, '996b7ca7-cb94-11ed-8c20-2016b9c02335', NULL, NULL, 'repair:2:b58c1943-cb90-11ed-aa70-2016b9c02335', NULL, '996b7ca7-cb94-11ed-8c20-2016b9c02335', NULL, 1, 0, 1, 0, 0, 1, NULL, '', '', 'Event_1490ccg', '2023-03-26 13:11:00.791', '1', NULL, NULL, 1, 0, 0, 0, 0, 0, 0, 0, 0, 0, NULL, NULL, NULL, NULL, NULL, NULL);
INSERT INTO `act_ru_execution` VALUES ('996c670f-cb94-11ed-8c20-2016b9c02335', 1, '996b7ca7-cb94-11ed-8c20-2016b9c02335', NULL, '996b7ca7-cb94-11ed-8c20-2016b9c02335', 'repair:2:b58c1943-cb90-11ed-aa70-2016b9c02335', NULL, '996b7ca7-cb94-11ed-8c20-2016b9c02335', 'Activity_12hhoy5', 1, 0, 0, 0, 0, 1, NULL, '', NULL, NULL, '2023-03-26 13:11:00.797', NULL, NULL, NULL, 1, 0, 1, 0, 0, 0, 0, 0, 0, 0, NULL, NULL, NULL, NULL, NULL, NULL);
INSERT INTO `act_ru_execution` VALUES ('b8745c09-2096-11ed-b609-3887d5e2c283', 2, 'b8745c09-2096-11ed-b609-3887d5e2c283', NULL, NULL, 'leave:2:f519d4d0-1ec3-11ed-af71-3887d5e2c283', NULL, 'b8745c09-2096-11ed-b609-3887d5e2c283', NULL, 1, 0, 1, 0, 0, 1, NULL, '', '', 'Event_1u2autv', '2022-08-20 22:45:23.017', '1', NULL, NULL, 1, 0, 0, 0, 0, 0, 0, 0, 0, 0, NULL, NULL, NULL, NULL, NULL, NULL);
INSERT INTO `act_ru_execution` VALUES ('b876a601-2096-11ed-b609-3887d5e2c283', 1, 'b8745c09-2096-11ed-b609-3887d5e2c283', NULL, 'b8745c09-2096-11ed-b609-3887d5e2c283', 'leave:2:f519d4d0-1ec3-11ed-af71-3887d5e2c283', NULL, 'b8745c09-2096-11ed-b609-3887d5e2c283', 'Activity_0gcxdwu', 1, 0, 0, 0, 0, 1, NULL, '', NULL, NULL, '2022-08-20 22:45:23.032', NULL, NULL, NULL, 1, 0, 1, 0, 0, 0, 0, 0, 0, 0, NULL, NULL, NULL, NULL, NULL, NULL);
INSERT INTO `act_ru_execution` VALUES ('bf0fd521-c991-11ed-8a10-2016b9c02335', 2, 'bf0fd521-c991-11ed-8a10-2016b9c02335', '2', NULL, 'leave:2:f519d4d0-1ec3-11ed-af71-3887d5e2c283', NULL, 'bf0fd521-c991-11ed-8a10-2016b9c02335', NULL, 1, 0, 1, 0, 0, 1, NULL, '', '', 'Event_1u2autv', '2023-03-23 23:45:33.128', '1', NULL, NULL, 1, 0, 0, 0, 0, 0, 0, 0, 0, 0, NULL, NULL, NULL, NULL, NULL, NULL);
INSERT INTO `act_ru_execution` VALUES ('bf126d35-c991-11ed-8a10-2016b9c02335', 1, 'bf0fd521-c991-11ed-8a10-2016b9c02335', NULL, 'bf0fd521-c991-11ed-8a10-2016b9c02335', 'leave:2:f519d4d0-1ec3-11ed-af71-3887d5e2c283', NULL, 'bf0fd521-c991-11ed-8a10-2016b9c02335', 'Activity_0gcxdwu', 1, 0, 0, 0, 0, 1, NULL, '', NULL, NULL, '2023-03-23 23:45:33.145', NULL, NULL, NULL, 1, 0, 1, 0, 0, 0, 0, 0, 0, 0, NULL, NULL, NULL, NULL, NULL, NULL);
INSERT INTO `act_ru_execution` VALUES ('da70e12a-2095-11ed-b609-3887d5e2c283', 2, 'da70e12a-2095-11ed-b609-3887d5e2c283', NULL, NULL, 'leave:2:f519d4d0-1ec3-11ed-af71-3887d5e2c283', NULL, 'da70e12a-2095-11ed-b609-3887d5e2c283', NULL, 1, 0, 1, 0, 0, 1, NULL, '', '', 'Event_1u2autv', '2022-08-20 22:39:10.540', '1', NULL, NULL, 1, 0, 0, 0, 0, 0, 0, 0, 0, 0, NULL, NULL, NULL, NULL, NULL, NULL);
INSERT INTO `act_ru_execution` VALUES ('da71cb92-2095-11ed-b609-3887d5e2c283', 1, 'da70e12a-2095-11ed-b609-3887d5e2c283', NULL, 'da70e12a-2095-11ed-b609-3887d5e2c283', 'leave:2:f519d4d0-1ec3-11ed-af71-3887d5e2c283', NULL, 'da70e12a-2095-11ed-b609-3887d5e2c283', 'Activity_0gcxdwu', 1, 0, 0, 0, 0, 1, NULL, '', NULL, NULL, '2022-08-20 22:39:10.546', NULL, NULL, NULL, 1, 0, 1, 0, 0, 0, 0, 0, 0, 0, NULL, NULL, NULL, NULL, NULL, NULL);
INSERT INTO `act_ru_execution` VALUES ('df0c2720-ca0b-11ed-b90d-2016b9c02335', 2, 'df0c2720-ca0b-11ed-b90d-2016b9c02335', '5', NULL, 'leave:4:f49b5e34-ca0a-11ed-b90d-2016b9c02335', NULL, 'df0c2720-ca0b-11ed-b90d-2016b9c02335', NULL, 1, 0, 1, 0, 0, 1, NULL, '', '', 'Event_1u2autv', '2023-03-24 14:19:45.392', '1', NULL, NULL, 1, 0, 0, 0, 0, 0, 0, 0, 0, 0, NULL, NULL, NULL, NULL, NULL, NULL);
INSERT INTO `act_ru_execution` VALUES ('df0d3894-ca0b-11ed-b90d-2016b9c02335', 1, 'df0c2720-ca0b-11ed-b90d-2016b9c02335', NULL, 'df0c2720-ca0b-11ed-b90d-2016b9c02335', 'leave:4:f49b5e34-ca0a-11ed-b90d-2016b9c02335', NULL, 'df0c2720-ca0b-11ed-b90d-2016b9c02335', 'Activity_13uq05m', 1, 0, 0, 0, 0, 1, NULL, '', NULL, NULL, '2023-03-24 14:19:45.399', NULL, NULL, NULL, 1, 0, 1, 0, 0, 0, 0, 0, 0, 0, NULL, NULL, NULL, NULL, NULL, NULL);
INSERT INTO `act_ru_execution` VALUES ('e596e355-ca0d-11ed-b90d-2016b9c02335', 2, 'e596e355-ca0d-11ed-b90d-2016b9c02335', NULL, NULL, 'leave:5:d96565c4-ca0d-11ed-b90d-2016b9c02335', NULL, 'e596e355-ca0d-11ed-b90d-2016b9c02335', NULL, 1, 0, 1, 0, 0, 1, NULL, '', '', 'Event_1u2autv', '2023-03-24 14:34:15.361', '1', NULL, NULL, 1, 0, 0, 0, 0, 0, 0, 0, 0, 0, NULL, NULL, NULL, NULL, NULL, NULL);
INSERT INTO `act_ru_execution` VALUES ('e5a8bdb0-ca0d-11ed-b90d-2016b9c02335', 1, 'e596e355-ca0d-11ed-b90d-2016b9c02335', NULL, 'e596e355-ca0d-11ed-b90d-2016b9c02335', 'leave:5:d96565c4-ca0d-11ed-b90d-2016b9c02335', NULL, 'e596e355-ca0d-11ed-b90d-2016b9c02335', 'Activity_13uq05m', 1, 0, 0, 0, 0, 1, NULL, '', NULL, NULL, '2023-03-24 14:34:15.478', NULL, NULL, NULL, 1, 0, 1, 0, 0, 0, 0, 0, 0, 0, NULL, NULL, NULL, NULL, NULL, NULL);
INSERT INTO `act_ru_execution` VALUES ('e855f1ac-cbe1-11ed-a77c-2016b9c02335', 2, 'e855f1ac-cbe1-11ed-a77c-2016b9c02335', NULL, NULL, 'repair:2:b58c1943-cb90-11ed-aa70-2016b9c02335', NULL, 'e855f1ac-cbe1-11ed-a77c-2016b9c02335', NULL, 1, 0, 1, 0, 0, 1, NULL, '', '', 'Event_1490ccg', '2023-03-26 22:24:24.438', '2', NULL, NULL, 1, 0, 0, 0, 0, 0, 0, 0, 0, 0, NULL, NULL, NULL, NULL, NULL, NULL);
INSERT INTO `act_ru_execution` VALUES ('e8597424-cbe1-11ed-a77c-2016b9c02335', 1, 'e855f1ac-cbe1-11ed-a77c-2016b9c02335', NULL, 'e855f1ac-cbe1-11ed-a77c-2016b9c02335', 'repair:2:b58c1943-cb90-11ed-aa70-2016b9c02335', NULL, 'e855f1ac-cbe1-11ed-a77c-2016b9c02335', 'Activity_12hhoy5', 1, 0, 0, 0, 0, 1, NULL, '', NULL, NULL, '2023-03-26 22:24:24.461', NULL, NULL, NULL, 1, 0, 1, 0, 0, 0, 0, 0, 0, 0, NULL, NULL, NULL, NULL, NULL, NULL);
INSERT INTO `act_ru_execution` VALUES ('e9b53134-283f-11ed-9000-3887d5e2c283', 2, 'e9b53134-283f-11ed-9000-3887d5e2c283', NULL, NULL, 'leave:2:f519d4d0-1ec3-11ed-af71-3887d5e2c283', NULL, 'e9b53134-283f-11ed-9000-3887d5e2c283', NULL, 1, 0, 1, 0, 0, 1, NULL, '', '', 'Event_1u2autv', '2022-08-30 16:44:08.737', '1', NULL, NULL, 1, 0, 0, 0, 0, 0, 0, 0, 0, 0, NULL, NULL, NULL, NULL, NULL, NULL);
INSERT INTO `act_ru_execution` VALUES ('e9b7f05c-283f-11ed-9000-3887d5e2c283', 2, 'e9b53134-283f-11ed-9000-3887d5e2c283', NULL, 'e9b53134-283f-11ed-9000-3887d5e2c283', 'leave:2:f519d4d0-1ec3-11ed-af71-3887d5e2c283', NULL, 'e9b53134-283f-11ed-9000-3887d5e2c283', 'Activity_13uq05m', 1, 0, 0, 0, 0, 1, NULL, '', NULL, NULL, '2022-08-30 16:44:08.755', NULL, NULL, NULL, 1, 0, 1, 0, 0, 0, 0, 0, 0, 0, NULL, NULL, NULL, NULL, NULL, NULL);
INSERT INTO `act_ru_execution` VALUES ('e9d152a4-cd5f-11ed-997c-2016b9c02335', 2, 'e9d152a4-cd5f-11ed-997c-2016b9c02335', NULL, NULL, 'check_in:1:1c85c30e-cb94-11ed-8c20-2016b9c02335', NULL, 'e9d152a4-cd5f-11ed-997c-2016b9c02335', NULL, 1, 0, 1, 0, 0, 1, NULL, '', '', 'Event_1kkx7wh', '2023-03-28 19:58:54.675', '1', NULL, NULL, 1, 0, 0, 0, 0, 0, 0, 0, 0, 0, NULL, NULL, NULL, NULL, NULL, NULL);
INSERT INTO `act_ru_execution` VALUES ('e9d71f11-cd5f-11ed-997c-2016b9c02335', 1, 'e9d152a4-cd5f-11ed-997c-2016b9c02335', NULL, 'e9d152a4-cd5f-11ed-997c-2016b9c02335', 'check_in:1:1c85c30e-cb94-11ed-8c20-2016b9c02335', NULL, 'e9d152a4-cd5f-11ed-997c-2016b9c02335', 'Activity_06tm4j2', 1, 0, 0, 0, 0, 1, NULL, '', NULL, NULL, '2023-03-28 19:58:54.713', NULL, NULL, NULL, 1, 0, 1, 0, 0, 0, 0, 0, 0, 0, NULL, NULL, NULL, NULL, NULL, NULL);

-- ----------------------------
-- Table structure for act_ru_external_job
-- ----------------------------
DROP TABLE IF EXISTS `act_ru_external_job`;
CREATE TABLE `act_ru_external_job`  (
  `ID_` varchar(64) CHARACTER SET utf8 COLLATE utf8_bin NOT NULL,
  `REV_` int(11) NULL DEFAULT NULL,
  `CATEGORY_` varchar(255) CHARACTER SET utf8 COLLATE utf8_bin NULL DEFAULT NULL,
  `TYPE_` varchar(255) CHARACTER SET utf8 COLLATE utf8_bin NOT NULL,
  `LOCK_EXP_TIME_` timestamp(3) NULL DEFAULT NULL,
  `LOCK_OWNER_` varchar(255) CHARACTER SET utf8 COLLATE utf8_bin NULL DEFAULT NULL,
  `EXCLUSIVE_` tinyint(1) NULL DEFAULT NULL,
  `EXECUTION_ID_` varchar(64) CHARACTER SET utf8 COLLATE utf8_bin NULL DEFAULT NULL,
  `PROCESS_INSTANCE_ID_` varchar(64) CHARACTER SET utf8 COLLATE utf8_bin NULL DEFAULT NULL,
  `PROC_DEF_ID_` varchar(64) CHARACTER SET utf8 COLLATE utf8_bin NULL DEFAULT NULL,
  `ELEMENT_ID_` varchar(255) CHARACTER SET utf8 COLLATE utf8_bin NULL DEFAULT NULL,
  `ELEMENT_NAME_` varchar(255) CHARACTER SET utf8 COLLATE utf8_bin NULL DEFAULT NULL,
  `SCOPE_ID_` varchar(255) CHARACTER SET utf8 COLLATE utf8_bin NULL DEFAULT NULL,
  `SUB_SCOPE_ID_` varchar(255) CHARACTER SET utf8 COLLATE utf8_bin NULL DEFAULT NULL,
  `SCOPE_TYPE_` varchar(255) CHARACTER SET utf8 COLLATE utf8_bin NULL DEFAULT NULL,
  `SCOPE_DEFINITION_ID_` varchar(255) CHARACTER SET utf8 COLLATE utf8_bin NULL DEFAULT NULL,
  `CORRELATION_ID_` varchar(255) CHARACTER SET utf8 COLLATE utf8_bin NULL DEFAULT NULL,
  `RETRIES_` int(11) NULL DEFAULT NULL,
  `EXCEPTION_STACK_ID_` varchar(64) CHARACTER SET utf8 COLLATE utf8_bin NULL DEFAULT NULL,
  `EXCEPTION_MSG_` varchar(4000) CHARACTER SET utf8 COLLATE utf8_bin NULL DEFAULT NULL,
  `DUEDATE_` timestamp(3) NULL DEFAULT NULL,
  `REPEAT_` varchar(255) CHARACTER SET utf8 COLLATE utf8_bin NULL DEFAULT NULL,
  `HANDLER_TYPE_` varchar(255) CHARACTER SET utf8 COLLATE utf8_bin NULL DEFAULT NULL,
  `HANDLER_CFG_` varchar(4000) CHARACTER SET utf8 COLLATE utf8_bin NULL DEFAULT NULL,
  `CUSTOM_VALUES_ID_` varchar(64) CHARACTER SET utf8 COLLATE utf8_bin NULL DEFAULT NULL,
  `CREATE_TIME_` timestamp(3) NULL DEFAULT NULL,
  `TENANT_ID_` varchar(255) CHARACTER SET utf8 COLLATE utf8_bin NULL DEFAULT '',
  PRIMARY KEY (`ID_`) USING BTREE,
  INDEX `ACT_IDX_EXTERNAL_JOB_EXCEPTION_STACK_ID`(`EXCEPTION_STACK_ID_`) USING BTREE,
  INDEX `ACT_IDX_EXTERNAL_JOB_CUSTOM_VALUES_ID`(`CUSTOM_VALUES_ID_`) USING BTREE,
  INDEX `ACT_IDX_EXTERNAL_JOB_CORRELATION_ID`(`CORRELATION_ID_`) USING BTREE,
  INDEX `ACT_IDX_EJOB_SCOPE`(`SCOPE_ID_`, `SCOPE_TYPE_`) USING BTREE,
  INDEX `ACT_IDX_EJOB_SUB_SCOPE`(`SUB_SCOPE_ID_`, `SCOPE_TYPE_`) USING BTREE,
  INDEX `ACT_IDX_EJOB_SCOPE_DEF`(`SCOPE_DEFINITION_ID_`, `SCOPE_TYPE_`) USING BTREE,
  CONSTRAINT `ACT_FK_EXTERNAL_JOB_CUSTOM_VALUES` FOREIGN KEY (`CUSTOM_VALUES_ID_`) REFERENCES `act_ge_bytearray` (`ID_`) ON DELETE RESTRICT ON UPDATE RESTRICT,
  CONSTRAINT `ACT_FK_EXTERNAL_JOB_EXCEPTION` FOREIGN KEY (`EXCEPTION_STACK_ID_`) REFERENCES `act_ge_bytearray` (`ID_`) ON DELETE RESTRICT ON UPDATE RESTRICT
) ENGINE = InnoDB CHARACTER SET = utf8 COLLATE = utf8_bin ROW_FORMAT = COMPACT;

-- ----------------------------
-- Records of act_ru_external_job
-- ----------------------------

-- ----------------------------
-- Table structure for act_ru_history_job
-- ----------------------------
DROP TABLE IF EXISTS `act_ru_history_job`;
CREATE TABLE `act_ru_history_job`  (
  `ID_` varchar(64) CHARACTER SET utf8 COLLATE utf8_bin NOT NULL,
  `REV_` int(11) NULL DEFAULT NULL,
  `LOCK_EXP_TIME_` timestamp(3) NULL DEFAULT NULL,
  `LOCK_OWNER_` varchar(255) CHARACTER SET utf8 COLLATE utf8_bin NULL DEFAULT NULL,
  `RETRIES_` int(11) NULL DEFAULT NULL,
  `EXCEPTION_STACK_ID_` varchar(64) CHARACTER SET utf8 COLLATE utf8_bin NULL DEFAULT NULL,
  `EXCEPTION_MSG_` varchar(4000) CHARACTER SET utf8 COLLATE utf8_bin NULL DEFAULT NULL,
  `HANDLER_TYPE_` varchar(255) CHARACTER SET utf8 COLLATE utf8_bin NULL DEFAULT NULL,
  `HANDLER_CFG_` varchar(4000) CHARACTER SET utf8 COLLATE utf8_bin NULL DEFAULT NULL,
  `CUSTOM_VALUES_ID_` varchar(64) CHARACTER SET utf8 COLLATE utf8_bin NULL DEFAULT NULL,
  `ADV_HANDLER_CFG_ID_` varchar(64) CHARACTER SET utf8 COLLATE utf8_bin NULL DEFAULT NULL,
  `CREATE_TIME_` timestamp(3) NULL DEFAULT NULL,
  `SCOPE_TYPE_` varchar(255) CHARACTER SET utf8 COLLATE utf8_bin NULL DEFAULT NULL,
  `TENANT_ID_` varchar(255) CHARACTER SET utf8 COLLATE utf8_bin NULL DEFAULT '',
  PRIMARY KEY (`ID_`) USING BTREE
) ENGINE = InnoDB CHARACTER SET = utf8 COLLATE = utf8_bin ROW_FORMAT = COMPACT;

-- ----------------------------
-- Records of act_ru_history_job
-- ----------------------------

-- ----------------------------
-- Table structure for act_ru_identitylink
-- ----------------------------
DROP TABLE IF EXISTS `act_ru_identitylink`;
CREATE TABLE `act_ru_identitylink`  (
  `ID_` varchar(64) CHARACTER SET utf8 COLLATE utf8_bin NOT NULL,
  `REV_` int(11) NULL DEFAULT NULL,
  `GROUP_ID_` varchar(255) CHARACTER SET utf8 COLLATE utf8_bin NULL DEFAULT NULL,
  `TYPE_` varchar(255) CHARACTER SET utf8 COLLATE utf8_bin NULL DEFAULT NULL,
  `USER_ID_` varchar(255) CHARACTER SET utf8 COLLATE utf8_bin NULL DEFAULT NULL,
  `TASK_ID_` varchar(64) CHARACTER SET utf8 COLLATE utf8_bin NULL DEFAULT NULL,
  `PROC_INST_ID_` varchar(64) CHARACTER SET utf8 COLLATE utf8_bin NULL DEFAULT NULL,
  `PROC_DEF_ID_` varchar(64) CHARACTER SET utf8 COLLATE utf8_bin NULL DEFAULT NULL,
  `SCOPE_ID_` varchar(255) CHARACTER SET utf8 COLLATE utf8_bin NULL DEFAULT NULL,
  `SUB_SCOPE_ID_` varchar(255) CHARACTER SET utf8 COLLATE utf8_bin NULL DEFAULT NULL,
  `SCOPE_TYPE_` varchar(255) CHARACTER SET utf8 COLLATE utf8_bin NULL DEFAULT NULL,
  `SCOPE_DEFINITION_ID_` varchar(255) CHARACTER SET utf8 COLLATE utf8_bin NULL DEFAULT NULL,
  PRIMARY KEY (`ID_`) USING BTREE,
  INDEX `ACT_IDX_IDENT_LNK_USER`(`USER_ID_`) USING BTREE,
  INDEX `ACT_IDX_IDENT_LNK_GROUP`(`GROUP_ID_`) USING BTREE,
  INDEX `ACT_IDX_IDENT_LNK_SCOPE`(`SCOPE_ID_`, `SCOPE_TYPE_`) USING BTREE,
  INDEX `ACT_IDX_IDENT_LNK_SUB_SCOPE`(`SUB_SCOPE_ID_`, `SCOPE_TYPE_`) USING BTREE,
  INDEX `ACT_IDX_IDENT_LNK_SCOPE_DEF`(`SCOPE_DEFINITION_ID_`, `SCOPE_TYPE_`) USING BTREE,
  INDEX `ACT_IDX_ATHRZ_PROCEDEF`(`PROC_DEF_ID_`) USING BTREE,
  INDEX `ACT_FK_TSKASS_TASK`(`TASK_ID_`) USING BTREE,
  INDEX `ACT_FK_IDL_PROCINST`(`PROC_INST_ID_`) USING BTREE,
  CONSTRAINT `ACT_FK_ATHRZ_PROCEDEF` FOREIGN KEY (`PROC_DEF_ID_`) REFERENCES `act_re_procdef` (`ID_`) ON DELETE RESTRICT ON UPDATE RESTRICT,
  CONSTRAINT `ACT_FK_IDL_PROCINST` FOREIGN KEY (`PROC_INST_ID_`) REFERENCES `act_ru_execution` (`ID_`) ON DELETE RESTRICT ON UPDATE RESTRICT,
  CONSTRAINT `ACT_FK_TSKASS_TASK` FOREIGN KEY (`TASK_ID_`) REFERENCES `act_ru_task` (`ID_`) ON DELETE RESTRICT ON UPDATE RESTRICT
) ENGINE = InnoDB CHARACTER SET = utf8 COLLATE = utf8_bin ROW_FORMAT = COMPACT;

-- ----------------------------
-- Records of act_ru_identitylink
-- ----------------------------
INSERT INTO `act_ru_identitylink` VALUES ('0a24aec9-2097-11ed-b609-3887d5e2c283', 1, NULL, 'starter', '1', NULL, '0a24aec8-2097-11ed-b609-3887d5e2c283', NULL, NULL, NULL, NULL, NULL);
INSERT INTO `act_ru_identitylink` VALUES ('0a2969c6-2097-11ed-b609-3887d5e2c283', 1, NULL, 'participant', '2', NULL, '0a24aec8-2097-11ed-b609-3887d5e2c283', NULL, NULL, NULL, NULL, NULL);
INSERT INTO `act_ru_identitylink` VALUES ('26d31173-2843-11ed-9000-3887d5e2c283', 1, NULL, 'participant', '2', NULL, 'e9b53134-283f-11ed-9000-3887d5e2c283', NULL, NULL, NULL, NULL, NULL);
INSERT INTO `act_ru_identitylink` VALUES ('26dd98c8-2843-11ed-9000-3887d5e2c283', 1, NULL, 'participant', '4', NULL, 'e9b53134-283f-11ed-9000-3887d5e2c283', NULL, NULL, NULL, NULL, NULL);
INSERT INTO `act_ru_identitylink` VALUES ('31b3ab1c-ca0c-11ed-b90d-2016b9c02335', 1, NULL, 'starter', '1', NULL, '31b3ab1b-ca0c-11ed-b90d-2016b9c02335', NULL, NULL, NULL, NULL, NULL);
INSERT INTO `act_ru_identitylink` VALUES ('31b72d95-ca0c-11ed-b90d-2016b9c02335', 1, NULL, 'participant', '1', NULL, '31b3ab1b-ca0c-11ed-b90d-2016b9c02335', NULL, NULL, NULL, NULL, NULL);
INSERT INTO `act_ru_identitylink` VALUES ('50fed687-ca0c-11ed-b90d-2016b9c02335', 1, NULL, 'starter', '1', NULL, '50fed686-ca0c-11ed-b90d-2016b9c02335', NULL, NULL, NULL, NULL, NULL);
INSERT INTO `act_ru_identitylink` VALUES ('5102ce30-ca0c-11ed-b90d-2016b9c02335', 1, NULL, 'participant', '1', NULL, '50fed686-ca0c-11ed-b90d-2016b9c02335', NULL, NULL, NULL, NULL, NULL);
INSERT INTO `act_ru_identitylink` VALUES ('53a47066-ca0b-11ed-b90d-2016b9c02335', 1, NULL, 'starter', '1', NULL, '53a44955-ca0b-11ed-b90d-2016b9c02335', NULL, NULL, NULL, NULL, NULL);
INSERT INTO `act_ru_identitylink` VALUES ('53b475ff-ca0b-11ed-b90d-2016b9c02335', 1, NULL, 'participant', '1', NULL, '53a44955-ca0b-11ed-b90d-2016b9c02335', NULL, NULL, NULL, NULL, NULL);
INSERT INTO `act_ru_identitylink` VALUES ('59bfcc8c-cbe3-11ed-a77c-2016b9c02335', 1, NULL, 'starter', '2', NULL, '59bfa57b-cbe3-11ed-a77c-2016b9c02335', NULL, NULL, NULL, NULL, NULL);
INSERT INTO `act_ru_identitylink` VALUES ('59c37619-cbe3-11ed-a77c-2016b9c02335', 1, NULL, 'participant', '3', NULL, '59bfa57b-cbe3-11ed-a77c-2016b9c02335', NULL, NULL, NULL, NULL, NULL);
INSERT INTO `act_ru_identitylink` VALUES ('66cbf3f3-ca2b-11ed-9c60-2016b9c02335', 1, NULL, 'starter', '1', NULL, '66cbf3f2-ca2b-11ed-9c60-2016b9c02335', NULL, NULL, NULL, NULL, NULL);
INSERT INTO `act_ru_identitylink` VALUES ('66d36e13-ca2b-11ed-9c60-2016b9c02335', 1, NULL, 'participant', '1', NULL, '66cbf3f2-ca2b-11ed-9c60-2016b9c02335', NULL, NULL, NULL, NULL, NULL);
INSERT INTO `act_ru_identitylink` VALUES ('7044aa70-cb94-11ed-8c20-2016b9c02335', 1, NULL, 'starter', '2', NULL, '7044835f-cb94-11ed-8c20-2016b9c02335', NULL, NULL, NULL, NULL, NULL);
INSERT INTO `act_ru_identitylink` VALUES ('70683812-cb94-11ed-8c20-2016b9c02335', 1, NULL, 'participant', '4', NULL, '7044835f-cb94-11ed-8c20-2016b9c02335', NULL, NULL, NULL, NULL, NULL);
INSERT INTO `act_ru_identitylink` VALUES ('7bf2bf1c-2097-11ed-8938-3887d5e2c283', 1, NULL, 'starter', '1', NULL, '7bf2bf1b-2097-11ed-8938-3887d5e2c283', NULL, NULL, NULL, NULL, NULL);
INSERT INTO `act_ru_identitylink` VALUES ('7c0a3ec9-2097-11ed-8938-3887d5e2c283', 1, NULL, 'participant', '2', NULL, '7bf2bf1b-2097-11ed-8938-3887d5e2c283', NULL, NULL, NULL, NULL, NULL);
INSERT INTO `act_ru_identitylink` VALUES ('88846634-cb94-11ed-8c20-2016b9c02335', 1, NULL, 'starter', '1', NULL, '88846633-cb94-11ed-8c20-2016b9c02335', NULL, NULL, NULL, NULL, NULL);
INSERT INTO `act_ru_identitylink` VALUES ('8887c1a6-cb94-11ed-8c20-2016b9c02335', 1, NULL, 'participant', '2', NULL, '88846633-cb94-11ed-8c20-2016b9c02335', NULL, NULL, NULL, NULL, NULL);
INSERT INTO `act_ru_identitylink` VALUES ('8af88c6a-cbe4-11ed-a77c-2016b9c02335', 1, NULL, 'participant', '3', NULL, '59bfa57b-cbe3-11ed-a77c-2016b9c02335', NULL, NULL, NULL, NULL, NULL);
INSERT INTO `act_ru_identitylink` VALUES ('93a43e9f-cbe4-11ed-a77c-2016b9c02335', 1, NULL, 'participant', '3', NULL, '59bfa57b-cbe3-11ed-a77c-2016b9c02335', NULL, NULL, NULL, NULL, NULL);
INSERT INTO `act_ru_identitylink` VALUES ('93a79a04-cbe4-11ed-a77c-2016b9c02335', 1, NULL, 'participant', '2', NULL, '59bfa57b-cbe3-11ed-a77c-2016b9c02335', NULL, NULL, NULL, NULL, NULL);
INSERT INTO `act_ru_identitylink` VALUES ('996b7ca8-cb94-11ed-8c20-2016b9c02335', 1, NULL, 'starter', '1', NULL, '996b7ca7-cb94-11ed-8c20-2016b9c02335', NULL, NULL, NULL, NULL, NULL);
INSERT INTO `act_ru_identitylink` VALUES ('996e62e5-cb94-11ed-8c20-2016b9c02335', 1, NULL, 'participant', '2', NULL, '996b7ca7-cb94-11ed-8c20-2016b9c02335', NULL, NULL, NULL, NULL, NULL);
INSERT INTO `act_ru_identitylink` VALUES ('b8745c0a-2096-11ed-b609-3887d5e2c283', 1, NULL, 'starter', '1', NULL, 'b8745c09-2096-11ed-b609-3887d5e2c283', NULL, NULL, NULL, NULL, NULL);
INSERT INTO `act_ru_identitylink` VALUES ('b878eff7-2096-11ed-b609-3887d5e2c283', 1, NULL, 'participant', '2', NULL, 'b8745c09-2096-11ed-b609-3887d5e2c283', NULL, NULL, NULL, NULL, NULL);
INSERT INTO `act_ru_identitylink` VALUES ('bf102342-c991-11ed-8a10-2016b9c02335', 1, NULL, 'starter', '1', NULL, 'bf0fd521-c991-11ed-8a10-2016b9c02335', NULL, NULL, NULL, NULL, NULL);
INSERT INTO `act_ru_identitylink` VALUES ('bf2495ab-c991-11ed-8a10-2016b9c02335', 1, NULL, 'participant', '2', NULL, 'bf0fd521-c991-11ed-8a10-2016b9c02335', NULL, NULL, NULL, NULL, NULL);
INSERT INTO `act_ru_identitylink` VALUES ('da70e12b-2095-11ed-b609-3887d5e2c283', 1, NULL, 'starter', '1', NULL, 'da70e12a-2095-11ed-b609-3887d5e2c283', NULL, NULL, NULL, NULL, NULL);
INSERT INTO `act_ru_identitylink` VALUES ('da74b1c8-2095-11ed-b609-3887d5e2c283', 1, NULL, 'participant', '2', NULL, 'da70e12a-2095-11ed-b609-3887d5e2c283', NULL, NULL, NULL, NULL, NULL);
INSERT INTO `act_ru_identitylink` VALUES ('df0c2721-ca0b-11ed-b90d-2016b9c02335', 1, NULL, 'starter', '1', NULL, 'df0c2720-ca0b-11ed-b90d-2016b9c02335', NULL, NULL, NULL, NULL, NULL);
INSERT INTO `act_ru_identitylink` VALUES ('df11092a-ca0b-11ed-b90d-2016b9c02335', 1, NULL, 'participant', '1', NULL, 'df0c2720-ca0b-11ed-b90d-2016b9c02335', NULL, NULL, NULL, NULL, NULL);
INSERT INTO `act_ru_identitylink` VALUES ('e596e356-ca0d-11ed-b90d-2016b9c02335', 1, NULL, 'starter', '1', NULL, 'e596e355-ca0d-11ed-b90d-2016b9c02335', NULL, NULL, NULL, NULL, NULL);
INSERT INTO `act_ru_identitylink` VALUES ('e5aae096-ca0d-11ed-b90d-2016b9c02335', 1, NULL, 'participant', '1', NULL, 'e596e355-ca0d-11ed-b90d-2016b9c02335', NULL, NULL, NULL, NULL, NULL);
INSERT INTO `act_ru_identitylink` VALUES ('e8563fcd-cbe1-11ed-a77c-2016b9c02335', 1, NULL, 'starter', '2', NULL, 'e855f1ac-cbe1-11ed-a77c-2016b9c02335', NULL, NULL, NULL, NULL, NULL);
INSERT INTO `act_ru_identitylink` VALUES ('e874eb6a-cbe1-11ed-a77c-2016b9c02335', 1, NULL, 'participant', '3', NULL, 'e855f1ac-cbe1-11ed-a77c-2016b9c02335', NULL, NULL, NULL, NULL, NULL);
INSERT INTO `act_ru_identitylink` VALUES ('e9b55845-283f-11ed-9000-3887d5e2c283', 1, NULL, 'starter', '1', NULL, 'e9b53134-283f-11ed-9000-3887d5e2c283', NULL, NULL, NULL, NULL, NULL);
INSERT INTO `act_ru_identitylink` VALUES ('e9c64842-283f-11ed-9000-3887d5e2c283', 1, NULL, 'participant', '2', NULL, 'e9b53134-283f-11ed-9000-3887d5e2c283', NULL, NULL, NULL, NULL, NULL);
INSERT INTO `act_ru_identitylink` VALUES ('e9d179b5-cd5f-11ed-997c-2016b9c02335', 1, NULL, 'starter', '1', NULL, 'e9d152a4-cd5f-11ed-997c-2016b9c02335', NULL, NULL, NULL, NULL, NULL);
INSERT INTO `act_ru_identitylink` VALUES ('e9f4e047-cd5f-11ed-997c-2016b9c02335', 1, NULL, 'participant', '4', NULL, 'e9d152a4-cd5f-11ed-997c-2016b9c02335', NULL, NULL, NULL, NULL, NULL);

-- ----------------------------
-- Table structure for act_ru_job
-- ----------------------------
DROP TABLE IF EXISTS `act_ru_job`;
CREATE TABLE `act_ru_job`  (
  `ID_` varchar(64) CHARACTER SET utf8 COLLATE utf8_bin NOT NULL,
  `REV_` int(11) NULL DEFAULT NULL,
  `CATEGORY_` varchar(255) CHARACTER SET utf8 COLLATE utf8_bin NULL DEFAULT NULL,
  `TYPE_` varchar(255) CHARACTER SET utf8 COLLATE utf8_bin NOT NULL,
  `LOCK_EXP_TIME_` timestamp(3) NULL DEFAULT NULL,
  `LOCK_OWNER_` varchar(255) CHARACTER SET utf8 COLLATE utf8_bin NULL DEFAULT NULL,
  `EXCLUSIVE_` tinyint(1) NULL DEFAULT NULL,
  `EXECUTION_ID_` varchar(64) CHARACTER SET utf8 COLLATE utf8_bin NULL DEFAULT NULL,
  `PROCESS_INSTANCE_ID_` varchar(64) CHARACTER SET utf8 COLLATE utf8_bin NULL DEFAULT NULL,
  `PROC_DEF_ID_` varchar(64) CHARACTER SET utf8 COLLATE utf8_bin NULL DEFAULT NULL,
  `ELEMENT_ID_` varchar(255) CHARACTER SET utf8 COLLATE utf8_bin NULL DEFAULT NULL,
  `ELEMENT_NAME_` varchar(255) CHARACTER SET utf8 COLLATE utf8_bin NULL DEFAULT NULL,
  `SCOPE_ID_` varchar(255) CHARACTER SET utf8 COLLATE utf8_bin NULL DEFAULT NULL,
  `SUB_SCOPE_ID_` varchar(255) CHARACTER SET utf8 COLLATE utf8_bin NULL DEFAULT NULL,
  `SCOPE_TYPE_` varchar(255) CHARACTER SET utf8 COLLATE utf8_bin NULL DEFAULT NULL,
  `SCOPE_DEFINITION_ID_` varchar(255) CHARACTER SET utf8 COLLATE utf8_bin NULL DEFAULT NULL,
  `CORRELATION_ID_` varchar(255) CHARACTER SET utf8 COLLATE utf8_bin NULL DEFAULT NULL,
  `RETRIES_` int(11) NULL DEFAULT NULL,
  `EXCEPTION_STACK_ID_` varchar(64) CHARACTER SET utf8 COLLATE utf8_bin NULL DEFAULT NULL,
  `EXCEPTION_MSG_` varchar(4000) CHARACTER SET utf8 COLLATE utf8_bin NULL DEFAULT NULL,
  `DUEDATE_` timestamp(3) NULL DEFAULT NULL,
  `REPEAT_` varchar(255) CHARACTER SET utf8 COLLATE utf8_bin NULL DEFAULT NULL,
  `HANDLER_TYPE_` varchar(255) CHARACTER SET utf8 COLLATE utf8_bin NULL DEFAULT NULL,
  `HANDLER_CFG_` varchar(4000) CHARACTER SET utf8 COLLATE utf8_bin NULL DEFAULT NULL,
  `CUSTOM_VALUES_ID_` varchar(64) CHARACTER SET utf8 COLLATE utf8_bin NULL DEFAULT NULL,
  `CREATE_TIME_` timestamp(3) NULL DEFAULT NULL,
  `TENANT_ID_` varchar(255) CHARACTER SET utf8 COLLATE utf8_bin NULL DEFAULT '',
  PRIMARY KEY (`ID_`) USING BTREE,
  INDEX `ACT_IDX_JOB_EXCEPTION_STACK_ID`(`EXCEPTION_STACK_ID_`) USING BTREE,
  INDEX `ACT_IDX_JOB_CUSTOM_VALUES_ID`(`CUSTOM_VALUES_ID_`) USING BTREE,
  INDEX `ACT_IDX_JOB_CORRELATION_ID`(`CORRELATION_ID_`) USING BTREE,
  INDEX `ACT_IDX_JOB_SCOPE`(`SCOPE_ID_`, `SCOPE_TYPE_`) USING BTREE,
  INDEX `ACT_IDX_JOB_SUB_SCOPE`(`SUB_SCOPE_ID_`, `SCOPE_TYPE_`) USING BTREE,
  INDEX `ACT_IDX_JOB_SCOPE_DEF`(`SCOPE_DEFINITION_ID_`, `SCOPE_TYPE_`) USING BTREE,
  INDEX `ACT_FK_JOB_EXECUTION`(`EXECUTION_ID_`) USING BTREE,
  INDEX `ACT_FK_JOB_PROCESS_INSTANCE`(`PROCESS_INSTANCE_ID_`) USING BTREE,
  INDEX `ACT_FK_JOB_PROC_DEF`(`PROC_DEF_ID_`) USING BTREE,
  CONSTRAINT `ACT_FK_JOB_CUSTOM_VALUES` FOREIGN KEY (`CUSTOM_VALUES_ID_`) REFERENCES `act_ge_bytearray` (`ID_`) ON DELETE RESTRICT ON UPDATE RESTRICT,
  CONSTRAINT `ACT_FK_JOB_EXCEPTION` FOREIGN KEY (`EXCEPTION_STACK_ID_`) REFERENCES `act_ge_bytearray` (`ID_`) ON DELETE RESTRICT ON UPDATE RESTRICT,
  CONSTRAINT `ACT_FK_JOB_EXECUTION` FOREIGN KEY (`EXECUTION_ID_`) REFERENCES `act_ru_execution` (`ID_`) ON DELETE RESTRICT ON UPDATE RESTRICT,
  CONSTRAINT `ACT_FK_JOB_PROCESS_INSTANCE` FOREIGN KEY (`PROCESS_INSTANCE_ID_`) REFERENCES `act_ru_execution` (`ID_`) ON DELETE RESTRICT ON UPDATE RESTRICT,
  CONSTRAINT `ACT_FK_JOB_PROC_DEF` FOREIGN KEY (`PROC_DEF_ID_`) REFERENCES `act_re_procdef` (`ID_`) ON DELETE RESTRICT ON UPDATE RESTRICT
) ENGINE = InnoDB CHARACTER SET = utf8 COLLATE = utf8_bin ROW_FORMAT = COMPACT;

-- ----------------------------
-- Records of act_ru_job
-- ----------------------------

-- ----------------------------
-- Table structure for act_ru_suspended_job
-- ----------------------------
DROP TABLE IF EXISTS `act_ru_suspended_job`;
CREATE TABLE `act_ru_suspended_job`  (
  `ID_` varchar(64) CHARACTER SET utf8 COLLATE utf8_bin NOT NULL,
  `REV_` int(11) NULL DEFAULT NULL,
  `CATEGORY_` varchar(255) CHARACTER SET utf8 COLLATE utf8_bin NULL DEFAULT NULL,
  `TYPE_` varchar(255) CHARACTER SET utf8 COLLATE utf8_bin NOT NULL,
  `EXCLUSIVE_` tinyint(1) NULL DEFAULT NULL,
  `EXECUTION_ID_` varchar(64) CHARACTER SET utf8 COLLATE utf8_bin NULL DEFAULT NULL,
  `PROCESS_INSTANCE_ID_` varchar(64) CHARACTER SET utf8 COLLATE utf8_bin NULL DEFAULT NULL,
  `PROC_DEF_ID_` varchar(64) CHARACTER SET utf8 COLLATE utf8_bin NULL DEFAULT NULL,
  `ELEMENT_ID_` varchar(255) CHARACTER SET utf8 COLLATE utf8_bin NULL DEFAULT NULL,
  `ELEMENT_NAME_` varchar(255) CHARACTER SET utf8 COLLATE utf8_bin NULL DEFAULT NULL,
  `SCOPE_ID_` varchar(255) CHARACTER SET utf8 COLLATE utf8_bin NULL DEFAULT NULL,
  `SUB_SCOPE_ID_` varchar(255) CHARACTER SET utf8 COLLATE utf8_bin NULL DEFAULT NULL,
  `SCOPE_TYPE_` varchar(255) CHARACTER SET utf8 COLLATE utf8_bin NULL DEFAULT NULL,
  `SCOPE_DEFINITION_ID_` varchar(255) CHARACTER SET utf8 COLLATE utf8_bin NULL DEFAULT NULL,
  `CORRELATION_ID_` varchar(255) CHARACTER SET utf8 COLLATE utf8_bin NULL DEFAULT NULL,
  `RETRIES_` int(11) NULL DEFAULT NULL,
  `EXCEPTION_STACK_ID_` varchar(64) CHARACTER SET utf8 COLLATE utf8_bin NULL DEFAULT NULL,
  `EXCEPTION_MSG_` varchar(4000) CHARACTER SET utf8 COLLATE utf8_bin NULL DEFAULT NULL,
  `DUEDATE_` timestamp(3) NULL DEFAULT NULL,
  `REPEAT_` varchar(255) CHARACTER SET utf8 COLLATE utf8_bin NULL DEFAULT NULL,
  `HANDLER_TYPE_` varchar(255) CHARACTER SET utf8 COLLATE utf8_bin NULL DEFAULT NULL,
  `HANDLER_CFG_` varchar(4000) CHARACTER SET utf8 COLLATE utf8_bin NULL DEFAULT NULL,
  `CUSTOM_VALUES_ID_` varchar(64) CHARACTER SET utf8 COLLATE utf8_bin NULL DEFAULT NULL,
  `CREATE_TIME_` timestamp(3) NULL DEFAULT NULL,
  `TENANT_ID_` varchar(255) CHARACTER SET utf8 COLLATE utf8_bin NULL DEFAULT '',
  PRIMARY KEY (`ID_`) USING BTREE,
  INDEX `ACT_IDX_SUSPENDED_JOB_EXCEPTION_STACK_ID`(`EXCEPTION_STACK_ID_`) USING BTREE,
  INDEX `ACT_IDX_SUSPENDED_JOB_CUSTOM_VALUES_ID`(`CUSTOM_VALUES_ID_`) USING BTREE,
  INDEX `ACT_IDX_SUSPENDED_JOB_CORRELATION_ID`(`CORRELATION_ID_`) USING BTREE,
  INDEX `ACT_IDX_SJOB_SCOPE`(`SCOPE_ID_`, `SCOPE_TYPE_`) USING BTREE,
  INDEX `ACT_IDX_SJOB_SUB_SCOPE`(`SUB_SCOPE_ID_`, `SCOPE_TYPE_`) USING BTREE,
  INDEX `ACT_IDX_SJOB_SCOPE_DEF`(`SCOPE_DEFINITION_ID_`, `SCOPE_TYPE_`) USING BTREE,
  INDEX `ACT_FK_SUSPENDED_JOB_EXECUTION`(`EXECUTION_ID_`) USING BTREE,
  INDEX `ACT_FK_SUSPENDED_JOB_PROCESS_INSTANCE`(`PROCESS_INSTANCE_ID_`) USING BTREE,
  INDEX `ACT_FK_SUSPENDED_JOB_PROC_DEF`(`PROC_DEF_ID_`) USING BTREE,
  CONSTRAINT `ACT_FK_SUSPENDED_JOB_CUSTOM_VALUES` FOREIGN KEY (`CUSTOM_VALUES_ID_`) REFERENCES `act_ge_bytearray` (`ID_`) ON DELETE RESTRICT ON UPDATE RESTRICT,
  CONSTRAINT `ACT_FK_SUSPENDED_JOB_EXCEPTION` FOREIGN KEY (`EXCEPTION_STACK_ID_`) REFERENCES `act_ge_bytearray` (`ID_`) ON DELETE RESTRICT ON UPDATE RESTRICT,
  CONSTRAINT `ACT_FK_SUSPENDED_JOB_EXECUTION` FOREIGN KEY (`EXECUTION_ID_`) REFERENCES `act_ru_execution` (`ID_`) ON DELETE RESTRICT ON UPDATE RESTRICT,
  CONSTRAINT `ACT_FK_SUSPENDED_JOB_PROCESS_INSTANCE` FOREIGN KEY (`PROCESS_INSTANCE_ID_`) REFERENCES `act_ru_execution` (`ID_`) ON DELETE RESTRICT ON UPDATE RESTRICT,
  CONSTRAINT `ACT_FK_SUSPENDED_JOB_PROC_DEF` FOREIGN KEY (`PROC_DEF_ID_`) REFERENCES `act_re_procdef` (`ID_`) ON DELETE RESTRICT ON UPDATE RESTRICT
) ENGINE = InnoDB CHARACTER SET = utf8 COLLATE = utf8_bin ROW_FORMAT = COMPACT;

-- ----------------------------
-- Records of act_ru_suspended_job
-- ----------------------------

-- ----------------------------
-- Table structure for act_ru_task
-- ----------------------------
DROP TABLE IF EXISTS `act_ru_task`;
CREATE TABLE `act_ru_task`  (
  `ID_` varchar(64) CHARACTER SET utf8 COLLATE utf8_bin NOT NULL,
  `REV_` int(11) NULL DEFAULT NULL,
  `EXECUTION_ID_` varchar(64) CHARACTER SET utf8 COLLATE utf8_bin NULL DEFAULT NULL,
  `PROC_INST_ID_` varchar(64) CHARACTER SET utf8 COLLATE utf8_bin NULL DEFAULT NULL,
  `PROC_DEF_ID_` varchar(64) CHARACTER SET utf8 COLLATE utf8_bin NULL DEFAULT NULL,
  `TASK_DEF_ID_` varchar(64) CHARACTER SET utf8 COLLATE utf8_bin NULL DEFAULT NULL,
  `SCOPE_ID_` varchar(255) CHARACTER SET utf8 COLLATE utf8_bin NULL DEFAULT NULL,
  `SUB_SCOPE_ID_` varchar(255) CHARACTER SET utf8 COLLATE utf8_bin NULL DEFAULT NULL,
  `SCOPE_TYPE_` varchar(255) CHARACTER SET utf8 COLLATE utf8_bin NULL DEFAULT NULL,
  `SCOPE_DEFINITION_ID_` varchar(255) CHARACTER SET utf8 COLLATE utf8_bin NULL DEFAULT NULL,
  `PROPAGATED_STAGE_INST_ID_` varchar(255) CHARACTER SET utf8 COLLATE utf8_bin NULL DEFAULT NULL,
  `NAME_` varchar(255) CHARACTER SET utf8 COLLATE utf8_bin NULL DEFAULT NULL,
  `PARENT_TASK_ID_` varchar(64) CHARACTER SET utf8 COLLATE utf8_bin NULL DEFAULT NULL,
  `DESCRIPTION_` varchar(4000) CHARACTER SET utf8 COLLATE utf8_bin NULL DEFAULT NULL,
  `TASK_DEF_KEY_` varchar(255) CHARACTER SET utf8 COLLATE utf8_bin NULL DEFAULT NULL,
  `OWNER_` varchar(255) CHARACTER SET utf8 COLLATE utf8_bin NULL DEFAULT NULL,
  `ASSIGNEE_` varchar(255) CHARACTER SET utf8 COLLATE utf8_bin NULL DEFAULT NULL,
  `DELEGATION_` varchar(64) CHARACTER SET utf8 COLLATE utf8_bin NULL DEFAULT NULL,
  `PRIORITY_` int(11) NULL DEFAULT NULL,
  `CREATE_TIME_` timestamp(3) NULL DEFAULT NULL,
  `DUE_DATE_` datetime(3) NULL DEFAULT NULL,
  `CATEGORY_` varchar(255) CHARACTER SET utf8 COLLATE utf8_bin NULL DEFAULT NULL,
  `SUSPENSION_STATE_` int(11) NULL DEFAULT NULL,
  `TENANT_ID_` varchar(255) CHARACTER SET utf8 COLLATE utf8_bin NULL DEFAULT '',
  `FORM_KEY_` varchar(255) CHARACTER SET utf8 COLLATE utf8_bin NULL DEFAULT NULL,
  `CLAIM_TIME_` datetime(3) NULL DEFAULT NULL,
  `IS_COUNT_ENABLED_` tinyint(4) NULL DEFAULT NULL,
  `VAR_COUNT_` int(11) NULL DEFAULT NULL,
  `ID_LINK_COUNT_` int(11) NULL DEFAULT NULL,
  `SUB_TASK_COUNT_` int(11) NULL DEFAULT NULL,
  PRIMARY KEY (`ID_`) USING BTREE,
  INDEX `ACT_IDX_TASK_CREATE`(`CREATE_TIME_`) USING BTREE,
  INDEX `ACT_IDX_TASK_SCOPE`(`SCOPE_ID_`, `SCOPE_TYPE_`) USING BTREE,
  INDEX `ACT_IDX_TASK_SUB_SCOPE`(`SUB_SCOPE_ID_`, `SCOPE_TYPE_`) USING BTREE,
  INDEX `ACT_IDX_TASK_SCOPE_DEF`(`SCOPE_DEFINITION_ID_`, `SCOPE_TYPE_`) USING BTREE,
  INDEX `ACT_FK_TASK_EXE`(`EXECUTION_ID_`) USING BTREE,
  INDEX `ACT_FK_TASK_PROCINST`(`PROC_INST_ID_`) USING BTREE,
  INDEX `ACT_FK_TASK_PROCDEF`(`PROC_DEF_ID_`) USING BTREE,
  CONSTRAINT `ACT_FK_TASK_EXE` FOREIGN KEY (`EXECUTION_ID_`) REFERENCES `act_ru_execution` (`ID_`) ON DELETE RESTRICT ON UPDATE RESTRICT,
  CONSTRAINT `ACT_FK_TASK_PROCDEF` FOREIGN KEY (`PROC_DEF_ID_`) REFERENCES `act_re_procdef` (`ID_`) ON DELETE RESTRICT ON UPDATE RESTRICT,
  CONSTRAINT `ACT_FK_TASK_PROCINST` FOREIGN KEY (`PROC_INST_ID_`) REFERENCES `act_ru_execution` (`ID_`) ON DELETE RESTRICT ON UPDATE RESTRICT
) ENGINE = InnoDB CHARACTER SET = utf8 COLLATE = utf8_bin ROW_FORMAT = COMPACT;

-- ----------------------------
-- Records of act_ru_task
-- ----------------------------
INSERT INTO `act_ru_task` VALUES ('0a263574-2097-11ed-b609-3887d5e2c283', 1, '0a260e60-2097-11ed-b609-3887d5e2c283', '0a24aec8-2097-11ed-b609-3887d5e2c283', 'leave:2:f519d4d0-1ec3-11ed-af71-3887d5e2c283', NULL, NULL, NULL, NULL, NULL, NULL, '', NULL, NULL, 'Activity_0gcxdwu', NULL, '2', NULL, 50, '2022-08-20 22:47:40.078', NULL, NULL, 1, '', NULL, NULL, 1, 0, 0, 0);
INSERT INTO `act_ru_task` VALUES ('26d645c6-2843-11ed-9000-3887d5e2c283', 1, 'e9b7f05c-283f-11ed-9000-3887d5e2c283', 'e9b53134-283f-11ed-9000-3887d5e2c283', 'leave:2:f519d4d0-1ec3-11ed-af71-3887d5e2c283', NULL, NULL, NULL, NULL, NULL, NULL, '', NULL, NULL, 'Activity_13uq05m', NULL, '4', NULL, 50, '2022-08-30 17:07:19.785', NULL, NULL, 1, '', NULL, NULL, 1, 0, 0, 0);
INSERT INTO `act_ru_task` VALUES ('31b44763-ca0c-11ed-b90d-2016b9c02335', 1, '31b4475f-ca0c-11ed-b90d-2016b9c02335', '31b3ab1b-ca0c-11ed-b90d-2016b9c02335', 'leave:4:f49b5e34-ca0a-11ed-b90d-2016b9c02335', NULL, NULL, NULL, NULL, NULL, NULL, '', NULL, NULL, 'Activity_13uq05m', NULL, '1', NULL, 50, '2023-03-24 14:22:04.067', NULL, NULL, 1, '', NULL, NULL, 1, 0, 0, 0);
INSERT INTO `act_ru_task` VALUES ('50ffe7fe-ca0c-11ed-b90d-2016b9c02335', 1, '50ffc0ea-ca0c-11ed-b90d-2016b9c02335', '50fed686-ca0c-11ed-b90d-2016b9c02335', 'leave:4:f49b5e34-ca0a-11ed-b90d-2016b9c02335', NULL, NULL, NULL, NULL, NULL, NULL, '', NULL, NULL, 'Activity_13uq05m', NULL, '1', NULL, 50, '2023-03-24 14:22:56.572', NULL, NULL, 1, '', NULL, NULL, 1, 0, 0, 0);
INSERT INTO `act_ru_task` VALUES ('53b0a56d-ca0b-11ed-b90d-2016b9c02335', 1, '53a6e169-ca0b-11ed-b90d-2016b9c02335', '53a44955-ca0b-11ed-b90d-2016b9c02335', 'leave:4:f49b5e34-ca0a-11ed-b90d-2016b9c02335', NULL, NULL, NULL, NULL, NULL, NULL, '', NULL, NULL, 'Activity_13uq05m', NULL, '1', NULL, 50, '2023-03-24 14:15:51.531', NULL, NULL, 1, '', NULL, NULL, 1, 0, 0, 0);
INSERT INTO `act_ru_task` VALUES ('66cd7aa1-ca2b-11ed-9c60-2016b9c02335', 1, '66cd7a9d-ca2b-11ed-9c60-2016b9c02335', '66cbf3f2-ca2b-11ed-9c60-2016b9c02335', 'leave:5:d96565c4-ca0d-11ed-b90d-2016b9c02335', NULL, NULL, NULL, NULL, NULL, NULL, '', NULL, NULL, 'Activity_13uq05m', NULL, '1', NULL, 50, '2023-03-24 18:05:27.550', NULL, NULL, 1, '', NULL, NULL, 1, 0, 0, 0);
INSERT INTO `act_ru_task` VALUES ('705d1480-cb94-11ed-8c20-2016b9c02335', 1, '7056abdc-cb94-11ed-8c20-2016b9c02335', '7044835f-cb94-11ed-8c20-2016b9c02335', 'check_in:1:1c85c30e-cb94-11ed-8c20-2016b9c02335', NULL, NULL, NULL, NULL, NULL, NULL, '', NULL, NULL, 'Activity_06tm4j2', NULL, '4', NULL, 50, '2023-03-26 13:09:51.884', NULL, NULL, 1, '', NULL, NULL, 1, 0, 0, 0);
INSERT INTO `act_ru_task` VALUES ('7bfe7ef7-2097-11ed-8938-3887d5e2c283', 1, '7bf94ed3-2097-11ed-8938-3887d5e2c283', '7bf2bf1b-2097-11ed-8938-3887d5e2c283', 'leave:2:f519d4d0-1ec3-11ed-af71-3887d5e2c283', NULL, NULL, NULL, NULL, NULL, NULL, '', NULL, NULL, 'Activity_0gcxdwu', NULL, '2', NULL, 50, '2022-08-20 22:50:51.051', NULL, NULL, 1, '', NULL, NULL, 1, 0, 0, 0);
INSERT INTO `act_ru_task` VALUES ('88852994-cb94-11ed-8c20-2016b9c02335', 1, '88852990-cb94-11ed-8c20-2016b9c02335', '88846633-cb94-11ed-8c20-2016b9c02335', 'check_in:1:1c85c30e-cb94-11ed-8c20-2016b9c02335', NULL, NULL, NULL, NULL, NULL, NULL, '', NULL, NULL, 'Activity_06tm4j2', NULL, '2', NULL, 50, '2023-03-26 13:10:32.438', NULL, NULL, 1, '', NULL, NULL, 1, 0, 0, 0);
INSERT INTO `act_ru_task` VALUES ('93a61362-cbe4-11ed-a77c-2016b9c02335', 1, '59c068d3-cbe3-11ed-a77c-2016b9c02335', '59bfa57b-cbe3-11ed-a77c-2016b9c02335', 'repair:2:b58c1943-cb90-11ed-aa70-2016b9c02335', NULL, NULL, NULL, NULL, NULL, NULL, '', NULL, NULL, 'Activity_1ne3thd', NULL, '2', NULL, 50, '2023-03-26 22:43:30.847', NULL, NULL, 1, '', NULL, NULL, 1, 0, 0, 0);
INSERT INTO `act_ru_task` VALUES ('996c6713-cb94-11ed-8c20-2016b9c02335', 1, '996c670f-cb94-11ed-8c20-2016b9c02335', '996b7ca7-cb94-11ed-8c20-2016b9c02335', 'repair:2:b58c1943-cb90-11ed-aa70-2016b9c02335', NULL, NULL, NULL, NULL, NULL, NULL, '', NULL, NULL, 'Activity_12hhoy5', NULL, '2', NULL, 50, '2023-03-26 13:11:00.797', NULL, NULL, 1, '', NULL, NULL, 1, 0, 0, 0);
INSERT INTO `act_ru_task` VALUES ('b876a605-2096-11ed-b609-3887d5e2c283', 1, 'b876a601-2096-11ed-b609-3887d5e2c283', 'b8745c09-2096-11ed-b609-3887d5e2c283', 'leave:2:f519d4d0-1ec3-11ed-af71-3887d5e2c283', NULL, NULL, NULL, NULL, NULL, NULL, '', NULL, NULL, 'Activity_0gcxdwu', NULL, '2', NULL, 50, '2022-08-20 22:45:23.032', NULL, NULL, 1, '', NULL, NULL, 1, 0, 0, 0);
INSERT INTO `act_ru_task` VALUES ('bf183999-c991-11ed-8a10-2016b9c02335', 1, 'bf126d35-c991-11ed-8a10-2016b9c02335', 'bf0fd521-c991-11ed-8a10-2016b9c02335', 'leave:2:f519d4d0-1ec3-11ed-af71-3887d5e2c283', NULL, NULL, NULL, NULL, NULL, NULL, '', NULL, NULL, 'Activity_0gcxdwu', NULL, '2', NULL, 50, '2023-03-23 23:45:33.160', NULL, NULL, 1, '', NULL, NULL, 1, 0, 0, 0);
INSERT INTO `act_ru_task` VALUES ('da71f2a6-2095-11ed-b609-3887d5e2c283', 1, 'da71cb92-2095-11ed-b609-3887d5e2c283', 'da70e12a-2095-11ed-b609-3887d5e2c283', 'leave:2:f519d4d0-1ec3-11ed-af71-3887d5e2c283', NULL, NULL, NULL, NULL, NULL, NULL, '', NULL, NULL, 'Activity_0gcxdwu', NULL, '2', NULL, 50, '2022-08-20 22:39:10.546', NULL, NULL, 1, '', NULL, NULL, 1, 0, 0, 0);
INSERT INTO `act_ru_task` VALUES ('df0d3898-ca0b-11ed-b90d-2016b9c02335', 1, 'df0d3894-ca0b-11ed-b90d-2016b9c02335', 'df0c2720-ca0b-11ed-b90d-2016b9c02335', 'leave:4:f49b5e34-ca0a-11ed-b90d-2016b9c02335', NULL, NULL, NULL, NULL, NULL, NULL, '', NULL, NULL, 'Activity_13uq05m', NULL, '1', NULL, 50, '2023-03-24 14:19:45.399', NULL, NULL, 1, '', NULL, NULL, 1, 0, 0, 0);
INSERT INTO `act_ru_task` VALUES ('e5a8bdb4-ca0d-11ed-b90d-2016b9c02335', 1, 'e5a8bdb0-ca0d-11ed-b90d-2016b9c02335', 'e596e355-ca0d-11ed-b90d-2016b9c02335', 'leave:5:d96565c4-ca0d-11ed-b90d-2016b9c02335', NULL, NULL, NULL, NULL, NULL, NULL, '', NULL, NULL, 'Activity_13uq05m', NULL, '1', NULL, 50, '2023-03-24 14:34:15.478', NULL, NULL, 1, '', NULL, NULL, 1, 0, 0, 0);
INSERT INTO `act_ru_task` VALUES ('e86e0d98-cbe1-11ed-a77c-2016b9c02335', 1, 'e8597424-cbe1-11ed-a77c-2016b9c02335', 'e855f1ac-cbe1-11ed-a77c-2016b9c02335', 'repair:2:b58c1943-cb90-11ed-aa70-2016b9c02335', NULL, NULL, NULL, NULL, NULL, NULL, '', NULL, NULL, 'Activity_12hhoy5', NULL, '3', NULL, 50, '2023-03-26 22:24:24.571', NULL, NULL, 1, '', NULL, NULL, 1, 0, 0, 0);
INSERT INTO `act_ru_task` VALUES ('e9e5ec25-cd5f-11ed-997c-2016b9c02335', 1, 'e9d71f11-cd5f-11ed-997c-2016b9c02335', 'e9d152a4-cd5f-11ed-997c-2016b9c02335', 'check_in:1:1c85c30e-cb94-11ed-8c20-2016b9c02335', NULL, NULL, NULL, NULL, NULL, NULL, '', NULL, NULL, 'Activity_06tm4j2', NULL, '4', NULL, 50, '2023-03-28 19:58:54.734', NULL, NULL, 1, '', NULL, NULL, 1, 0, 0, 0);

-- ----------------------------
-- Table structure for act_ru_timer_job
-- ----------------------------
DROP TABLE IF EXISTS `act_ru_timer_job`;
CREATE TABLE `act_ru_timer_job`  (
  `ID_` varchar(64) CHARACTER SET utf8 COLLATE utf8_bin NOT NULL,
  `REV_` int(11) NULL DEFAULT NULL,
  `CATEGORY_` varchar(255) CHARACTER SET utf8 COLLATE utf8_bin NULL DEFAULT NULL,
  `TYPE_` varchar(255) CHARACTER SET utf8 COLLATE utf8_bin NOT NULL,
  `LOCK_EXP_TIME_` timestamp(3) NULL DEFAULT NULL,
  `LOCK_OWNER_` varchar(255) CHARACTER SET utf8 COLLATE utf8_bin NULL DEFAULT NULL,
  `EXCLUSIVE_` tinyint(1) NULL DEFAULT NULL,
  `EXECUTION_ID_` varchar(64) CHARACTER SET utf8 COLLATE utf8_bin NULL DEFAULT NULL,
  `PROCESS_INSTANCE_ID_` varchar(64) CHARACTER SET utf8 COLLATE utf8_bin NULL DEFAULT NULL,
  `PROC_DEF_ID_` varchar(64) CHARACTER SET utf8 COLLATE utf8_bin NULL DEFAULT NULL,
  `ELEMENT_ID_` varchar(255) CHARACTER SET utf8 COLLATE utf8_bin NULL DEFAULT NULL,
  `ELEMENT_NAME_` varchar(255) CHARACTER SET utf8 COLLATE utf8_bin NULL DEFAULT NULL,
  `SCOPE_ID_` varchar(255) CHARACTER SET utf8 COLLATE utf8_bin NULL DEFAULT NULL,
  `SUB_SCOPE_ID_` varchar(255) CHARACTER SET utf8 COLLATE utf8_bin NULL DEFAULT NULL,
  `SCOPE_TYPE_` varchar(255) CHARACTER SET utf8 COLLATE utf8_bin NULL DEFAULT NULL,
  `SCOPE_DEFINITION_ID_` varchar(255) CHARACTER SET utf8 COLLATE utf8_bin NULL DEFAULT NULL,
  `CORRELATION_ID_` varchar(255) CHARACTER SET utf8 COLLATE utf8_bin NULL DEFAULT NULL,
  `RETRIES_` int(11) NULL DEFAULT NULL,
  `EXCEPTION_STACK_ID_` varchar(64) CHARACTER SET utf8 COLLATE utf8_bin NULL DEFAULT NULL,
  `EXCEPTION_MSG_` varchar(4000) CHARACTER SET utf8 COLLATE utf8_bin NULL DEFAULT NULL,
  `DUEDATE_` timestamp(3) NULL DEFAULT NULL,
  `REPEAT_` varchar(255) CHARACTER SET utf8 COLLATE utf8_bin NULL DEFAULT NULL,
  `HANDLER_TYPE_` varchar(255) CHARACTER SET utf8 COLLATE utf8_bin NULL DEFAULT NULL,
  `HANDLER_CFG_` varchar(4000) CHARACTER SET utf8 COLLATE utf8_bin NULL DEFAULT NULL,
  `CUSTOM_VALUES_ID_` varchar(64) CHARACTER SET utf8 COLLATE utf8_bin NULL DEFAULT NULL,
  `CREATE_TIME_` timestamp(3) NULL DEFAULT NULL,
  `TENANT_ID_` varchar(255) CHARACTER SET utf8 COLLATE utf8_bin NULL DEFAULT '',
  PRIMARY KEY (`ID_`) USING BTREE,
  INDEX `ACT_IDX_TIMER_JOB_EXCEPTION_STACK_ID`(`EXCEPTION_STACK_ID_`) USING BTREE,
  INDEX `ACT_IDX_TIMER_JOB_CUSTOM_VALUES_ID`(`CUSTOM_VALUES_ID_`) USING BTREE,
  INDEX `ACT_IDX_TIMER_JOB_CORRELATION_ID`(`CORRELATION_ID_`) USING BTREE,
  INDEX `ACT_IDX_TIMER_JOB_DUEDATE`(`DUEDATE_`) USING BTREE,
  INDEX `ACT_IDX_TJOB_SCOPE`(`SCOPE_ID_`, `SCOPE_TYPE_`) USING BTREE,
  INDEX `ACT_IDX_TJOB_SUB_SCOPE`(`SUB_SCOPE_ID_`, `SCOPE_TYPE_`) USING BTREE,
  INDEX `ACT_IDX_TJOB_SCOPE_DEF`(`SCOPE_DEFINITION_ID_`, `SCOPE_TYPE_`) USING BTREE,
  INDEX `ACT_FK_TIMER_JOB_EXECUTION`(`EXECUTION_ID_`) USING BTREE,
  INDEX `ACT_FK_TIMER_JOB_PROCESS_INSTANCE`(`PROCESS_INSTANCE_ID_`) USING BTREE,
  INDEX `ACT_FK_TIMER_JOB_PROC_DEF`(`PROC_DEF_ID_`) USING BTREE,
  CONSTRAINT `ACT_FK_TIMER_JOB_CUSTOM_VALUES` FOREIGN KEY (`CUSTOM_VALUES_ID_`) REFERENCES `act_ge_bytearray` (`ID_`) ON DELETE RESTRICT ON UPDATE RESTRICT,
  CONSTRAINT `ACT_FK_TIMER_JOB_EXCEPTION` FOREIGN KEY (`EXCEPTION_STACK_ID_`) REFERENCES `act_ge_bytearray` (`ID_`) ON DELETE RESTRICT ON UPDATE RESTRICT,
  CONSTRAINT `ACT_FK_TIMER_JOB_EXECUTION` FOREIGN KEY (`EXECUTION_ID_`) REFERENCES `act_ru_execution` (`ID_`) ON DELETE RESTRICT ON UPDATE RESTRICT,
  CONSTRAINT `ACT_FK_TIMER_JOB_PROCESS_INSTANCE` FOREIGN KEY (`PROCESS_INSTANCE_ID_`) REFERENCES `act_ru_execution` (`ID_`) ON DELETE RESTRICT ON UPDATE RESTRICT,
  CONSTRAINT `ACT_FK_TIMER_JOB_PROC_DEF` FOREIGN KEY (`PROC_DEF_ID_`) REFERENCES `act_re_procdef` (`ID_`) ON DELETE RESTRICT ON UPDATE RESTRICT
) ENGINE = InnoDB CHARACTER SET = utf8 COLLATE = utf8_bin ROW_FORMAT = COMPACT;

-- ----------------------------
-- Records of act_ru_timer_job
-- ----------------------------

-- ----------------------------
-- Table structure for act_ru_variable
-- ----------------------------
DROP TABLE IF EXISTS `act_ru_variable`;
CREATE TABLE `act_ru_variable`  (
  `ID_` varchar(64) CHARACTER SET utf8 COLLATE utf8_bin NOT NULL,
  `REV_` int(11) NULL DEFAULT NULL,
  `TYPE_` varchar(255) CHARACTER SET utf8 COLLATE utf8_bin NOT NULL,
  `NAME_` varchar(255) CHARACTER SET utf8 COLLATE utf8_bin NOT NULL,
  `EXECUTION_ID_` varchar(64) CHARACTER SET utf8 COLLATE utf8_bin NULL DEFAULT NULL,
  `PROC_INST_ID_` varchar(64) CHARACTER SET utf8 COLLATE utf8_bin NULL DEFAULT NULL,
  `TASK_ID_` varchar(64) CHARACTER SET utf8 COLLATE utf8_bin NULL DEFAULT NULL,
  `SCOPE_ID_` varchar(255) CHARACTER SET utf8 COLLATE utf8_bin NULL DEFAULT NULL,
  `SUB_SCOPE_ID_` varchar(255) CHARACTER SET utf8 COLLATE utf8_bin NULL DEFAULT NULL,
  `SCOPE_TYPE_` varchar(255) CHARACTER SET utf8 COLLATE utf8_bin NULL DEFAULT NULL,
  `BYTEARRAY_ID_` varchar(64) CHARACTER SET utf8 COLLATE utf8_bin NULL DEFAULT NULL,
  `DOUBLE_` double NULL DEFAULT NULL,
  `LONG_` bigint(20) NULL DEFAULT NULL,
  `TEXT_` varchar(4000) CHARACTER SET utf8 COLLATE utf8_bin NULL DEFAULT NULL,
  `TEXT2_` varchar(4000) CHARACTER SET utf8 COLLATE utf8_bin NULL DEFAULT NULL,
  PRIMARY KEY (`ID_`) USING BTREE,
  INDEX `ACT_IDX_RU_VAR_SCOPE_ID_TYPE`(`SCOPE_ID_`, `SCOPE_TYPE_`) USING BTREE,
  INDEX `ACT_IDX_RU_VAR_SUB_ID_TYPE`(`SUB_SCOPE_ID_`, `SCOPE_TYPE_`) USING BTREE,
  INDEX `ACT_FK_VAR_BYTEARRAY`(`BYTEARRAY_ID_`) USING BTREE,
  INDEX `ACT_IDX_VARIABLE_TASK_ID`(`TASK_ID_`) USING BTREE,
  INDEX `ACT_FK_VAR_EXE`(`EXECUTION_ID_`) USING BTREE,
  INDEX `ACT_FK_VAR_PROCINST`(`PROC_INST_ID_`) USING BTREE,
  CONSTRAINT `ACT_FK_VAR_BYTEARRAY` FOREIGN KEY (`BYTEARRAY_ID_`) REFERENCES `act_ge_bytearray` (`ID_`) ON DELETE RESTRICT ON UPDATE RESTRICT,
  CONSTRAINT `ACT_FK_VAR_EXE` FOREIGN KEY (`EXECUTION_ID_`) REFERENCES `act_ru_execution` (`ID_`) ON DELETE RESTRICT ON UPDATE RESTRICT,
  CONSTRAINT `ACT_FK_VAR_PROCINST` FOREIGN KEY (`PROC_INST_ID_`) REFERENCES `act_ru_execution` (`ID_`) ON DELETE RESTRICT ON UPDATE RESTRICT
) ENGINE = InnoDB CHARACTER SET = utf8 COLLATE = utf8_bin ROW_FORMAT = COMPACT;

-- ----------------------------
-- Records of act_ru_variable
-- ----------------------------
INSERT INTO `act_ru_variable` VALUES ('0a260e5a-2097-11ed-b609-3887d5e2c283', 1, 'string', 'field126', '0a24aec8-2097-11ed-b609-3887d5e2c283', '0a24aec8-2097-11ed-b609-3887d5e2c283', NULL, NULL, NULL, NULL, NULL, NULL, NULL, '333', NULL);
INSERT INTO `act_ru_variable` VALUES ('0a260e5c-2097-11ed-b609-3887d5e2c283', 1, 'string', 'field127', '0a24aec8-2097-11ed-b609-3887d5e2c283', '0a24aec8-2097-11ed-b609-3887d5e2c283', NULL, NULL, NULL, NULL, NULL, NULL, NULL, '333', NULL);
INSERT INTO `act_ru_variable` VALUES ('0a260e5e-2097-11ed-b609-3887d5e2c283', 1, 'integer', 'field128', '0a24aec8-2097-11ed-b609-3887d5e2c283', '0a24aec8-2097-11ed-b609-3887d5e2c283', NULL, NULL, NULL, NULL, NULL, NULL, 1, '1', NULL);
INSERT INTO `act_ru_variable` VALUES ('31b4475d-ca0c-11ed-b90d-2016b9c02335', 1, 'long', 'day', '31b3ab1b-ca0c-11ed-b90d-2016b9c02335', '31b3ab1b-ca0c-11ed-b90d-2016b9c02335', NULL, NULL, NULL, NULL, NULL, NULL, 7, '7', NULL);
INSERT INTO `act_ru_variable` VALUES ('50ffc0e8-ca0c-11ed-b90d-2016b9c02335', 1, 'long', 'day', '50fed686-ca0c-11ed-b90d-2016b9c02335', '50fed686-ca0c-11ed-b90d-2016b9c02335', NULL, NULL, NULL, NULL, NULL, NULL, 1, '1', NULL);
INSERT INTO `act_ru_variable` VALUES ('53a69347-ca0b-11ed-b90d-2016b9c02335', 1, 'long', 'day', '53a44955-ca0b-11ed-b90d-2016b9c02335', '53a44955-ca0b-11ed-b90d-2016b9c02335', NULL, NULL, NULL, NULL, NULL, NULL, 3, '3', NULL);
INSERT INTO `act_ru_variable` VALUES ('59c068cd-cbe3-11ed-a77c-2016b9c02335', 1, 'string', 'field105', '59bfa57b-cbe3-11ed-a77c-2016b9c02335', '59bfa57b-cbe3-11ed-a77c-2016b9c02335', NULL, NULL, NULL, NULL, NULL, NULL, NULL, '22:34:39', NULL);
INSERT INTO `act_ru_variable` VALUES ('59c068cf-cbe3-11ed-a77c-2016b9c02335', 1, 'string', 'field102', '59bfa57b-cbe3-11ed-a77c-2016b9c02335', '59bfa57b-cbe3-11ed-a77c-2016b9c02335', NULL, NULL, NULL, NULL, NULL, NULL, NULL, '', NULL);
INSERT INTO `act_ru_variable` VALUES ('59c068d1-cbe3-11ed-a77c-2016b9c02335', 1, 'null', 'field103', '59bfa57b-cbe3-11ed-a77c-2016b9c02335', '59bfa57b-cbe3-11ed-a77c-2016b9c02335', NULL, NULL, NULL, NULL, NULL, NULL, NULL, NULL, NULL);
INSERT INTO `act_ru_variable` VALUES ('66cd5385-ca2b-11ed-9c60-2016b9c02335', 1, 'serializable', 'field115', '66cbf3f2-ca2b-11ed-9c60-2016b9c02335', '66cbf3f2-ca2b-11ed-9c60-2016b9c02335', NULL, NULL, NULL, NULL, '66cd0564-ca2b-11ed-9c60-2016b9c02335', NULL, NULL, NULL, NULL);
INSERT INTO `act_ru_variable` VALUES ('66cd7a99-ca2b-11ed-9c60-2016b9c02335', 1, 'integer', 'field104', '66cbf3f2-ca2b-11ed-9c60-2016b9c02335', '66cbf3f2-ca2b-11ed-9c60-2016b9c02335', NULL, NULL, NULL, NULL, NULL, NULL, 1, '1', NULL);
INSERT INTO `act_ru_variable` VALUES ('66cd7a9b-ca2b-11ed-9c60-2016b9c02335', 1, 'string', 'field105', '66cbf3f2-ca2b-11ed-9c60-2016b9c02335', '66cbf3f2-ca2b-11ed-9c60-2016b9c02335', NULL, NULL, NULL, NULL, NULL, NULL, NULL, '', NULL);
INSERT INTO `act_ru_variable` VALUES ('70460a01-cb94-11ed-8c20-2016b9c02335', 1, 'string', 'field107', '7044835f-cb94-11ed-8c20-2016b9c02335', '7044835f-cb94-11ed-8c20-2016b9c02335', NULL, NULL, NULL, NULL, NULL, NULL, NULL, ' ', NULL);
INSERT INTO `act_ru_variable` VALUES ('70465823-cb94-11ed-8c20-2016b9c02335', 1, 'string', 'field109', '7044835f-cb94-11ed-8c20-2016b9c02335', '7044835f-cb94-11ed-8c20-2016b9c02335', NULL, NULL, NULL, NULL, NULL, NULL, NULL, '', NULL);
INSERT INTO `act_ru_variable` VALUES ('70465825-cb94-11ed-8c20-2016b9c02335', 1, 'integer', 'field110', '7044835f-cb94-11ed-8c20-2016b9c02335', '7044835f-cb94-11ed-8c20-2016b9c02335', NULL, NULL, NULL, NULL, NULL, NULL, 1, '1', NULL);
INSERT INTO `act_ru_variable` VALUES ('7056abd8-cb94-11ed-8c20-2016b9c02335', 1, 'serializable', 'field111', '7044835f-cb94-11ed-8c20-2016b9c02335', '7044835f-cb94-11ed-8c20-2016b9c02335', NULL, NULL, NULL, NULL, '705636a7-cb94-11ed-8c20-2016b9c02335', NULL, NULL, NULL, NULL);
INSERT INTO `act_ru_variable` VALUES ('7bf88b7d-2097-11ed-8938-3887d5e2c283', 1, 'string', 'field126', '7bf2bf1b-2097-11ed-8938-3887d5e2c283', '7bf2bf1b-2097-11ed-8938-3887d5e2c283', NULL, NULL, NULL, NULL, NULL, NULL, NULL, '444', NULL);
INSERT INTO `act_ru_variable` VALUES ('7bf927bf-2097-11ed-8938-3887d5e2c283', 1, 'string', 'field127', '7bf2bf1b-2097-11ed-8938-3887d5e2c283', '7bf2bf1b-2097-11ed-8938-3887d5e2c283', NULL, NULL, NULL, NULL, NULL, NULL, NULL, '444', NULL);
INSERT INTO `act_ru_variable` VALUES ('7bf927c1-2097-11ed-8938-3887d5e2c283', 1, 'integer', 'field128', '7bf2bf1b-2097-11ed-8938-3887d5e2c283', '7bf2bf1b-2097-11ed-8938-3887d5e2c283', NULL, NULL, NULL, NULL, NULL, NULL, 1, '1', NULL);
INSERT INTO `act_ru_variable` VALUES ('88850275-cb94-11ed-8c20-2016b9c02335', 1, 'string', 'field107', '88846633-cb94-11ed-8c20-2016b9c02335', '88846633-cb94-11ed-8c20-2016b9c02335', NULL, NULL, NULL, NULL, NULL, NULL, NULL, 'test', NULL);
INSERT INTO `act_ru_variable` VALUES ('88852987-cb94-11ed-8c20-2016b9c02335', 1, 'string', 'field109', '88846633-cb94-11ed-8c20-2016b9c02335', '88846633-cb94-11ed-8c20-2016b9c02335', NULL, NULL, NULL, NULL, NULL, NULL, NULL, 'test', NULL);
INSERT INTO `act_ru_variable` VALUES ('88852989-cb94-11ed-8c20-2016b9c02335', 1, 'integer', 'field110', '88846633-cb94-11ed-8c20-2016b9c02335', '88846633-cb94-11ed-8c20-2016b9c02335', NULL, NULL, NULL, NULL, NULL, NULL, 1, '1', NULL);
INSERT INTO `act_ru_variable` VALUES ('8885298c-cb94-11ed-8c20-2016b9c02335', 1, 'serializable', 'field111', '88846633-cb94-11ed-8c20-2016b9c02335', '88846633-cb94-11ed-8c20-2016b9c02335', NULL, NULL, NULL, NULL, '8885298b-cb94-11ed-8c20-2016b9c02335', NULL, NULL, NULL, NULL);
INSERT INTO `act_ru_variable` VALUES ('996c6709-cb94-11ed-8c20-2016b9c02335', 1, 'string', 'field105', '996b7ca7-cb94-11ed-8c20-2016b9c02335', '996b7ca7-cb94-11ed-8c20-2016b9c02335', NULL, NULL, NULL, NULL, NULL, NULL, NULL, '13:10:56', NULL);
INSERT INTO `act_ru_variable` VALUES ('996c670b-cb94-11ed-8c20-2016b9c02335', 1, 'string', 'field102', '996b7ca7-cb94-11ed-8c20-2016b9c02335', '996b7ca7-cb94-11ed-8c20-2016b9c02335', NULL, NULL, NULL, NULL, NULL, NULL, NULL, '', NULL);
INSERT INTO `act_ru_variable` VALUES ('996c670d-cb94-11ed-8c20-2016b9c02335', 1, 'null', 'field103', '996b7ca7-cb94-11ed-8c20-2016b9c02335', '996b7ca7-cb94-11ed-8c20-2016b9c02335', NULL, NULL, NULL, NULL, NULL, NULL, NULL, NULL, NULL);
INSERT INTO `act_ru_variable` VALUES ('b8767eeb-2096-11ed-b609-3887d5e2c283', 1, 'string', 'field126', 'b8745c09-2096-11ed-b609-3887d5e2c283', 'b8745c09-2096-11ed-b609-3887d5e2c283', NULL, NULL, NULL, NULL, NULL, NULL, NULL, '222', NULL);
INSERT INTO `act_ru_variable` VALUES ('b8767eed-2096-11ed-b609-3887d5e2c283', 1, 'string', 'field127', 'b8745c09-2096-11ed-b609-3887d5e2c283', 'b8745c09-2096-11ed-b609-3887d5e2c283', NULL, NULL, NULL, NULL, NULL, NULL, NULL, '222', NULL);
INSERT INTO `act_ru_variable` VALUES ('b8767eef-2096-11ed-b609-3887d5e2c283', 1, 'integer', 'field128', 'b8745c09-2096-11ed-b609-3887d5e2c283', 'b8745c09-2096-11ed-b609-3887d5e2c283', NULL, NULL, NULL, NULL, NULL, NULL, 1, '1', NULL);
INSERT INTO `act_ru_variable` VALUES ('bf11f803-c991-11ed-8a10-2016b9c02335', 1, 'long', 'day', 'bf0fd521-c991-11ed-8a10-2016b9c02335', 'bf0fd521-c991-11ed-8a10-2016b9c02335', NULL, NULL, NULL, NULL, NULL, NULL, 1, '1', NULL);
INSERT INTO `act_ru_variable` VALUES ('da71a47c-2095-11ed-b609-3887d5e2c283', 1, 'string', 'field126', 'da70e12a-2095-11ed-b609-3887d5e2c283', 'da70e12a-2095-11ed-b609-3887d5e2c283', NULL, NULL, NULL, NULL, NULL, NULL, NULL, '111', NULL);
INSERT INTO `act_ru_variable` VALUES ('da71a47e-2095-11ed-b609-3887d5e2c283', 1, 'string', 'field127', 'da70e12a-2095-11ed-b609-3887d5e2c283', 'da70e12a-2095-11ed-b609-3887d5e2c283', NULL, NULL, NULL, NULL, NULL, NULL, NULL, '111', NULL);
INSERT INTO `act_ru_variable` VALUES ('da71cb90-2095-11ed-b609-3887d5e2c283', 1, 'integer', 'field128', 'da70e12a-2095-11ed-b609-3887d5e2c283', 'da70e12a-2095-11ed-b609-3887d5e2c283', NULL, NULL, NULL, NULL, NULL, NULL, 1, '1', NULL);
INSERT INTO `act_ru_variable` VALUES ('df0d3892-ca0b-11ed-b90d-2016b9c02335', 1, 'long', 'day', 'df0c2720-ca0b-11ed-b90d-2016b9c02335', 'df0c2720-ca0b-11ed-b90d-2016b9c02335', NULL, NULL, NULL, NULL, NULL, NULL, 1, '1', NULL);
INSERT INTO `act_ru_variable` VALUES ('e5a86f88-ca0d-11ed-b90d-2016b9c02335', 1, 'serializable', 'field115', 'e596e355-ca0d-11ed-b90d-2016b9c02335', 'e596e355-ca0d-11ed-b90d-2016b9c02335', NULL, NULL, NULL, NULL, 'e5a7d347-ca0d-11ed-b90d-2016b9c02335', NULL, NULL, NULL, NULL);
INSERT INTO `act_ru_variable` VALUES ('e5a8969c-ca0d-11ed-b90d-2016b9c02335', 1, 'integer', 'field104', 'e596e355-ca0d-11ed-b90d-2016b9c02335', 'e596e355-ca0d-11ed-b90d-2016b9c02335', NULL, NULL, NULL, NULL, NULL, NULL, 2, '2', NULL);
INSERT INTO `act_ru_variable` VALUES ('e5a8bdae-ca0d-11ed-b90d-2016b9c02335', 1, 'string', 'field105', 'e596e355-ca0d-11ed-b90d-2016b9c02335', 'e596e355-ca0d-11ed-b90d-2016b9c02335', NULL, NULL, NULL, NULL, NULL, NULL, NULL, '', NULL);
INSERT INTO `act_ru_variable` VALUES ('e858feee-cbe1-11ed-a77c-2016b9c02335', 1, 'string', 'field105', 'e855f1ac-cbe1-11ed-a77c-2016b9c02335', 'e855f1ac-cbe1-11ed-a77c-2016b9c02335', NULL, NULL, NULL, NULL, NULL, NULL, NULL, '22:24:20', NULL);
INSERT INTO `act_ru_variable` VALUES ('e8597420-cbe1-11ed-a77c-2016b9c02335', 1, 'string', 'field102', 'e855f1ac-cbe1-11ed-a77c-2016b9c02335', 'e855f1ac-cbe1-11ed-a77c-2016b9c02335', NULL, NULL, NULL, NULL, NULL, NULL, NULL, '', NULL);
INSERT INTO `act_ru_variable` VALUES ('e8597422-cbe1-11ed-a77c-2016b9c02335', 1, 'null', 'field103', 'e855f1ac-cbe1-11ed-a77c-2016b9c02335', 'e855f1ac-cbe1-11ed-a77c-2016b9c02335', NULL, NULL, NULL, NULL, NULL, NULL, NULL, NULL, NULL);
INSERT INTO `act_ru_variable` VALUES ('e9b77b26-283f-11ed-9000-3887d5e2c283', 1, 'string', 'field126', 'e9b53134-283f-11ed-9000-3887d5e2c283', 'e9b53134-283f-11ed-9000-3887d5e2c283', NULL, NULL, NULL, NULL, NULL, NULL, NULL, '123', NULL);
INSERT INTO `act_ru_variable` VALUES ('e9b7c948-283f-11ed-9000-3887d5e2c283', 1, 'string', 'field127', 'e9b53134-283f-11ed-9000-3887d5e2c283', 'e9b53134-283f-11ed-9000-3887d5e2c283', NULL, NULL, NULL, NULL, NULL, NULL, NULL, '123', NULL);
INSERT INTO `act_ru_variable` VALUES ('e9b7c94a-283f-11ed-9000-3887d5e2c283', 1, 'integer', 'field128', 'e9b53134-283f-11ed-9000-3887d5e2c283', 'e9b53134-283f-11ed-9000-3887d5e2c283', NULL, NULL, NULL, NULL, NULL, NULL, 1, '1', NULL);
INSERT INTO `act_ru_variable` VALUES ('e9d54a46-cd5f-11ed-997c-2016b9c02335', 1, 'string', 'field107', 'e9d152a4-cd5f-11ed-997c-2016b9c02335', 'e9d152a4-cd5f-11ed-997c-2016b9c02335', NULL, NULL, NULL, NULL, NULL, NULL, NULL, '', NULL);
INSERT INTO `act_ru_variable` VALUES ('e9d5e688-cd5f-11ed-997c-2016b9c02335', 1, 'string', 'field109', 'e9d152a4-cd5f-11ed-997c-2016b9c02335', 'e9d152a4-cd5f-11ed-997c-2016b9c02335', NULL, NULL, NULL, NULL, NULL, NULL, NULL, '', NULL);
INSERT INTO `act_ru_variable` VALUES ('e9d5e68a-cd5f-11ed-997c-2016b9c02335', 1, 'integer', 'field110', 'e9d152a4-cd5f-11ed-997c-2016b9c02335', 'e9d152a4-cd5f-11ed-997c-2016b9c02335', NULL, NULL, NULL, NULL, NULL, NULL, 1, '1', NULL);
INSERT INTO `act_ru_variable` VALUES ('e9d6f7fd-cd5f-11ed-997c-2016b9c02335', 1, 'serializable', 'field111', 'e9d152a4-cd5f-11ed-997c-2016b9c02335', 'e9d152a4-cd5f-11ed-997c-2016b9c02335', NULL, NULL, NULL, NULL, 'e9d682cc-cd5f-11ed-997c-2016b9c02335', NULL, NULL, NULL, NULL);

-- ----------------------------
-- Table structure for bpm_form
-- ----------------------------
DROP TABLE IF EXISTS `bpm_form`;
CREATE TABLE `bpm_form`  (
  `id` bigint(20) NOT NULL AUTO_INCREMENT COMMENT '',
  `name` varchar(64) CHARACTER SET utf8mb4 COLLATE utf8mb4_unicode_ci NOT NULL COMMENT '',
  `status` tinyint(4) NOT NULL COMMENT '',
  `conf` varchar(1000) CHARACTER SET utf8mb4 COLLATE utf8mb4_unicode_ci NOT NULL COMMENT '',
  `fields` varchar(5000) CHARACTER SET utf8mb4 COLLATE utf8mb4_unicode_ci NOT NULL COMMENT '',
  `remark` varchar(255) CHARACTER SET utf8mb4 COLLATE utf8mb4_unicode_ci NULL DEFAULT NULL COMMENT '',
  `creator` varchar(64) CHARACTER SET utf8mb4 COLLATE utf8mb4_unicode_ci NULL DEFAULT '' COMMENT '',
  `create_time` datetime NOT NULL DEFAULT CURRENT_TIMESTAMP COMMENT '',
  `updater` varchar(64) CHARACTER SET utf8mb4 COLLATE utf8mb4_unicode_ci NULL DEFAULT '' COMMENT '',
  `update_time` datetime NOT NULL DEFAULT CURRENT_TIMESTAMP ON UPDATE CURRENT_TIMESTAMP COMMENT '',
  `deleted` bit(1) NOT NULL DEFAULT b'0' COMMENT '',
  `tenant_id` bigint(20) NOT NULL DEFAULT 0 COMMENT '',
  PRIMARY KEY (`id`) USING BTREE
) ENGINE = InnoDB AUTO_INCREMENT = 6 CHARACTER SET = utf8mb4 COLLATE = utf8mb4_unicode_ci COMMENT = '' ROW_FORMAT = COMPACT;

-- ----------------------------
-- Records of bpm_form
-- ----------------------------
INSERT INTO `bpm_form` VALUES (3, '', 0, '{\"formRef\":\"elForm\",\"formModel\":\"formData\",\"size\":\"medium\",\"labelPosition\":\"right\",\"labelWidth\":100,\"formRules\":\"rules\",\"gutter\":15,\"disabled\":false,\"span\":13,\"formBtns\":true}', '[\"{\\\"__config__\\\":{\\\"label\\\":\\\"\\\",\\\"tag\\\":\\\"el-date-picker\\\",\\\"tagIcon\\\":\\\"date-range\\\",\\\"defaultValue\\\":null,\\\"span\\\":13,\\\"showLabel\\\":true,\\\"labelWidth\\\":null,\\\"required\\\":true,\\\"layout\\\":\\\"colFormItem\\\",\\\"regList\\\":[],\\\"changeTag\\\":true,\\\"document\\\":\\\"https://element.eleme.cn/#/zh-CN/component/date-picker\\\",\\\"formId\\\":115,\\\"renderKey\\\":\\\"1151679639586059\\\"},\\\"style\\\":{\\\"width\\\":\\\"100%\\\"},\\\"type\\\":\\\"daterange\\\",\\\"range-separator\\\":\\\"\\\",\\\"start-placeholder\\\":\\\"\\\",\\\"end-placeholder\\\":\\\"\\\",\\\"disabled\\\":false,\\\"clearable\\\":true,\\\"format\\\":\\\"yyyy-MM-dd\\\",\\\"value-format\\\":\\\"yyyy-MM-dd\\\",\\\"readonly\\\":false,\\\"__vModel__\\\":\\\"field115\\\"}\",\"{\\\"__config__\\\":{\\\"label\\\":\\\"\\\",\\\"showLabel\\\":true,\\\"labelWidth\\\":null,\\\"tag\\\":\\\"el-select\\\",\\\"tagIcon\\\":\\\"select\\\",\\\"layout\\\":\\\"colFormItem\\\",\\\"span\\\":13,\\\"required\\\":true,\\\"regList\\\":[],\\\"changeTag\\\":true,\\\"document\\\":\\\"https://element.eleme.cn/#/zh-CN/component/select\\\",\\\"formId\\\":104,\\\"renderKey\\\":\\\"1041679638222684\\\"},\\\"__slot__\\\":{\\\"options\\\":[{\\\"label\\\":\\\"\\\",\\\"value\\\":1},{\\\"label\\\":\\\"\\\",\\\"value\\\":2},{\\\"label\\\":\\\"\\\",\\\"value\\\":3}]},\\\"placeholder\\\":\\\"\\\",\\\"style\\\":{\\\"width\\\":\\\"100%\\\"},\\\"clearable\\\":true,\\\"disabled\\\":false,\\\"filterable\\\":false,\\\"multiple\\\":false,\\\"__vModel__\\\":\\\"field104\\\"}\",\"{\\\"__config__\\\":{\\\"label\\\":\\\"\\\",\\\"labelWidth\\\":null,\\\"showLabel\\\":true,\\\"tag\\\":\\\"el-input\\\",\\\"tagIcon\\\":\\\"textarea\\\",\\\"required\\\":true,\\\"layout\\\":\\\"colFormItem\\\",\\\"span\\\":13,\\\"regList\\\":[],\\\"changeTag\\\":true,\\\"document\\\":\\\"https://element.eleme.cn/#/zh-CN/component/input\\\",\\\"formId\\\":105,\\\"renderKey\\\":\\\"1051679638226333\\\"},\\\"type\\\":\\\"textarea\\\",\\\"placeholder\\\":\\\"\\\",\\\"autosize\\\":{\\\"minRows\\\":4,\\\"maxRows\\\":4},\\\"style\\\":{\\\"width\\\":\\\"100%\\\"},\\\"maxlength\\\":null,\\\"show-word-limit\\\":false,\\\"readonly\\\":false,\\\"disabled\\\":false,\\\"__vModel__\\\":\\\"field105\\\"}\"]', '', '1', '2022-08-17 12:28:34', '1', '2023-03-24 14:33:11', b'0', 0);
INSERT INTO `bpm_form` VALUES (4, '', 0, '{\"formRef\":\"elForm\",\"formModel\":\"formData\",\"size\":\"medium\",\"labelPosition\":\"right\",\"labelWidth\":100,\"formRules\":\"rules\",\"gutter\":15,\"disabled\":false,\"span\":13,\"formBtns\":true}', '[\"{\\\"__config__\\\":{\\\"label\\\":\\\"\\\",\\\"tag\\\":\\\"el-time-picker\\\",\\\"tagIcon\\\":\\\"time\\\",\\\"defaultValue\\\":null,\\\"span\\\":13,\\\"showLabel\\\":true,\\\"layout\\\":\\\"colFormItem\\\",\\\"labelWidth\\\":null,\\\"required\\\":true,\\\"regList\\\":[],\\\"changeTag\\\":true,\\\"document\\\":\\\"https://element.eleme.cn/#/zh-CN/component/time-picker\\\",\\\"formId\\\":105,\\\"renderKey\\\":\\\"1051679648619904\\\"},\\\"placeholder\\\":\\\"\\\",\\\"style\\\":{\\\"width\\\":\\\"100%\\\"},\\\"disabled\\\":false,\\\"clearable\\\":true,\\\"picker-options\\\":{\\\"selectableRange\\\":\\\"00:00:00-23:59:59\\\"},\\\"format\\\":\\\"HH:mm:ss\\\",\\\"value-format\\\":\\\"HH:mm:ss\\\",\\\"__vModel__\\\":\\\"field105\\\"}\",\"{\\\"__config__\\\":{\\\"label\\\":\\\"\\\",\\\"labelWidth\\\":null,\\\"showLabel\\\":true,\\\"tag\\\":\\\"el-input\\\",\\\"tagIcon\\\":\\\"textarea\\\",\\\"required\\\":true,\\\"layout\\\":\\\"colFormItem\\\",\\\"span\\\":13,\\\"regList\\\":[],\\\"changeTag\\\":true,\\\"document\\\":\\\"https://element.eleme.cn/#/zh-CN/component/input\\\",\\\"formId\\\":102,\\\"renderKey\\\":\\\"1021679648540103\\\"},\\\"type\\\":\\\"textarea\\\",\\\"placeholder\\\":\\\"\\\",\\\"autosize\\\":{\\\"minRows\\\":4,\\\"maxRows\\\":4},\\\"style\\\":{\\\"width\\\":\\\"100%\\\"},\\\"maxlength\\\":null,\\\"show-word-limit\\\":false,\\\"readonly\\\":false,\\\"disabled\\\":false,\\\"__vModel__\\\":\\\"field102\\\"}\",\"{\\\"__config__\\\":{\\\"label\\\":\\\"\\\",\\\"tag\\\":\\\"el-upload\\\",\\\"tagIcon\\\":\\\"upload\\\",\\\"layout\\\":\\\"colFormItem\\\",\\\"defaultValue\\\":null,\\\"showLabel\\\":true,\\\"labelWidth\\\":null,\\\"required\\\":false,\\\"span\\\":13,\\\"showTip\\\":false,\\\"buttonText\\\":\\\"\\\",\\\"regList\\\":[],\\\"changeTag\\\":true,\\\"fileSize\\\":2,\\\"sizeUnit\\\":\\\"MB\\\",\\\"document\\\":\\\"https://element.eleme.cn/#/zh-CN/component/upload\\\",\\\"formId\\\":103,\\\"renderKey\\\":\\\"1031679648546242\\\"},\\\"__slot__\\\":{\\\"list-type\\\":true},\\\"action\\\":\\\"/infra/file/upload\\\",\\\"disabled\\\":false,\\\"accept\\\":\\\"\\\",\\\"name\\\":\\\"file\\\",\\\"auto-upload\\\":true,\\\"list-type\\\":\\\"picture\\\",\\\"multiple\\\":false,\\\"__vModel__\\\":\\\"field103\\\"}\"]', '', '1', '2022-08-20 20:37:42', '1', '2023-03-24 17:59:11', b'0', 0);
INSERT INTO `bpm_form` VALUES (5, '003', 0, '{\"formRef\":\"elForm\",\"formModel\":\"formData\",\"size\":\"medium\",\"labelPosition\":\"right\",\"labelWidth\":100,\"formRules\":\"rules\",\"gutter\":15,\"disabled\":false,\"span\":24,\"formBtns\":true}', '[\"{\\\"__config__\\\":{\\\"label\\\":\\\"\\\",\\\"labelWidth\\\":null,\\\"showLabel\\\":true,\\\"changeTag\\\":true,\\\"tag\\\":\\\"el-input\\\",\\\"tagIcon\\\":\\\"input\\\",\\\"required\\\":true,\\\"layout\\\":\\\"colFormItem\\\",\\\"span\\\":24,\\\"document\\\":\\\"https://element.eleme.cn/#/zh-CN/component/input\\\",\\\"regList\\\":[],\\\"formId\\\":107,\\\"renderKey\\\":\\\"1071661052673914\\\"},\\\"__slot__\\\":{\\\"prepend\\\":\\\"\\\",\\\"append\\\":\\\"\\\"},\\\"placeholder\\\":\\\"\\\",\\\"style\\\":{\\\"width\\\":\\\"100%\\\"},\\\"clearable\\\":true,\\\"prefix-icon\\\":\\\"\\\",\\\"suffix-icon\\\":\\\"\\\",\\\"maxlength\\\":null,\\\"show-word-limit\\\":false,\\\"readonly\\\":false,\\\"disabled\\\":false,\\\"__vModel__\\\":\\\"field107\\\"}\",\"{\\\"__config__\\\":{\\\"label\\\":\\\"\\\",\\\"labelWidth\\\":null,\\\"showLabel\\\":true,\\\"tag\\\":\\\"el-input\\\",\\\"tagIcon\\\":\\\"textarea\\\",\\\"required\\\":true,\\\"layout\\\":\\\"colFormItem\\\",\\\"span\\\":24,\\\"regList\\\":[],\\\"changeTag\\\":true,\\\"document\\\":\\\"https://element.eleme.cn/#/zh-CN/component/input\\\",\\\"formId\\\":109,\\\"renderKey\\\":\\\"1091661052678489\\\"},\\\"type\\\":\\\"textarea\\\",\\\"placeholder\\\":\\\"\\\",\\\"autosize\\\":{\\\"minRows\\\":4,\\\"maxRows\\\":4},\\\"style\\\":{\\\"width\\\":\\\"100%\\\"},\\\"maxlength\\\":null,\\\"show-word-limit\\\":false,\\\"readonly\\\":false,\\\"disabled\\\":false,\\\"__vModel__\\\":\\\"field109\\\"}\",\"{\\\"__config__\\\":{\\\"label\\\":\\\"\\\",\\\"showLabel\\\":true,\\\"labelWidth\\\":null,\\\"tag\\\":\\\"el-select\\\",\\\"tagIcon\\\":\\\"select\\\",\\\"layout\\\":\\\"colFormItem\\\",\\\"span\\\":24,\\\"required\\\":true,\\\"regList\\\":[],\\\"changeTag\\\":true,\\\"document\\\":\\\"https://element.eleme.cn/#/zh-CN/component/select\\\",\\\"formId\\\":110,\\\"renderKey\\\":\\\"1101661052681039\\\"},\\\"__slot__\\\":{\\\"options\\\":[{\\\"label\\\":\\\"\\\",\\\"value\\\":1},{\\\"label\\\":\\\"\\\",\\\"value\\\":2}]},\\\"placeholder\\\":\\\"\\\",\\\"style\\\":{\\\"width\\\":\\\"100%\\\"},\\\"clearable\\\":true,\\\"disabled\\\":false,\\\"filterable\\\":false,\\\"multiple\\\":false,\\\"__vModel__\\\":\\\"field110\\\"}\",\"{\\\"__config__\\\":{\\\"label\\\":\\\"\\\",\\\"url\\\":\\\"https://www.fastmock.site/mock/f8d7a54fb1e60561e2f720d5a810009d/fg/cascaderList\\\",\\\"method\\\":\\\"get\\\",\\\"dataPath\\\":\\\"list\\\",\\\"dataConsumer\\\":\\\"options\\\",\\\"showLabel\\\":true,\\\"labelWidth\\\":null,\\\"tag\\\":\\\"el-cascader\\\",\\\"tagIcon\\\":\\\"cascader\\\",\\\"layout\\\":\\\"colFormItem\\\",\\\"defaultValue\\\":[],\\\"dataType\\\":\\\"dynamic\\\",\\\"span\\\":24,\\\"required\\\":true,\\\"regList\\\":[],\\\"changeTag\\\":true,\\\"document\\\":\\\"https://element.eleme.cn/#/zh-CN/component/cascader\\\",\\\"formId\\\":111,\\\"renderKey\\\":\\\"1111661052682871\\\"},\\\"options\\\":[{\\\"id\\\":1,\\\"value\\\":1,\\\"label\\\":\\\"1\\\",\\\"children\\\":[{\\\"id\\\":2,\\\"value\\\":2,\\\"label\\\":\\\"1-1\\\"}]}],\\\"placeholder\\\":\\\"\\\",\\\"style\\\":{\\\"width\\\":\\\"100%\\\"},\\\"props\\\":{\\\"props\\\":{\\\"multiple\\\":false,\\\"label\\\":\\\"label\\\",\\\"value\\\":\\\"value\\\",\\\"children\\\":\\\"children\\\"}},\\\"show-all-levels\\\":true,\\\"disabled\\\":false,\\\"clearable\\\":true,\\\"filterable\\\":false,\\\"separator\\\":\\\"/\\\",\\\"__vModel__\\\":\\\"field111\\\"}\"]', '003', '1', '2022-08-21 11:32:49', '2', '2023-03-26 21:28:13', b'0', 0);

-- ----------------------------
-- Table structure for bpm_oa_leave
-- ----------------------------
DROP TABLE IF EXISTS `bpm_oa_leave`;
CREATE TABLE `bpm_oa_leave`  (
  `id` bigint(20) NOT NULL AUTO_INCREMENT COMMENT '',
  `user_id` bigint(20) NOT NULL COMMENT '',
  `type` tinyint(4) NOT NULL COMMENT '',
  `reason` varchar(200) CHARACTER SET utf8mb4 COLLATE utf8mb4_unicode_ci NOT NULL COMMENT '',
  `start_time` datetime NOT NULL COMMENT '',
  `end_time` datetime NOT NULL COMMENT '',
  `day` tinyint(4) NOT NULL COMMENT '',
  `result` tinyint(4) NOT NULL COMMENT '',
  `process_instance_id` varchar(64) CHARACTER SET utf8mb4 COLLATE utf8mb4_unicode_ci NULL DEFAULT NULL COMMENT '',
  `creator` varchar(64) CHARACTER SET utf8mb4 COLLATE utf8mb4_unicode_ci NULL DEFAULT '' COMMENT '',
  `create_time` datetime NOT NULL DEFAULT CURRENT_TIMESTAMP COMMENT '',
  `updater` varchar(64) CHARACTER SET utf8mb4 COLLATE utf8mb4_unicode_ci NULL DEFAULT '' COMMENT '',
  `update_time` datetime NOT NULL DEFAULT CURRENT_TIMESTAMP ON UPDATE CURRENT_TIMESTAMP COMMENT '',
  `deleted` bit(1) NOT NULL DEFAULT b'0' COMMENT '',
  `tenant_id` bigint(20) NOT NULL DEFAULT 0 COMMENT '',
  PRIMARY KEY (`id`) USING BTREE
) ENGINE = InnoDB AUTO_INCREMENT = 8 CHARACTER SET = utf8mb4 COLLATE = utf8mb4_unicode_ci COMMENT = 'OA ' ROW_FORMAT = COMPACT;

-- ----------------------------
-- Records of bpm_oa_leave
-- ----------------------------
INSERT INTO `bpm_oa_leave` VALUES (2, 1, 1, '', '2023-03-23 00:00:00', '2023-03-24 00:00:00', 1, 1, 'bf0fd521-c991-11ed-8a10-2016b9c02335', '1', '2023-03-23 23:45:33', '1', '2023-03-23 23:45:33', b'0', 0);
INSERT INTO `bpm_oa_leave` VALUES (3, 1, 1, '', '2023-03-23 00:00:00', '2023-03-24 00:00:00', 1, 2, '0d5a8eb0-c992-11ed-8a10-2016b9c02335', '1', '2023-03-23 23:47:44', '1', '2023-03-23 23:48:14', b'0', 0);
INSERT INTO `bpm_oa_leave` VALUES (4, 1, 2, '', '2023-03-24 00:00:00', '2023-03-27 00:00:00', 3, 1, '53a44955-ca0b-11ed-b90d-2016b9c02335', '1', '2023-03-24 14:15:51', '1', '2023-03-24 14:15:52', b'0', 0);
INSERT INTO `bpm_oa_leave` VALUES (5, 1, 2, '', '2023-03-24 00:00:00', '2023-03-25 00:00:00', 1, 1, 'df0c2720-ca0b-11ed-b90d-2016b9c02335', '1', '2023-03-24 14:19:45', '1', '2023-03-24 14:19:45', b'0', 0);
INSERT INTO `bpm_oa_leave` VALUES (6, 1, 1, '', '2023-03-24 00:00:00', '2023-03-31 00:00:00', 7, 1, '31b3ab1b-ca0c-11ed-b90d-2016b9c02335', '1', '2023-03-24 14:22:04', '1', '2023-03-24 14:22:04', b'0', 0);
INSERT INTO `bpm_oa_leave` VALUES (7, 1, 2, '', '2023-03-24 00:00:00', '2023-03-25 00:00:00', 1, 1, '50fed686-ca0c-11ed-b90d-2016b9c02335', '1', '2023-03-24 14:22:57', '1', '2023-03-24 14:22:57', b'0', 0);

-- ----------------------------
-- Table structure for bpm_process_definition_ext
-- ----------------------------
DROP TABLE IF EXISTS `bpm_process_definition_ext`;
CREATE TABLE `bpm_process_definition_ext`  (
  `id` bigint(20) NOT NULL AUTO_INCREMENT COMMENT '',
  `process_definition_id` varchar(64) CHARACTER SET utf8mb4 COLLATE utf8mb4_unicode_ci NOT NULL COMMENT '',
  `model_id` varchar(64) CHARACTER SET utf8mb4 COLLATE utf8mb4_unicode_ci NOT NULL COMMENT '',
  `description` varchar(255) CHARACTER SET utf8mb4 COLLATE utf8mb4_unicode_ci NULL DEFAULT NULL COMMENT '',
  `form_type` tinyint(4) NOT NULL COMMENT '',
  `form_id` bigint(20) NULL DEFAULT NULL COMMENT '',
  `form_conf` varchar(1000) CHARACTER SET utf8mb4 COLLATE utf8mb4_unicode_ci NULL DEFAULT NULL COMMENT '',
  `form_fields` varchar(5000) CHARACTER SET utf8mb4 COLLATE utf8mb4_unicode_ci NULL DEFAULT NULL COMMENT '',
  `form_custom_create_path` varchar(255) CHARACTER SET utf8mb4 COLLATE utf8mb4_unicode_ci NULL DEFAULT NULL COMMENT '',
  `form_custom_view_path` varchar(255) CHARACTER SET utf8mb4 COLLATE utf8mb4_unicode_ci NULL DEFAULT NULL COMMENT '',
  `creator` varchar(64) CHARACTER SET utf8mb4 COLLATE utf8mb4_unicode_ci NULL DEFAULT '' COMMENT '',
  `create_time` datetime NOT NULL DEFAULT CURRENT_TIMESTAMP COMMENT '',
  `updater` varchar(64) CHARACTER SET utf8mb4 COLLATE utf8mb4_unicode_ci NULL DEFAULT '' COMMENT '',
  `update_time` datetime NOT NULL DEFAULT CURRENT_TIMESTAMP ON UPDATE CURRENT_TIMESTAMP COMMENT '',
  `deleted` bit(1) NOT NULL DEFAULT b'0' COMMENT '',
  `tenant_id` bigint(20) NOT NULL DEFAULT 0 COMMENT '',
  PRIMARY KEY (`id`) USING BTREE
) ENGINE = InnoDB AUTO_INCREMENT = 150 CHARACTER SET = utf8mb4 COLLATE = utf8mb4_unicode_ci COMMENT = 'Bpm \n' ROW_FORMAT = COMPACT;

-- ----------------------------
-- Records of bpm_process_definition_ext
-- ----------------------------
INSERT INTO `bpm_process_definition_ext` VALUES (135, 'leave:1:0385442c-1ec1-11ed-af71-3887d5e2c283', 'e05bc4b6-1ea9-11ed-94d4-3887d5e2c283', '', 1, NULL, NULL, NULL, NULL, NULL, '1', '2022-08-18 14:43:06', '1', '2022-08-18 14:43:06', b'0', 0);
INSERT INTO `bpm_process_definition_ext` VALUES (136, 'leave:2:f519d4d0-1ec3-11ed-af71-3887d5e2c283', 'e05bc4b6-1ea9-11ed-94d4-3887d5e2c283', '', 10, 3, '{\"formRef\":\"elForm\",\"formModel\":\"formData\",\"size\":\"medium\",\"labelPosition\":\"right\",\"labelWidth\":100,\"formRules\":\"rules\",\"gutter\":15,\"disabled\":false,\"span\":24,\"formBtns\":true}', '[\"{\\\"__config__\\\":{\\\"label\\\":\\\"\\\",\\\"labelWidth\\\":null,\\\"showLabel\\\":true,\\\"changeTag\\\":true,\\\"tag\\\":\\\"el-input\\\",\\\"tagIcon\\\":\\\"input\\\",\\\"required\\\":true,\\\"layout\\\":\\\"colFormItem\\\",\\\"span\\\":24,\\\"document\\\":\\\"https://element.eleme.cn/#/zh-CN/component/input\\\",\\\"regList\\\":[],\\\"formId\\\":126,\\\"renderKey\\\":\\\"1261660710510642\\\"},\\\"__slot__\\\":{\\\"prepend\\\":\\\"\\\",\\\"append\\\":\\\"\\\"},\\\"placeholder\\\":\\\"\\\",\\\"style\\\":{\\\"width\\\":\\\"100%\\\"},\\\"clearable\\\":true,\\\"prefix-icon\\\":\\\"\\\",\\\"suffix-icon\\\":\\\"\\\",\\\"maxlength\\\":null,\\\"show-word-limit\\\":false,\\\"readonly\\\":false,\\\"disabled\\\":false,\\\"__vModel__\\\":\\\"field126\\\"}\",\"{\\\"__config__\\\":{\\\"label\\\":\\\"\\\",\\\"labelWidth\\\":null,\\\"showLabel\\\":true,\\\"tag\\\":\\\"el-input\\\",\\\"tagIcon\\\":\\\"textarea\\\",\\\"required\\\":true,\\\"layout\\\":\\\"colFormItem\\\",\\\"span\\\":24,\\\"regList\\\":[],\\\"changeTag\\\":true,\\\"document\\\":\\\"https://element.eleme.cn/#/zh-CN/component/input\\\",\\\"formId\\\":127,\\\"renderKey\\\":\\\"1271660710510986\\\"},\\\"type\\\":\\\"textarea\\\",\\\"placeholder\\\":\\\"\\\",\\\"autosize\\\":{\\\"minRows\\\":4,\\\"maxRows\\\":4},\\\"style\\\":{\\\"width\\\":\\\"100%\\\"},\\\"maxlength\\\":null,\\\"show-word-limit\\\":false,\\\"readonly\\\":false,\\\"disabled\\\":false,\\\"__vModel__\\\":\\\"field127\\\"}\",\"{\\\"__config__\\\":{\\\"label\\\":\\\"\\\",\\\"showLabel\\\":true,\\\"labelWidth\\\":null,\\\"tag\\\":\\\"el-select\\\",\\\"tagIcon\\\":\\\"select\\\",\\\"layout\\\":\\\"colFormItem\\\",\\\"span\\\":24,\\\"required\\\":true,\\\"regList\\\":[],\\\"changeTag\\\":true,\\\"document\\\":\\\"https://element.eleme.cn/#/zh-CN/component/select\\\",\\\"formId\\\":128,\\\"renderKey\\\":\\\"1281660710511579\\\"},\\\"__slot__\\\":{\\\"options\\\":[{\\\"label\\\":\\\"\\\",\\\"value\\\":1},{\\\"label\\\":\\\"\\\",\\\"value\\\":2}]},\\\"placeholder\\\":\\\"\\\",\\\"style\\\":{\\\"width\\\":\\\"100%\\\"},\\\"clearable\\\":true,\\\"disabled\\\":false,\\\"filterable\\\":false,\\\"multiple\\\":false,\\\"__vModel__\\\":\\\"field128\\\"}\"]', NULL, NULL, '1', '2022-08-18 15:04:10', '1', '2022-08-18 15:04:10', b'0', 0);
INSERT INTO `bpm_process_definition_ext` VALUES (137, 'leave:3:f4e718cf-c991-11ed-8a10-2016b9c02335', 'e05bc4b6-1ea9-11ed-94d4-3887d5e2c283', '', 10, 3, '{\"formRef\":\"elForm\",\"formModel\":\"formData\",\"size\":\"medium\",\"labelPosition\":\"right\",\"labelWidth\":100,\"formRules\":\"rules\",\"gutter\":15,\"disabled\":false,\"span\":24,\"formBtns\":true}', '[\"{\\\"__config__\\\":{\\\"label\\\":\\\"\\\",\\\"labelWidth\\\":null,\\\"showLabel\\\":true,\\\"changeTag\\\":true,\\\"tag\\\":\\\"el-input\\\",\\\"tagIcon\\\":\\\"input\\\",\\\"required\\\":true,\\\"layout\\\":\\\"colFormItem\\\",\\\"span\\\":24,\\\"document\\\":\\\"https://element.eleme.cn/#/zh-CN/component/input\\\",\\\"regList\\\":[],\\\"formId\\\":126,\\\"renderKey\\\":\\\"1261660710510642\\\"},\\\"__slot__\\\":{\\\"prepend\\\":\\\"\\\",\\\"append\\\":\\\"\\\"},\\\"placeholder\\\":\\\"\\\",\\\"style\\\":{\\\"width\\\":\\\"100%\\\"},\\\"clearable\\\":true,\\\"prefix-icon\\\":\\\"\\\",\\\"suffix-icon\\\":\\\"\\\",\\\"maxlength\\\":null,\\\"show-word-limit\\\":false,\\\"readonly\\\":false,\\\"disabled\\\":false,\\\"__vModel__\\\":\\\"field126\\\"}\",\"{\\\"__config__\\\":{\\\"label\\\":\\\"\\\",\\\"labelWidth\\\":null,\\\"showLabel\\\":true,\\\"tag\\\":\\\"el-input\\\",\\\"tagIcon\\\":\\\"textarea\\\",\\\"required\\\":true,\\\"layout\\\":\\\"colFormItem\\\",\\\"span\\\":24,\\\"regList\\\":[],\\\"changeTag\\\":true,\\\"document\\\":\\\"https://element.eleme.cn/#/zh-CN/component/input\\\",\\\"formId\\\":127,\\\"renderKey\\\":\\\"1271660710510986\\\"},\\\"type\\\":\\\"textarea\\\",\\\"placeholder\\\":\\\"\\\",\\\"autosize\\\":{\\\"minRows\\\":4,\\\"maxRows\\\":4},\\\"style\\\":{\\\"width\\\":\\\"100%\\\"},\\\"maxlength\\\":null,\\\"show-word-limit\\\":false,\\\"readonly\\\":false,\\\"disabled\\\":false,\\\"__vModel__\\\":\\\"field127\\\"}\",\"{\\\"__config__\\\":{\\\"label\\\":\\\"\\\",\\\"showLabel\\\":true,\\\"labelWidth\\\":null,\\\"tag\\\":\\\"el-select\\\",\\\"tagIcon\\\":\\\"select\\\",\\\"layout\\\":\\\"colFormItem\\\",\\\"span\\\":24,\\\"required\\\":true,\\\"regList\\\":[],\\\"changeTag\\\":true,\\\"document\\\":\\\"https://element.eleme.cn/#/zh-CN/component/select\\\",\\\"formId\\\":128,\\\"renderKey\\\":\\\"1281660710511579\\\"},\\\"__slot__\\\":{\\\"options\\\":[{\\\"label\\\":\\\"\\\",\\\"value\\\":1},{\\\"label\\\":\\\"\\\",\\\"value\\\":2}]},\\\"placeholder\\\":\\\"\\\",\\\"style\\\":{\\\"width\\\":\\\"100%\\\"},\\\"clearable\\\":true,\\\"disabled\\\":false,\\\"filterable\\\":false,\\\"multiple\\\":false,\\\"__vModel__\\\":\\\"field128\\\"}\"]', NULL, NULL, '1', '2023-03-23 23:47:04', '1', '2023-03-23 23:47:04', b'0', 0);
INSERT INTO `bpm_process_definition_ext` VALUES (138, 'leave:4:f49b5e34-ca0a-11ed-b90d-2016b9c02335', 'e05bc4b6-1ea9-11ed-94d4-3887d5e2c283', '', 10, 3, '{\"formRef\":\"elForm\",\"formModel\":\"formData\",\"size\":\"medium\",\"labelPosition\":\"right\",\"labelWidth\":100,\"formRules\":\"rules\",\"gutter\":15,\"disabled\":false,\"span\":13,\"formBtns\":true}', '[\"{\\\"__config__\\\":{\\\"label\\\":\\\"\\\",\\\"tag\\\":\\\"el-time-picker\\\",\\\"tagIcon\\\":\\\"time-range\\\",\\\"span\\\":13,\\\"showLabel\\\":true,\\\"labelWidth\\\":null,\\\"layout\\\":\\\"colFormItem\\\",\\\"defaultValue\\\":[\\\"14:10:43\\\",\\\"15:10:43\\\"],\\\"required\\\":true,\\\"regList\\\":[],\\\"changeTag\\\":true,\\\"document\\\":\\\"https://element.eleme.cn/#/zh-CN/component/time-picker\\\",\\\"formId\\\":103,\\\"renderKey\\\":\\\"1031679638208589\\\"},\\\"style\\\":{\\\"width\\\":\\\"100%\\\"},\\\"disabled\\\":false,\\\"clearable\\\":true,\\\"is-range\\\":true,\\\"range-separator\\\":\\\"\\\",\\\"start-placeholder\\\":\\\"\\\",\\\"end-placeholder\\\":\\\"\\\",\\\"format\\\":\\\"HH:mm:ss\\\",\\\"value-format\\\":\\\"HH:mm:ss\\\",\\\"__vModel__\\\":\\\"field103\\\"}\",\"{\\\"__config__\\\":{\\\"label\\\":\\\"\\\",\\\"showLabel\\\":true,\\\"labelWidth\\\":null,\\\"tag\\\":\\\"el-select\\\",\\\"tagIcon\\\":\\\"select\\\",\\\"layout\\\":\\\"colFormItem\\\",\\\"span\\\":13,\\\"required\\\":true,\\\"regList\\\":[],\\\"changeTag\\\":true,\\\"document\\\":\\\"https://element.eleme.cn/#/zh-CN/component/select\\\",\\\"formId\\\":104,\\\"renderKey\\\":\\\"1041679638222684\\\"},\\\"__slot__\\\":{\\\"options\\\":[{\\\"label\\\":\\\"\\\",\\\"value\\\":1},{\\\"label\\\":\\\"\\\",\\\"value\\\":2},{\\\"label\\\":\\\"\\\",\\\"value\\\":3}]},\\\"placeholder\\\":\\\"\\\",\\\"style\\\":{\\\"width\\\":\\\"100%\\\"},\\\"clearable\\\":true,\\\"disabled\\\":false,\\\"filterable\\\":false,\\\"multiple\\\":false,\\\"__vModel__\\\":\\\"field104\\\"}\",\"{\\\"__config__\\\":{\\\"label\\\":\\\"\\\",\\\"labelWidth\\\":null,\\\"showLabel\\\":true,\\\"tag\\\":\\\"el-input\\\",\\\"tagIcon\\\":\\\"textarea\\\",\\\"required\\\":true,\\\"layout\\\":\\\"colFormItem\\\",\\\"span\\\":13,\\\"regList\\\":[],\\\"changeTag\\\":true,\\\"document\\\":\\\"https://element.eleme.cn/#/zh-CN/component/input\\\",\\\"formId\\\":105,\\\"renderKey\\\":\\\"1051679638226333\\\"},\\\"type\\\":\\\"textarea\\\",\\\"placeholder\\\":\\\"\\\",\\\"autosize\\\":{\\\"minRows\\\":4,\\\"maxRows\\\":4},\\\"style\\\":{\\\"width\\\":\\\"100%\\\"},\\\"maxlength\\\":null,\\\"show-word-limit\\\":false,\\\"readonly\\\":false,\\\"disabled\\\":false,\\\"__vModel__\\\":\\\"field105\\\"}\"]', NULL, NULL, '1', '2023-03-24 14:13:12', '1', '2023-03-24 14:13:12', b'0', 0);
INSERT INTO `bpm_process_definition_ext` VALUES (139, 'leave:5:d96565c4-ca0d-11ed-b90d-2016b9c02335', 'e05bc4b6-1ea9-11ed-94d4-3887d5e2c283', '', 10, 3, '{\"formRef\":\"elForm\",\"formModel\":\"formData\",\"size\":\"medium\",\"labelPosition\":\"right\",\"labelWidth\":100,\"formRules\":\"rules\",\"gutter\":15,\"disabled\":false,\"span\":13,\"formBtns\":true}', '[\"{\\\"__config__\\\":{\\\"label\\\":\\\"\\\",\\\"tag\\\":\\\"el-date-picker\\\",\\\"tagIcon\\\":\\\"date-range\\\",\\\"defaultValue\\\":null,\\\"span\\\":13,\\\"showLabel\\\":true,\\\"labelWidth\\\":null,\\\"required\\\":true,\\\"layout\\\":\\\"colFormItem\\\",\\\"regList\\\":[],\\\"changeTag\\\":true,\\\"document\\\":\\\"https://element.eleme.cn/#/zh-CN/component/date-picker\\\",\\\"formId\\\":115,\\\"renderKey\\\":\\\"1151679639586059\\\"},\\\"style\\\":{\\\"width\\\":\\\"100%\\\"},\\\"type\\\":\\\"daterange\\\",\\\"range-separator\\\":\\\"\\\",\\\"start-placeholder\\\":\\\"\\\",\\\"end-placeholder\\\":\\\"\\\",\\\"disabled\\\":false,\\\"clearable\\\":true,\\\"format\\\":\\\"yyyy-MM-dd\\\",\\\"value-format\\\":\\\"yyyy-MM-dd\\\",\\\"readonly\\\":false,\\\"__vModel__\\\":\\\"field115\\\"}\",\"{\\\"__config__\\\":{\\\"label\\\":\\\"\\\",\\\"showLabel\\\":true,\\\"labelWidth\\\":null,\\\"tag\\\":\\\"el-select\\\",\\\"tagIcon\\\":\\\"select\\\",\\\"layout\\\":\\\"colFormItem\\\",\\\"span\\\":13,\\\"required\\\":true,\\\"regList\\\":[],\\\"changeTag\\\":true,\\\"document\\\":\\\"https://element.eleme.cn/#/zh-CN/component/select\\\",\\\"formId\\\":104,\\\"renderKey\\\":\\\"1041679638222684\\\"},\\\"__slot__\\\":{\\\"options\\\":[{\\\"label\\\":\\\"\\\",\\\"value\\\":1},{\\\"label\\\":\\\"\\\",\\\"value\\\":2},{\\\"label\\\":\\\"\\\",\\\"value\\\":3}]},\\\"placeholder\\\":\\\"\\\",\\\"style\\\":{\\\"width\\\":\\\"100%\\\"},\\\"clearable\\\":true,\\\"disabled\\\":false,\\\"filterable\\\":false,\\\"multiple\\\":false,\\\"__vModel__\\\":\\\"field104\\\"}\",\"{\\\"__config__\\\":{\\\"label\\\":\\\"\\\",\\\"labelWidth\\\":null,\\\"showLabel\\\":true,\\\"tag\\\":\\\"el-input\\\",\\\"tagIcon\\\":\\\"textarea\\\",\\\"required\\\":true,\\\"layout\\\":\\\"colFormItem\\\",\\\"span\\\":13,\\\"regList\\\":[],\\\"changeTag\\\":true,\\\"document\\\":\\\"https://element.eleme.cn/#/zh-CN/component/input\\\",\\\"formId\\\":105,\\\"renderKey\\\":\\\"1051679638226333\\\"},\\\"type\\\":\\\"textarea\\\",\\\"placeholder\\\":\\\"\\\",\\\"autosize\\\":{\\\"minRows\\\":4,\\\"maxRows\\\":4},\\\"style\\\":{\\\"width\\\":\\\"100%\\\"},\\\"maxlength\\\":null,\\\"show-word-limit\\\":false,\\\"readonly\\\":false,\\\"disabled\\\":false,\\\"__vModel__\\\":\\\"field105\\\"}\"]', NULL, NULL, '1', '2023-03-24 14:33:55', '1', '2023-03-24 14:33:55', b'0', 0);
INSERT INTO `bpm_process_definition_ext` VALUES (140, 'sign:1:b10eb32a-ca23-11ed-9c60-2016b9c02335', 'c182240f-2138-11ed-89a5-3887d5e2c283', '', 10, 4, '{\"formRef\":\"elForm\",\"formModel\":\"formData\",\"size\":\"medium\",\"labelPosition\":\"right\",\"labelWidth\":100,\"formRules\":\"rules\",\"gutter\":15,\"disabled\":false,\"span\":13,\"formBtns\":true}', '[\"{\\\"__config__\\\":{\\\"label\\\":\\\"\\\",\\\"tag\\\":\\\"el-time-picker\\\",\\\"tagIcon\\\":\\\"time\\\",\\\"defaultValue\\\":null,\\\"span\\\":13,\\\"showLabel\\\":true,\\\"layout\\\":\\\"colFormItem\\\",\\\"labelWidth\\\":null,\\\"required\\\":true,\\\"regList\\\":[],\\\"changeTag\\\":true,\\\"document\\\":\\\"https://element.eleme.cn/#/zh-CN/component/time-picker\\\",\\\"formId\\\":105,\\\"renderKey\\\":\\\"1051679648619904\\\"},\\\"placeholder\\\":\\\"\\\",\\\"style\\\":{\\\"width\\\":\\\"100%\\\"},\\\"disabled\\\":false,\\\"clearable\\\":true,\\\"picker-options\\\":{\\\"selectableRange\\\":\\\"00:00:00-23:59:59\\\"},\\\"format\\\":\\\"HH:mm:ss\\\",\\\"value-format\\\":\\\"HH:mm:ss\\\",\\\"__vModel__\\\":\\\"field105\\\"}\",\"{\\\"__config__\\\":{\\\"label\\\":\\\"\\\",\\\"labelWidth\\\":null,\\\"showLabel\\\":true,\\\"tag\\\":\\\"el-input\\\",\\\"tagIcon\\\":\\\"textarea\\\",\\\"required\\\":true,\\\"layout\\\":\\\"colFormItem\\\",\\\"span\\\":13,\\\"regList\\\":[],\\\"changeTag\\\":true,\\\"document\\\":\\\"https://element.eleme.cn/#/zh-CN/component/input\\\",\\\"formId\\\":102,\\\"renderKey\\\":\\\"1021679648540103\\\"},\\\"type\\\":\\\"textarea\\\",\\\"placeholder\\\":\\\"\\\",\\\"autosize\\\":{\\\"minRows\\\":4,\\\"maxRows\\\":4},\\\"style\\\":{\\\"width\\\":\\\"100%\\\"},\\\"maxlength\\\":null,\\\"show-word-limit\\\":false,\\\"readonly\\\":false,\\\"disabled\\\":false,\\\"__vModel__\\\":\\\"field102\\\"}\",\"{\\\"__config__\\\":{\\\"label\\\":\\\"\\\",\\\"tag\\\":\\\"el-upload\\\",\\\"tagIcon\\\":\\\"upload\\\",\\\"layout\\\":\\\"colFormItem\\\",\\\"defaultValue\\\":null,\\\"showLabel\\\":true,\\\"labelWidth\\\":null,\\\"required\\\":true,\\\"span\\\":13,\\\"showTip\\\":false,\\\"buttonText\\\":\\\"\\\",\\\"regList\\\":[],\\\"changeTag\\\":true,\\\"fileSize\\\":2,\\\"sizeUnit\\\":\\\"MB\\\",\\\"document\\\":\\\"https://element.eleme.cn/#/zh-CN/component/upload\\\",\\\"formId\\\":103,\\\"renderKey\\\":\\\"1031679648546242\\\"},\\\"__slot__\\\":{\\\"list-type\\\":true},\\\"action\\\":\\\"/infra/file/upload\\\",\\\"disabled\\\":false,\\\"accept\\\":\\\"\\\",\\\"name\\\":\\\"file\\\",\\\"auto-upload\\\":true,\\\"list-type\\\":\\\"text\\\",\\\"multiple\\\":false,\\\"__vModel__\\\":\\\"field103\\\"}\"]', NULL, NULL, '1', '2023-03-24 17:10:16', '1', '2023-03-24 17:10:16', b'0', 0);
INSERT INTO `bpm_process_definition_ext` VALUES (141, 'sign:2:558f672e-ca27-11ed-9c60-2016b9c02335', 'c182240f-2138-11ed-89a5-3887d5e2c283', '', 10, 4, '{\"formRef\":\"elForm\",\"formModel\":\"formData\",\"size\":\"medium\",\"labelPosition\":\"right\",\"labelWidth\":100,\"formRules\":\"rules\",\"gutter\":15,\"disabled\":false,\"span\":13,\"formBtns\":true}', '[\"{\\\"__config__\\\":{\\\"label\\\":\\\"\\\",\\\"tag\\\":\\\"el-time-picker\\\",\\\"tagIcon\\\":\\\"time\\\",\\\"defaultValue\\\":null,\\\"span\\\":13,\\\"showLabel\\\":true,\\\"layout\\\":\\\"colFormItem\\\",\\\"labelWidth\\\":null,\\\"required\\\":true,\\\"regList\\\":[],\\\"changeTag\\\":true,\\\"document\\\":\\\"https://element.eleme.cn/#/zh-CN/component/time-picker\\\",\\\"formId\\\":105,\\\"renderKey\\\":\\\"1051679648619904\\\"},\\\"placeholder\\\":\\\"\\\",\\\"style\\\":{\\\"width\\\":\\\"100%\\\"},\\\"disabled\\\":false,\\\"clearable\\\":true,\\\"picker-options\\\":{\\\"selectableRange\\\":\\\"00:00:00-23:59:59\\\"},\\\"format\\\":\\\"HH:mm:ss\\\",\\\"value-format\\\":\\\"HH:mm:ss\\\",\\\"__vModel__\\\":\\\"field105\\\"}\",\"{\\\"__config__\\\":{\\\"label\\\":\\\"\\\",\\\"labelWidth\\\":null,\\\"showLabel\\\":true,\\\"tag\\\":\\\"el-input\\\",\\\"tagIcon\\\":\\\"textarea\\\",\\\"required\\\":true,\\\"layout\\\":\\\"colFormItem\\\",\\\"span\\\":13,\\\"regList\\\":[],\\\"changeTag\\\":true,\\\"document\\\":\\\"https://element.eleme.cn/#/zh-CN/component/input\\\",\\\"formId\\\":102,\\\"renderKey\\\":\\\"1021679648540103\\\"},\\\"type\\\":\\\"textarea\\\",\\\"placeholder\\\":\\\"\\\",\\\"autosize\\\":{\\\"minRows\\\":4,\\\"maxRows\\\":4},\\\"style\\\":{\\\"width\\\":\\\"100%\\\"},\\\"maxlength\\\":null,\\\"show-word-limit\\\":false,\\\"readonly\\\":false,\\\"disabled\\\":false,\\\"__vModel__\\\":\\\"field102\\\"}\",\"{\\\"__config__\\\":{\\\"label\\\":\\\"\\\",\\\"tag\\\":\\\"el-upload\\\",\\\"tagIcon\\\":\\\"upload\\\",\\\"layout\\\":\\\"colFormItem\\\",\\\"defaultValue\\\":null,\\\"showLabel\\\":true,\\\"labelWidth\\\":null,\\\"required\\\":true,\\\"span\\\":13,\\\"showTip\\\":false,\\\"buttonText\\\":\\\"\\\",\\\"regList\\\":[],\\\"changeTag\\\":true,\\\"fileSize\\\":2,\\\"sizeUnit\\\":\\\"MB\\\",\\\"document\\\":\\\"https://element.eleme.cn/#/zh-CN/component/upload\\\",\\\"formId\\\":103,\\\"renderKey\\\":\\\"1031679648546242\\\"},\\\"__slot__\\\":{\\\"list-type\\\":true},\\\"action\\\":\\\"/infra/file/upload\\\",\\\"disabled\\\":false,\\\"accept\\\":\\\"\\\",\\\"name\\\":\\\"file\\\",\\\"auto-upload\\\":true,\\\"list-type\\\":\\\"text\\\",\\\"multiple\\\":false,\\\"__vModel__\\\":\\\"field103\\\"}\"]', NULL, NULL, '1', '2023-03-24 17:36:21', '1', '2023-03-24 17:36:21', b'0', 0);
INSERT INTO `bpm_process_definition_ext` VALUES (142, 'sign:3:4581e092-ca2a-11ed-9c60-2016b9c02335', 'c182240f-2138-11ed-89a5-3887d5e2c283', '', 10, 4, '{\"formRef\":\"elForm\",\"formModel\":\"formData\",\"size\":\"medium\",\"labelPosition\":\"right\",\"labelWidth\":100,\"formRules\":\"rules\",\"gutter\":15,\"disabled\":false,\"span\":13,\"formBtns\":true}', '[\"{\\\"__config__\\\":{\\\"label\\\":\\\"\\\",\\\"tag\\\":\\\"el-time-picker\\\",\\\"tagIcon\\\":\\\"time\\\",\\\"defaultValue\\\":null,\\\"span\\\":13,\\\"showLabel\\\":true,\\\"layout\\\":\\\"colFormItem\\\",\\\"labelWidth\\\":null,\\\"required\\\":true,\\\"regList\\\":[],\\\"changeTag\\\":true,\\\"document\\\":\\\"https://element.eleme.cn/#/zh-CN/component/time-picker\\\",\\\"formId\\\":105,\\\"renderKey\\\":\\\"1051679648619904\\\"},\\\"placeholder\\\":\\\"\\\",\\\"style\\\":{\\\"width\\\":\\\"100%\\\"},\\\"disabled\\\":false,\\\"clearable\\\":true,\\\"picker-options\\\":{\\\"selectableRange\\\":\\\"00:00:00-23:59:59\\\"},\\\"format\\\":\\\"HH:mm:ss\\\",\\\"value-format\\\":\\\"HH:mm:ss\\\",\\\"__vModel__\\\":\\\"field105\\\"}\",\"{\\\"__config__\\\":{\\\"label\\\":\\\"\\\",\\\"labelWidth\\\":null,\\\"showLabel\\\":true,\\\"tag\\\":\\\"el-input\\\",\\\"tagIcon\\\":\\\"textarea\\\",\\\"required\\\":true,\\\"layout\\\":\\\"colFormItem\\\",\\\"span\\\":13,\\\"regList\\\":[],\\\"changeTag\\\":true,\\\"document\\\":\\\"https://element.eleme.cn/#/zh-CN/component/input\\\",\\\"formId\\\":102,\\\"renderKey\\\":\\\"1021679648540103\\\"},\\\"type\\\":\\\"textarea\\\",\\\"placeholder\\\":\\\"\\\",\\\"autosize\\\":{\\\"minRows\\\":4,\\\"maxRows\\\":4},\\\"style\\\":{\\\"width\\\":\\\"100%\\\"},\\\"maxlength\\\":null,\\\"show-word-limit\\\":false,\\\"readonly\\\":false,\\\"disabled\\\":false,\\\"__vModel__\\\":\\\"field102\\\"}\",\"{\\\"__config__\\\":{\\\"label\\\":\\\"\\\",\\\"tag\\\":\\\"el-upload\\\",\\\"tagIcon\\\":\\\"upload\\\",\\\"layout\\\":\\\"colFormItem\\\",\\\"defaultValue\\\":null,\\\"showLabel\\\":true,\\\"labelWidth\\\":null,\\\"required\\\":true,\\\"span\\\":13,\\\"showTip\\\":false,\\\"buttonText\\\":\\\"\\\",\\\"regList\\\":[],\\\"changeTag\\\":true,\\\"fileSize\\\":2,\\\"sizeUnit\\\":\\\"MB\\\",\\\"document\\\":\\\"https://element.eleme.cn/#/zh-CN/component/upload\\\",\\\"formId\\\":103,\\\"renderKey\\\":\\\"1031679648546242\\\"},\\\"__slot__\\\":{\\\"list-type\\\":true},\\\"action\\\":\\\"/infra/file/upload\\\",\\\"disabled\\\":false,\\\"accept\\\":\\\"\\\",\\\"name\\\":\\\"file\\\",\\\"auto-upload\\\":true,\\\"list-type\\\":\\\"text\\\",\\\"multiple\\\":false,\\\"__vModel__\\\":\\\"field103\\\"}\"]', NULL, NULL, '1', '2023-03-24 17:57:22', '1', '2023-03-24 17:57:22', b'0', 0);
INSERT INTO `bpm_process_definition_ext` VALUES (143, 'sign:4:8c8e0c76-ca2a-11ed-9c60-2016b9c02335', 'c182240f-2138-11ed-89a5-3887d5e2c283', '', 10, 4, '{\"formRef\":\"elForm\",\"formModel\":\"formData\",\"size\":\"medium\",\"labelPosition\":\"right\",\"labelWidth\":100,\"formRules\":\"rules\",\"gutter\":15,\"disabled\":false,\"span\":13,\"formBtns\":true}', '[\"{\\\"__config__\\\":{\\\"label\\\":\\\"\\\",\\\"tag\\\":\\\"el-time-picker\\\",\\\"tagIcon\\\":\\\"time\\\",\\\"defaultValue\\\":null,\\\"span\\\":13,\\\"showLabel\\\":true,\\\"layout\\\":\\\"colFormItem\\\",\\\"labelWidth\\\":null,\\\"required\\\":true,\\\"regList\\\":[],\\\"changeTag\\\":true,\\\"document\\\":\\\"https://element.eleme.cn/#/zh-CN/component/time-picker\\\",\\\"formId\\\":105,\\\"renderKey\\\":\\\"1051679648619904\\\"},\\\"placeholder\\\":\\\"\\\",\\\"style\\\":{\\\"width\\\":\\\"100%\\\"},\\\"disabled\\\":false,\\\"clearable\\\":true,\\\"picker-options\\\":{\\\"selectableRange\\\":\\\"00:00:00-23:59:59\\\"},\\\"format\\\":\\\"HH:mm:ss\\\",\\\"value-format\\\":\\\"HH:mm:ss\\\",\\\"__vModel__\\\":\\\"field105\\\"}\",\"{\\\"__config__\\\":{\\\"label\\\":\\\"\\\",\\\"labelWidth\\\":null,\\\"showLabel\\\":true,\\\"tag\\\":\\\"el-input\\\",\\\"tagIcon\\\":\\\"textarea\\\",\\\"required\\\":true,\\\"layout\\\":\\\"colFormItem\\\",\\\"span\\\":13,\\\"regList\\\":[],\\\"changeTag\\\":true,\\\"document\\\":\\\"https://element.eleme.cn/#/zh-CN/component/input\\\",\\\"formId\\\":102,\\\"renderKey\\\":\\\"1021679648540103\\\"},\\\"type\\\":\\\"textarea\\\",\\\"placeholder\\\":\\\"\\\",\\\"autosize\\\":{\\\"minRows\\\":4,\\\"maxRows\\\":4},\\\"style\\\":{\\\"width\\\":\\\"100%\\\"},\\\"maxlength\\\":null,\\\"show-word-limit\\\":false,\\\"readonly\\\":false,\\\"disabled\\\":false,\\\"__vModel__\\\":\\\"field102\\\"}\",\"{\\\"__config__\\\":{\\\"label\\\":\\\"\\\",\\\"tag\\\":\\\"el-upload\\\",\\\"tagIcon\\\":\\\"upload\\\",\\\"layout\\\":\\\"colFormItem\\\",\\\"defaultValue\\\":null,\\\"showLabel\\\":true,\\\"labelWidth\\\":null,\\\"required\\\":false,\\\"span\\\":13,\\\"showTip\\\":false,\\\"buttonText\\\":\\\"\\\",\\\"regList\\\":[],\\\"changeTag\\\":true,\\\"fileSize\\\":2,\\\"sizeUnit\\\":\\\"MB\\\",\\\"document\\\":\\\"https://element.eleme.cn/#/zh-CN/component/upload\\\",\\\"formId\\\":103,\\\"renderKey\\\":\\\"1031679648546242\\\"},\\\"__slot__\\\":{\\\"list-type\\\":true},\\\"action\\\":\\\"/infra/file/upload\\\",\\\"disabled\\\":false,\\\"accept\\\":\\\"\\\",\\\"name\\\":\\\"file\\\",\\\"auto-upload\\\":true,\\\"list-type\\\":\\\"picture\\\",\\\"multiple\\\":false,\\\"__vModel__\\\":\\\"field103\\\"}\"]', NULL, NULL, '1', '2023-03-24 17:59:22', '1', '2023-03-24 17:59:22', b'0', 0);
INSERT INTO `bpm_process_definition_ext` VALUES (144, 'sign:5:ee243237-ca2a-11ed-9c60-2016b9c02335', 'c182240f-2138-11ed-89a5-3887d5e2c283', '', 10, 4, '{\"formRef\":\"elForm\",\"formModel\":\"formData\",\"size\":\"medium\",\"labelPosition\":\"right\",\"labelWidth\":100,\"formRules\":\"rules\",\"gutter\":15,\"disabled\":false,\"span\":13,\"formBtns\":true}', '[\"{\\\"__config__\\\":{\\\"label\\\":\\\"\\\",\\\"tag\\\":\\\"el-time-picker\\\",\\\"tagIcon\\\":\\\"time\\\",\\\"defaultValue\\\":null,\\\"span\\\":13,\\\"showLabel\\\":true,\\\"layout\\\":\\\"colFormItem\\\",\\\"labelWidth\\\":null,\\\"required\\\":true,\\\"regList\\\":[],\\\"changeTag\\\":true,\\\"document\\\":\\\"https://element.eleme.cn/#/zh-CN/component/time-picker\\\",\\\"formId\\\":105,\\\"renderKey\\\":\\\"1051679648619904\\\"},\\\"placeholder\\\":\\\"\\\",\\\"style\\\":{\\\"width\\\":\\\"100%\\\"},\\\"disabled\\\":false,\\\"clearable\\\":true,\\\"picker-options\\\":{\\\"selectableRange\\\":\\\"00:00:00-23:59:59\\\"},\\\"format\\\":\\\"HH:mm:ss\\\",\\\"value-format\\\":\\\"HH:mm:ss\\\",\\\"__vModel__\\\":\\\"field105\\\"}\",\"{\\\"__config__\\\":{\\\"label\\\":\\\"\\\",\\\"labelWidth\\\":null,\\\"showLabel\\\":true,\\\"tag\\\":\\\"el-input\\\",\\\"tagIcon\\\":\\\"textarea\\\",\\\"required\\\":true,\\\"layout\\\":\\\"colFormItem\\\",\\\"span\\\":13,\\\"regList\\\":[],\\\"changeTag\\\":true,\\\"document\\\":\\\"https://element.eleme.cn/#/zh-CN/component/input\\\",\\\"formId\\\":102,\\\"renderKey\\\":\\\"1021679648540103\\\"},\\\"type\\\":\\\"textarea\\\",\\\"placeholder\\\":\\\"\\\",\\\"autosize\\\":{\\\"minRows\\\":4,\\\"maxRows\\\":4},\\\"style\\\":{\\\"width\\\":\\\"100%\\\"},\\\"maxlength\\\":null,\\\"show-word-limit\\\":false,\\\"readonly\\\":false,\\\"disabled\\\":false,\\\"__vModel__\\\":\\\"field102\\\"}\",\"{\\\"__config__\\\":{\\\"label\\\":\\\"\\\",\\\"tag\\\":\\\"el-upload\\\",\\\"tagIcon\\\":\\\"upload\\\",\\\"layout\\\":\\\"colFormItem\\\",\\\"defaultValue\\\":null,\\\"showLabel\\\":true,\\\"labelWidth\\\":null,\\\"required\\\":false,\\\"span\\\":13,\\\"showTip\\\":false,\\\"buttonText\\\":\\\"\\\",\\\"regList\\\":[],\\\"changeTag\\\":true,\\\"fileSize\\\":2,\\\"sizeUnit\\\":\\\"MB\\\",\\\"document\\\":\\\"https://element.eleme.cn/#/zh-CN/component/upload\\\",\\\"formId\\\":103,\\\"renderKey\\\":\\\"1031679648546242\\\"},\\\"__slot__\\\":{\\\"list-type\\\":true},\\\"action\\\":\\\"/infra/file/upload\\\",\\\"disabled\\\":false,\\\"accept\\\":\\\"\\\",\\\"name\\\":\\\"file\\\",\\\"auto-upload\\\":true,\\\"list-type\\\":\\\"picture\\\",\\\"multiple\\\":false,\\\"__vModel__\\\":\\\"field103\\\"}\"]', NULL, NULL, '1', '2023-03-24 18:02:05', '1', '2023-03-24 18:02:05', b'0', 0);
INSERT INTO `bpm_process_definition_ext` VALUES (145, 'sign:6:e62a75a7-ca2b-11ed-9c60-2016b9c02335', 'c182240f-2138-11ed-89a5-3887d5e2c283', '', 10, 4, '{\"formRef\":\"elForm\",\"formModel\":\"formData\",\"size\":\"medium\",\"labelPosition\":\"right\",\"labelWidth\":100,\"formRules\":\"rules\",\"gutter\":15,\"disabled\":false,\"span\":13,\"formBtns\":true}', '[\"{\\\"__config__\\\":{\\\"label\\\":\\\"\\\",\\\"tag\\\":\\\"el-time-picker\\\",\\\"tagIcon\\\":\\\"time\\\",\\\"defaultValue\\\":null,\\\"span\\\":13,\\\"showLabel\\\":true,\\\"layout\\\":\\\"colFormItem\\\",\\\"labelWidth\\\":null,\\\"required\\\":true,\\\"regList\\\":[],\\\"changeTag\\\":true,\\\"document\\\":\\\"https://element.eleme.cn/#/zh-CN/component/time-picker\\\",\\\"formId\\\":105,\\\"renderKey\\\":\\\"1051679648619904\\\"},\\\"placeholder\\\":\\\"\\\",\\\"style\\\":{\\\"width\\\":\\\"100%\\\"},\\\"disabled\\\":false,\\\"clearable\\\":true,\\\"picker-options\\\":{\\\"selectableRange\\\":\\\"00:00:00-23:59:59\\\"},\\\"format\\\":\\\"HH:mm:ss\\\",\\\"value-format\\\":\\\"HH:mm:ss\\\",\\\"__vModel__\\\":\\\"field105\\\"}\",\"{\\\"__config__\\\":{\\\"label\\\":\\\"\\\",\\\"labelWidth\\\":null,\\\"showLabel\\\":true,\\\"tag\\\":\\\"el-input\\\",\\\"tagIcon\\\":\\\"textarea\\\",\\\"required\\\":true,\\\"layout\\\":\\\"colFormItem\\\",\\\"span\\\":13,\\\"regList\\\":[],\\\"changeTag\\\":true,\\\"document\\\":\\\"https://element.eleme.cn/#/zh-CN/component/input\\\",\\\"formId\\\":102,\\\"renderKey\\\":\\\"1021679648540103\\\"},\\\"type\\\":\\\"textarea\\\",\\\"placeholder\\\":\\\"\\\",\\\"autosize\\\":{\\\"minRows\\\":4,\\\"maxRows\\\":4},\\\"style\\\":{\\\"width\\\":\\\"100%\\\"},\\\"maxlength\\\":null,\\\"show-word-limit\\\":false,\\\"readonly\\\":false,\\\"disabled\\\":false,\\\"__vModel__\\\":\\\"field102\\\"}\",\"{\\\"__config__\\\":{\\\"label\\\":\\\"\\\",\\\"tag\\\":\\\"el-upload\\\",\\\"tagIcon\\\":\\\"upload\\\",\\\"layout\\\":\\\"colFormItem\\\",\\\"defaultValue\\\":null,\\\"showLabel\\\":true,\\\"labelWidth\\\":null,\\\"required\\\":false,\\\"span\\\":13,\\\"showTip\\\":false,\\\"buttonText\\\":\\\"\\\",\\\"regList\\\":[],\\\"changeTag\\\":true,\\\"fileSize\\\":2,\\\"sizeUnit\\\":\\\"MB\\\",\\\"document\\\":\\\"https://element.eleme.cn/#/zh-CN/component/upload\\\",\\\"formId\\\":103,\\\"renderKey\\\":\\\"1031679648546242\\\"},\\\"__slot__\\\":{\\\"list-type\\\":true},\\\"action\\\":\\\"/infra/file/upload\\\",\\\"disabled\\\":false,\\\"accept\\\":\\\"\\\",\\\"name\\\":\\\"file\\\",\\\"auto-upload\\\":true,\\\"list-type\\\":\\\"picture\\\",\\\"multiple\\\":false,\\\"__vModel__\\\":\\\"field103\\\"}\"]', NULL, NULL, '1', '2023-03-24 18:09:01', '1', '2023-03-24 18:09:01', b'0', 0);
INSERT INTO `bpm_process_definition_ext` VALUES (146, 'repair:1:1ab2d5ba-ca2d-11ed-9c60-2016b9c02335', 'c39ea8d5-ca2c-11ed-9c60-2016b9c02335', '', 10, 4, '{\"formRef\":\"elForm\",\"formModel\":\"formData\",\"size\":\"medium\",\"labelPosition\":\"right\",\"labelWidth\":100,\"formRules\":\"rules\",\"gutter\":15,\"disabled\":false,\"span\":13,\"formBtns\":true}', '[\"{\\\"__config__\\\":{\\\"label\\\":\\\"\\\",\\\"tag\\\":\\\"el-time-picker\\\",\\\"tagIcon\\\":\\\"time\\\",\\\"defaultValue\\\":null,\\\"span\\\":13,\\\"showLabel\\\":true,\\\"layout\\\":\\\"colFormItem\\\",\\\"labelWidth\\\":null,\\\"required\\\":true,\\\"regList\\\":[],\\\"changeTag\\\":true,\\\"document\\\":\\\"https://element.eleme.cn/#/zh-CN/component/time-picker\\\",\\\"formId\\\":105,\\\"renderKey\\\":\\\"1051679648619904\\\"},\\\"placeholder\\\":\\\"\\\",\\\"style\\\":{\\\"width\\\":\\\"100%\\\"},\\\"disabled\\\":false,\\\"clearable\\\":true,\\\"picker-options\\\":{\\\"selectableRange\\\":\\\"00:00:00-23:59:59\\\"},\\\"format\\\":\\\"HH:mm:ss\\\",\\\"value-format\\\":\\\"HH:mm:ss\\\",\\\"__vModel__\\\":\\\"field105\\\"}\",\"{\\\"__config__\\\":{\\\"label\\\":\\\"\\\",\\\"labelWidth\\\":null,\\\"showLabel\\\":true,\\\"tag\\\":\\\"el-input\\\",\\\"tagIcon\\\":\\\"textarea\\\",\\\"required\\\":true,\\\"layout\\\":\\\"colFormItem\\\",\\\"span\\\":13,\\\"regList\\\":[],\\\"changeTag\\\":true,\\\"document\\\":\\\"https://element.eleme.cn/#/zh-CN/component/input\\\",\\\"formId\\\":102,\\\"renderKey\\\":\\\"1021679648540103\\\"},\\\"type\\\":\\\"textarea\\\",\\\"placeholder\\\":\\\"\\\",\\\"autosize\\\":{\\\"minRows\\\":4,\\\"maxRows\\\":4},\\\"style\\\":{\\\"width\\\":\\\"100%\\\"},\\\"maxlength\\\":null,\\\"show-word-limit\\\":false,\\\"readonly\\\":false,\\\"disabled\\\":false,\\\"__vModel__\\\":\\\"field102\\\"}\",\"{\\\"__config__\\\":{\\\"label\\\":\\\"\\\",\\\"tag\\\":\\\"el-upload\\\",\\\"tagIcon\\\":\\\"upload\\\",\\\"layout\\\":\\\"colFormItem\\\",\\\"defaultValue\\\":null,\\\"showLabel\\\":true,\\\"labelWidth\\\":null,\\\"required\\\":false,\\\"span\\\":13,\\\"showTip\\\":false,\\\"buttonText\\\":\\\"\\\",\\\"regList\\\":[],\\\"changeTag\\\":true,\\\"fileSize\\\":2,\\\"sizeUnit\\\":\\\"MB\\\",\\\"document\\\":\\\"https://element.eleme.cn/#/zh-CN/component/upload\\\",\\\"formId\\\":103,\\\"renderKey\\\":\\\"1031679648546242\\\"},\\\"__slot__\\\":{\\\"list-type\\\":true},\\\"action\\\":\\\"/infra/file/upload\\\",\\\"disabled\\\":false,\\\"accept\\\":\\\"\\\",\\\"name\\\":\\\"file\\\",\\\"auto-upload\\\":true,\\\"list-type\\\":\\\"picture\\\",\\\"multiple\\\":false,\\\"__vModel__\\\":\\\"field103\\\"}\"]', NULL, NULL, '1', '2023-03-24 18:17:39', '1', '2023-03-24 18:17:39', b'0', 0);
INSERT INTO `bpm_process_definition_ext` VALUES (147, 'repair:2:b58c1943-cb90-11ed-aa70-2016b9c02335', 'c39ea8d5-ca2c-11ed-9c60-2016b9c02335', '', 10, 4, '{\"formRef\":\"elForm\",\"formModel\":\"formData\",\"size\":\"medium\",\"labelPosition\":\"right\",\"labelWidth\":100,\"formRules\":\"rules\",\"gutter\":15,\"disabled\":false,\"span\":13,\"formBtns\":true}', '[\"{\\\"__config__\\\":{\\\"label\\\":\\\"\\\",\\\"tag\\\":\\\"el-time-picker\\\",\\\"tagIcon\\\":\\\"time\\\",\\\"defaultValue\\\":null,\\\"span\\\":13,\\\"showLabel\\\":true,\\\"layout\\\":\\\"colFormItem\\\",\\\"labelWidth\\\":null,\\\"required\\\":true,\\\"regList\\\":[],\\\"changeTag\\\":true,\\\"document\\\":\\\"https://element.eleme.cn/#/zh-CN/component/time-picker\\\",\\\"formId\\\":105,\\\"renderKey\\\":\\\"1051679648619904\\\"},\\\"placeholder\\\":\\\"\\\",\\\"style\\\":{\\\"width\\\":\\\"100%\\\"},\\\"disabled\\\":false,\\\"clearable\\\":true,\\\"picker-options\\\":{\\\"selectableRange\\\":\\\"00:00:00-23:59:59\\\"},\\\"format\\\":\\\"HH:mm:ss\\\",\\\"value-format\\\":\\\"HH:mm:ss\\\",\\\"__vModel__\\\":\\\"field105\\\"}\",\"{\\\"__config__\\\":{\\\"label\\\":\\\"\\\",\\\"labelWidth\\\":null,\\\"showLabel\\\":true,\\\"tag\\\":\\\"el-input\\\",\\\"tagIcon\\\":\\\"textarea\\\",\\\"required\\\":true,\\\"layout\\\":\\\"colFormItem\\\",\\\"span\\\":13,\\\"regList\\\":[],\\\"changeTag\\\":true,\\\"document\\\":\\\"https://element.eleme.cn/#/zh-CN/component/input\\\",\\\"formId\\\":102,\\\"renderKey\\\":\\\"1021679648540103\\\"},\\\"type\\\":\\\"textarea\\\",\\\"placeholder\\\":\\\"\\\",\\\"autosize\\\":{\\\"minRows\\\":4,\\\"maxRows\\\":4},\\\"style\\\":{\\\"width\\\":\\\"100%\\\"},\\\"maxlength\\\":null,\\\"show-word-limit\\\":false,\\\"readonly\\\":false,\\\"disabled\\\":false,\\\"__vModel__\\\":\\\"field102\\\"}\",\"{\\\"__config__\\\":{\\\"label\\\":\\\"\\\",\\\"tag\\\":\\\"el-upload\\\",\\\"tagIcon\\\":\\\"upload\\\",\\\"layout\\\":\\\"colFormItem\\\",\\\"defaultValue\\\":null,\\\"showLabel\\\":true,\\\"labelWidth\\\":null,\\\"required\\\":false,\\\"span\\\":13,\\\"showTip\\\":false,\\\"buttonText\\\":\\\"\\\",\\\"regList\\\":[],\\\"changeTag\\\":true,\\\"fileSize\\\":2,\\\"sizeUnit\\\":\\\"MB\\\",\\\"document\\\":\\\"https://element.eleme.cn/#/zh-CN/component/upload\\\",\\\"formId\\\":103,\\\"renderKey\\\":\\\"1031679648546242\\\"},\\\"__slot__\\\":{\\\"list-type\\\":true},\\\"action\\\":\\\"/infra/file/upload\\\",\\\"disabled\\\":false,\\\"accept\\\":\\\"\\\",\\\"name\\\":\\\"file\\\",\\\"auto-upload\\\":true,\\\"list-type\\\":\\\"picture\\\",\\\"multiple\\\":false,\\\"__vModel__\\\":\\\"field103\\\"}\"]', NULL, NULL, '1', '2023-03-26 12:43:10', '1', '2023-03-26 12:43:10', b'0', 0);
INSERT INTO `bpm_process_definition_ext` VALUES (148, 'leave:6:b696d287-cb90-11ed-aa70-2016b9c02335', 'e05bc4b6-1ea9-11ed-94d4-3887d5e2c283', '', 10, 3, '{\"formRef\":\"elForm\",\"formModel\":\"formData\",\"size\":\"medium\",\"labelPosition\":\"right\",\"labelWidth\":100,\"formRules\":\"rules\",\"gutter\":15,\"disabled\":false,\"span\":13,\"formBtns\":true}', '[\"{\\\"__config__\\\":{\\\"label\\\":\\\"\\\",\\\"tag\\\":\\\"el-date-picker\\\",\\\"tagIcon\\\":\\\"date-range\\\",\\\"defaultValue\\\":null,\\\"span\\\":13,\\\"showLabel\\\":true,\\\"labelWidth\\\":null,\\\"required\\\":true,\\\"layout\\\":\\\"colFormItem\\\",\\\"regList\\\":[],\\\"changeTag\\\":true,\\\"document\\\":\\\"https://element.eleme.cn/#/zh-CN/component/date-picker\\\",\\\"formId\\\":115,\\\"renderKey\\\":\\\"1151679639586059\\\"},\\\"style\\\":{\\\"width\\\":\\\"100%\\\"},\\\"type\\\":\\\"daterange\\\",\\\"range-separator\\\":\\\"\\\",\\\"start-placeholder\\\":\\\"\\\",\\\"end-placeholder\\\":\\\"\\\",\\\"disabled\\\":false,\\\"clearable\\\":true,\\\"format\\\":\\\"yyyy-MM-dd\\\",\\\"value-format\\\":\\\"yyyy-MM-dd\\\",\\\"readonly\\\":false,\\\"__vModel__\\\":\\\"field115\\\"}\",\"{\\\"__config__\\\":{\\\"label\\\":\\\"\\\",\\\"showLabel\\\":true,\\\"labelWidth\\\":null,\\\"tag\\\":\\\"el-select\\\",\\\"tagIcon\\\":\\\"select\\\",\\\"layout\\\":\\\"colFormItem\\\",\\\"span\\\":13,\\\"required\\\":true,\\\"regList\\\":[],\\\"changeTag\\\":true,\\\"document\\\":\\\"https://element.eleme.cn/#/zh-CN/component/select\\\",\\\"formId\\\":104,\\\"renderKey\\\":\\\"1041679638222684\\\"},\\\"__slot__\\\":{\\\"options\\\":[{\\\"label\\\":\\\"\\\",\\\"value\\\":1},{\\\"label\\\":\\\"\\\",\\\"value\\\":2},{\\\"label\\\":\\\"\\\",\\\"value\\\":3}]},\\\"placeholder\\\":\\\"\\\",\\\"style\\\":{\\\"width\\\":\\\"100%\\\"},\\\"clearable\\\":true,\\\"disabled\\\":false,\\\"filterable\\\":false,\\\"multiple\\\":false,\\\"__vModel__\\\":\\\"field104\\\"}\",\"{\\\"__config__\\\":{\\\"label\\\":\\\"\\\",\\\"labelWidth\\\":null,\\\"showLabel\\\":true,\\\"tag\\\":\\\"el-input\\\",\\\"tagIcon\\\":\\\"textarea\\\",\\\"required\\\":true,\\\"layout\\\":\\\"colFormItem\\\",\\\"span\\\":13,\\\"regList\\\":[],\\\"changeTag\\\":true,\\\"document\\\":\\\"https://element.eleme.cn/#/zh-CN/component/input\\\",\\\"formId\\\":105,\\\"renderKey\\\":\\\"1051679638226333\\\"},\\\"type\\\":\\\"textarea\\\",\\\"placeholder\\\":\\\"\\\",\\\"autosize\\\":{\\\"minRows\\\":4,\\\"maxRows\\\":4},\\\"style\\\":{\\\"width\\\":\\\"100%\\\"},\\\"maxlength\\\":null,\\\"show-word-limit\\\":false,\\\"readonly\\\":false,\\\"disabled\\\":false,\\\"__vModel__\\\":\\\"field105\\\"}\"]', NULL, NULL, '1', '2023-03-26 12:43:12', '1', '2023-03-26 12:43:12', b'0', 0);
INSERT INTO `bpm_process_definition_ext` VALUES (149, 'check_in:1:1c85c30e-cb94-11ed-8c20-2016b9c02335', 'c777c669-cb93-11ed-8c20-2016b9c02335', '', 10, 5, '{\"formRef\":\"elForm\",\"formModel\":\"formData\",\"size\":\"medium\",\"labelPosition\":\"right\",\"labelWidth\":100,\"formRules\":\"rules\",\"gutter\":15,\"disabled\":false,\"span\":24,\"formBtns\":true}', '[\"{\\\"__config__\\\":{\\\"label\\\":\\\"\\\",\\\"labelWidth\\\":null,\\\"showLabel\\\":true,\\\"changeTag\\\":true,\\\"tag\\\":\\\"el-input\\\",\\\"tagIcon\\\":\\\"input\\\",\\\"required\\\":true,\\\"layout\\\":\\\"colFormItem\\\",\\\"span\\\":24,\\\"document\\\":\\\"https://element.eleme.cn/#/zh-CN/component/input\\\",\\\"regList\\\":[],\\\"formId\\\":107,\\\"renderKey\\\":\\\"1071661052673914\\\"},\\\"__slot__\\\":{\\\"prepend\\\":\\\"\\\",\\\"append\\\":\\\"\\\"},\\\"placeholder\\\":\\\"\\\",\\\"style\\\":{\\\"width\\\":\\\"100%\\\"},\\\"clearable\\\":true,\\\"prefix-icon\\\":\\\"\\\",\\\"suffix-icon\\\":\\\"\\\",\\\"maxlength\\\":null,\\\"show-word-limit\\\":false,\\\"readonly\\\":false,\\\"disabled\\\":false,\\\"__vModel__\\\":\\\"field107\\\"}\",\"{\\\"__config__\\\":{\\\"label\\\":\\\"\\\",\\\"labelWidth\\\":null,\\\"showLabel\\\":true,\\\"tag\\\":\\\"el-input\\\",\\\"tagIcon\\\":\\\"textarea\\\",\\\"required\\\":true,\\\"layout\\\":\\\"colFormItem\\\",\\\"span\\\":24,\\\"regList\\\":[],\\\"changeTag\\\":true,\\\"document\\\":\\\"https://element.eleme.cn/#/zh-CN/component/input\\\",\\\"formId\\\":109,\\\"renderKey\\\":\\\"1091661052678489\\\"},\\\"type\\\":\\\"textarea\\\",\\\"placeholder\\\":\\\"\\\",\\\"autosize\\\":{\\\"minRows\\\":4,\\\"maxRows\\\":4},\\\"style\\\":{\\\"width\\\":\\\"100%\\\"},\\\"maxlength\\\":null,\\\"show-word-limit\\\":false,\\\"readonly\\\":false,\\\"disabled\\\":false,\\\"__vModel__\\\":\\\"field109\\\"}\",\"{\\\"__config__\\\":{\\\"label\\\":\\\"\\\",\\\"showLabel\\\":true,\\\"labelWidth\\\":null,\\\"tag\\\":\\\"el-select\\\",\\\"tagIcon\\\":\\\"select\\\",\\\"layout\\\":\\\"colFormItem\\\",\\\"span\\\":24,\\\"required\\\":true,\\\"regList\\\":[],\\\"changeTag\\\":true,\\\"document\\\":\\\"https://element.eleme.cn/#/zh-CN/component/select\\\",\\\"formId\\\":110,\\\"renderKey\\\":\\\"1101661052681039\\\"},\\\"__slot__\\\":{\\\"options\\\":[{\\\"label\\\":\\\"\\\",\\\"value\\\":1},{\\\"label\\\":\\\"\\\",\\\"value\\\":2}]},\\\"placeholder\\\":\\\"\\\",\\\"style\\\":{\\\"width\\\":\\\"100%\\\"},\\\"clearable\\\":true,\\\"disabled\\\":false,\\\"filterable\\\":false,\\\"multiple\\\":false,\\\"__vModel__\\\":\\\"field110\\\"}\",\"{\\\"__config__\\\":{\\\"label\\\":\\\"\\\",\\\"url\\\":\\\"https://www.fastmock.site/mock/f8d7a54fb1e60561e2f720d5a810009d/fg/cascaderList\\\",\\\"method\\\":\\\"get\\\",\\\"dataPath\\\":\\\"list\\\",\\\"dataConsumer\\\":\\\"options\\\",\\\"showLabel\\\":true,\\\"labelWidth\\\":null,\\\"tag\\\":\\\"el-cascader\\\",\\\"tagIcon\\\":\\\"cascader\\\",\\\"layout\\\":\\\"colFormItem\\\",\\\"defaultValue\\\":[],\\\"dataType\\\":\\\"dynamic\\\",\\\"span\\\":24,\\\"required\\\":true,\\\"regList\\\":[],\\\"changeTag\\\":true,\\\"document\\\":\\\"https://element.eleme.cn/#/zh-CN/component/cascader\\\",\\\"formId\\\":111,\\\"renderKey\\\":\\\"1111661052682871\\\"},\\\"options\\\":[{\\\"id\\\":1,\\\"value\\\":1,\\\"label\\\":\\\"1\\\",\\\"children\\\":[{\\\"id\\\":2,\\\"value\\\":2,\\\"label\\\":\\\"1-1\\\"}]}],\\\"placeholder\\\":\\\"\\\",\\\"style\\\":{\\\"width\\\":\\\"100%\\\"},\\\"props\\\":{\\\"props\\\":{\\\"multiple\\\":false,\\\"label\\\":\\\"label\\\",\\\"value\\\":\\\"value\\\",\\\"children\\\":\\\"children\\\"}},\\\"show-all-levels\\\":true,\\\"disabled\\\":false,\\\"clearable\\\":true,\\\"filterable\\\":false,\\\"separator\\\":\\\"/\\\",\\\"__vModel__\\\":\\\"field111\\\"}\"]', NULL, NULL, '1', '2023-03-26 13:07:32', '1', '2023-03-26 13:07:32', b'0', 0);

-- ----------------------------
-- Table structure for bpm_process_instance_ext
-- ----------------------------
DROP TABLE IF EXISTS `bpm_process_instance_ext`;
CREATE TABLE `bpm_process_instance_ext`  (
  `id` bigint(20) NOT NULL AUTO_INCREMENT COMMENT '',
  `start_user_id` bigint(20) NOT NULL COMMENT '',
  `name` varchar(64) CHARACTER SET utf8mb4 COLLATE utf8mb4_unicode_ci NULL DEFAULT NULL COMMENT '',
  `process_instance_id` varchar(64) CHARACTER SET utf8mb4 COLLATE utf8mb4_unicode_ci NOT NULL COMMENT '',
  `process_definition_id` varchar(64) CHARACTER SET utf8mb4 COLLATE utf8mb4_unicode_ci NOT NULL COMMENT '',
  `category` varchar(64) CHARACTER SET utf8mb4 COLLATE utf8mb4_unicode_ci NULL DEFAULT NULL COMMENT '',
  `status` tinyint(4) NOT NULL COMMENT '',
  `result` tinyint(4) NOT NULL COMMENT '',
  `end_time` datetime NULL DEFAULT NULL COMMENT '',
  `form_variables` varchar(5000) CHARACTER SET utf8mb4 COLLATE utf8mb4_unicode_ci NULL DEFAULT NULL COMMENT '',
  `creator` varchar(64) CHARACTER SET utf8mb4 COLLATE utf8mb4_unicode_ci NULL DEFAULT '' COMMENT '',
  `create_time` datetime NOT NULL DEFAULT CURRENT_TIMESTAMP COMMENT '',
  `updater` varchar(64) CHARACTER SET utf8mb4 COLLATE utf8mb4_unicode_ci NULL DEFAULT '' COMMENT '',
  `update_time` datetime NOT NULL DEFAULT CURRENT_TIMESTAMP ON UPDATE CURRENT_TIMESTAMP COMMENT '',
  `deleted` bit(1) NOT NULL DEFAULT b'0' COMMENT '',
  `tenant_id` bigint(20) NOT NULL DEFAULT 0 COMMENT '',
  PRIMARY KEY (`id`) USING BTREE
) ENGINE = InnoDB AUTO_INCREMENT = 329 CHARACTER SET = utf8mb4 COLLATE = utf8mb4_unicode_ci COMMENT = '' ROW_FORMAT = COMPACT;

-- ----------------------------
-- Records of bpm_process_instance_ext
-- ----------------------------
INSERT INTO `bpm_process_instance_ext` VALUES (302, 1, '', '7e853b8b-2095-11ed-b609-3887d5e2c283', 'leave:2:f519d4d0-1ec3-11ed-af71-3887d5e2c283', '2', 2, 4, '2022-08-20 22:57:46', '{\"field126\":\"111\",\"field127\":\"222\",\"field128\":1}', '1', '2022-08-20 22:36:36', '1', '2022-08-20 22:57:46', b'0', 0);
INSERT INTO `bpm_process_instance_ext` VALUES (303, 1, '', 'da70e12a-2095-11ed-b609-3887d5e2c283', 'leave:2:f519d4d0-1ec3-11ed-af71-3887d5e2c283', '2', 1, 1, NULL, '{\"field126\":\"111\",\"field127\":\"111\",\"field128\":1}', '1', '2022-08-20 22:39:11', '1', '2022-08-20 22:39:11', b'0', 0);
INSERT INTO `bpm_process_instance_ext` VALUES (304, 1, '', 'b8745c09-2096-11ed-b609-3887d5e2c283', 'leave:2:f519d4d0-1ec3-11ed-af71-3887d5e2c283', '2', 1, 1, NULL, '{\"field126\":\"222\",\"field127\":\"222\",\"field128\":1}', '1', '2022-08-20 22:45:23', '1', '2022-08-20 22:45:23', b'0', 0);
INSERT INTO `bpm_process_instance_ext` VALUES (305, 1, '', '0a24aec8-2097-11ed-b609-3887d5e2c283', 'leave:2:f519d4d0-1ec3-11ed-af71-3887d5e2c283', '2', 1, 1, NULL, '{\"field126\":\"333\",\"field127\":\"333\",\"field128\":1}', '1', '2022-08-20 22:47:40', '1', '2022-08-20 22:47:40', b'0', 0);
INSERT INTO `bpm_process_instance_ext` VALUES (306, 1, '', '7bf2bf1b-2097-11ed-8938-3887d5e2c283', 'leave:2:f519d4d0-1ec3-11ed-af71-3887d5e2c283', '2', 1, 1, NULL, '{\"field126\":\"444\",\"field127\":\"444\",\"field128\":1}', '1', '2022-08-20 22:50:51', '1', '2022-08-20 22:50:51', b'0', 0);
INSERT INTO `bpm_process_instance_ext` VALUES (307, 1, '', 'e9b53134-283f-11ed-9000-3887d5e2c283', 'leave:2:f519d4d0-1ec3-11ed-af71-3887d5e2c283', '2', 1, 1, NULL, '{\"field126\":\"123\",\"field127\":\"123\",\"field128\":1}', '1', '2022-08-30 16:44:09', '1', '2022-08-30 16:44:09', b'0', 0);
INSERT INTO `bpm_process_instance_ext` VALUES (308, 1, '', 'bf0fd521-c991-11ed-8a10-2016b9c02335', 'leave:2:f519d4d0-1ec3-11ed-af71-3887d5e2c283', '2', 1, 1, NULL, '{\"day\":1}', '1', '2023-03-23 23:45:33', '1', '2023-03-23 23:45:33', b'0', 0);
INSERT INTO `bpm_process_instance_ext` VALUES (309, 1, '', '0d5a8eb0-c992-11ed-8a10-2016b9c02335', 'leave:3:f4e718cf-c991-11ed-8a10-2016b9c02335', '2', 2, 2, '2023-03-23 23:48:14', '{\"day\":1}', '1', '2023-03-23 23:47:44', '1', '2023-03-23 23:48:14', b'0', 0);
INSERT INTO `bpm_process_instance_ext` VALUES (310, 1, '', '53a44955-ca0b-11ed-b90d-2016b9c02335', 'leave:4:f49b5e34-ca0a-11ed-b90d-2016b9c02335', '2', 1, 1, NULL, '{\"day\":3}', '1', '2023-03-24 14:15:52', '1', '2023-03-24 14:15:52', b'0', 0);
INSERT INTO `bpm_process_instance_ext` VALUES (311, 1, '', 'df0c2720-ca0b-11ed-b90d-2016b9c02335', 'leave:4:f49b5e34-ca0a-11ed-b90d-2016b9c02335', '2', 1, 1, NULL, '{\"day\":1}', '1', '2023-03-24 14:19:45', '1', '2023-03-24 14:19:45', b'0', 0);
INSERT INTO `bpm_process_instance_ext` VALUES (312, 1, '', '31b3ab1b-ca0c-11ed-b90d-2016b9c02335', 'leave:4:f49b5e34-ca0a-11ed-b90d-2016b9c02335', '2', 1, 1, NULL, '{\"day\":7}', '1', '2023-03-24 14:22:04', '1', '2023-03-24 14:22:04', b'0', 0);
INSERT INTO `bpm_process_instance_ext` VALUES (313, 1, '', '50fed686-ca0c-11ed-b90d-2016b9c02335', 'leave:4:f49b5e34-ca0a-11ed-b90d-2016b9c02335', '2', 1, 1, NULL, '{\"day\":1}', '1', '2023-03-24 14:22:57', '1', '2023-03-24 14:22:57', b'0', 0);
INSERT INTO `bpm_process_instance_ext` VALUES (314, 1, '', 'e596e355-ca0d-11ed-b90d-2016b9c02335', 'leave:5:d96565c4-ca0d-11ed-b90d-2016b9c02335', '2', 1, 1, NULL, '{\"field115\":[\"2023-03-24\",\"2023-03-31\"],\"field104\":2,\"field105\":\"\"}', '1', '2023-03-24 14:34:15', '1', '2023-03-24 14:34:16', b'0', 0);
INSERT INTO `bpm_process_instance_ext` VALUES (318, 1, '', '66cbf3f2-ca2b-11ed-9c60-2016b9c02335', 'leave:5:d96565c4-ca0d-11ed-b90d-2016b9c02335', '2', 1, 1, NULL, '{\"field115\":[\"2023-03-30\",\"2023-03-31\"],\"field104\":1,\"field105\":\"\"}', '1', '2023-03-24 18:05:28', '1', '2023-03-24 18:05:28', b'0', 0);
INSERT INTO `bpm_process_instance_ext` VALUES (323, 2, '', '7044835f-cb94-11ed-8c20-2016b9c02335', 'check_in:1:1c85c30e-cb94-11ed-8c20-2016b9c02335', '2', 1, 1, NULL, '{\"field107\":\" \",\"field109\":\"\",\"field110\":1,\"field111\":[1,2]}', '2', '2023-03-26 13:09:52', '2', '2023-03-26 13:09:52', b'0', 0);
INSERT INTO `bpm_process_instance_ext` VALUES (324, 1, '', '88846633-cb94-11ed-8c20-2016b9c02335', 'check_in:1:1c85c30e-cb94-11ed-8c20-2016b9c02335', '2', 1, 1, NULL, '{\"field107\":\"test\",\"field109\":\"test\",\"field110\":1,\"field111\":[1,2]}', '1', '2023-03-26 13:10:32', '1', '2023-03-26 13:10:33', b'0', 0);
INSERT INTO `bpm_process_instance_ext` VALUES (325, 1, '', '996b7ca7-cb94-11ed-8c20-2016b9c02335', 'repair:2:b58c1943-cb90-11ed-aa70-2016b9c02335', '2', 1, 1, NULL, '{\"field105\":\"13:10:56\",\"field102\":\"\",\"field103\":null}', '1', '2023-03-26 13:11:01', '1', '2023-03-26 13:11:01', b'0', 0);
INSERT INTO `bpm_process_instance_ext` VALUES (326, 2, '', 'e855f1ac-cbe1-11ed-a77c-2016b9c02335', 'repair:2:b58c1943-cb90-11ed-aa70-2016b9c02335', '2', 1, 1, NULL, '{\"field105\":\"22:24:20\",\"field102\":\"\",\"field103\":null}', '2', '2023-03-26 22:24:24', '2', '2023-03-26 22:24:25', b'0', 0);
INSERT INTO `bpm_process_instance_ext` VALUES (327, 2, '', '59bfa57b-cbe3-11ed-a77c-2016b9c02335', 'repair:2:b58c1943-cb90-11ed-aa70-2016b9c02335', '2', 1, 1, NULL, '{\"field105\":\"22:34:39\",\"field102\":\"\",\"field103\":null}', '2', '2023-03-26 22:34:44', '2', '2023-03-26 22:34:45', b'0', 0);
INSERT INTO `bpm_process_instance_ext` VALUES (328, 1, '', 'e9d152a4-cd5f-11ed-997c-2016b9c02335', 'check_in:1:1c85c30e-cb94-11ed-8c20-2016b9c02335', '2', 1, 1, NULL, '{\"field107\":\"\",\"field109\":\"\",\"field110\":1,\"field111\":[1,2]}', '1', '2023-03-28 19:58:55', '1', '2023-03-28 19:58:55', b'0', 0);

-- ----------------------------
-- Table structure for bpm_task_assign_rule
-- ----------------------------
DROP TABLE IF EXISTS `bpm_task_assign_rule`;
CREATE TABLE `bpm_task_assign_rule`  (
  `id` bigint(20) NOT NULL AUTO_INCREMENT COMMENT '',
  `model_id` varchar(64) CHARACTER SET utf8mb4 COLLATE utf8mb4_unicode_ci NOT NULL COMMENT '',
  `process_definition_id` varchar(64) CHARACTER SET utf8mb4 COLLATE utf8mb4_unicode_ci NOT NULL COMMENT '',
  `task_definition_key` varchar(64) CHARACTER SET utf8mb4 COLLATE utf8mb4_unicode_ci NOT NULL COMMENT ' key',
  `type` tinyint(4) NOT NULL COMMENT '',
  `options` varchar(1024) CHARACTER SET utf8mb4 COLLATE utf8mb4_unicode_ci NOT NULL COMMENT 'JSON ',
  `creator` varchar(64) CHARACTER SET utf8mb4 COLLATE utf8mb4_unicode_ci NULL DEFAULT '' COMMENT '',
  `create_time` datetime NOT NULL DEFAULT CURRENT_TIMESTAMP COMMENT '',
  `updater` varchar(64) CHARACTER SET utf8mb4 COLLATE utf8mb4_unicode_ci NULL DEFAULT '' COMMENT '',
  `update_time` datetime NOT NULL DEFAULT CURRENT_TIMESTAMP ON UPDATE CURRENT_TIMESTAMP COMMENT '',
  `deleted` bit(1) NOT NULL DEFAULT b'0' COMMENT '',
  `tenant_id` bigint(20) NOT NULL DEFAULT 0 COMMENT '',
  PRIMARY KEY (`id`) USING BTREE
) ENGINE = InnoDB AUTO_INCREMENT = 47 CHARACTER SET = utf8mb4 COLLATE = utf8mb4_unicode_ci COMMENT = 'Bpm ' ROW_FORMAT = COMPACT;

-- ----------------------------
-- Records of bpm_task_assign_rule
-- ----------------------------
INSERT INTO `bpm_task_assign_rule` VALUES (1, 'e05bc4b6-1ea9-11ed-94d4-3887d5e2c283', '', 'Activity_0gcxdwu', 22, '[2]', '1', '2022-08-18 14:29:49', '1', '2022-08-18 14:41:24', b'0', 0);
INSERT INTO `bpm_task_assign_rule` VALUES (2, 'e05bc4b6-1ea9-11ed-94d4-3887d5e2c283', '', 'Activity_13uq05m', 10, '[1,3]', '1', '2022-08-18 14:34:34', '1', '2023-03-26 12:42:29', b'0', 0);
INSERT INTO `bpm_task_assign_rule` VALUES (3, 'e05bc4b6-1ea9-11ed-94d4-3887d5e2c283', 'leave:1:0385442c-1ec1-11ed-af71-3887d5e2c283', 'Activity_0gcxdwu', 22, '[2]', '1', '2022-08-18 14:43:06', '1', '2022-08-18 14:43:06', b'0', 0);
INSERT INTO `bpm_task_assign_rule` VALUES (4, 'e05bc4b6-1ea9-11ed-94d4-3887d5e2c283', 'leave:1:0385442c-1ec1-11ed-af71-3887d5e2c283', 'Activity_13uq05m', 22, '[3]', '1', '2022-08-18 14:43:06', '1', '2022-08-18 14:43:06', b'0', 0);
INSERT INTO `bpm_task_assign_rule` VALUES (5, 'e05bc4b6-1ea9-11ed-94d4-3887d5e2c283', 'leave:2:f519d4d0-1ec3-11ed-af71-3887d5e2c283', 'Activity_0gcxdwu', 22, '[2]', '1', '2022-08-18 15:04:10', '1', '2022-08-18 15:04:10', b'0', 0);
INSERT INTO `bpm_task_assign_rule` VALUES (6, 'e05bc4b6-1ea9-11ed-94d4-3887d5e2c283', 'leave:2:f519d4d0-1ec3-11ed-af71-3887d5e2c283', 'Activity_13uq05m', 22, '[3]', '1', '2022-08-18 15:04:10', '1', '2022-08-18 15:04:10', b'0', 0);
INSERT INTO `bpm_task_assign_rule` VALUES (7, 'e05bc4b6-1ea9-11ed-94d4-3887d5e2c283', 'leave:3:f4e718cf-c991-11ed-8a10-2016b9c02335', 'Activity_13uq05m', 10, '[1]', '1', '2023-03-23 23:47:04', '1', '2023-03-23 23:47:04', b'0', 0);
INSERT INTO `bpm_task_assign_rule` VALUES (8, 'e05bc4b6-1ea9-11ed-94d4-3887d5e2c283', 'leave:4:f49b5e34-ca0a-11ed-b90d-2016b9c02335', 'Activity_13uq05m', 10, '[1]', '1', '2023-03-24 14:13:12', '1', '2023-03-24 14:13:12', b'0', 0);
INSERT INTO `bpm_task_assign_rule` VALUES (9, 'e05bc4b6-1ea9-11ed-94d4-3887d5e2c283', 'leave:5:d96565c4-ca0d-11ed-b90d-2016b9c02335', 'Activity_13uq05m', 10, '[1]', '1', '2023-03-24 14:33:55', '1', '2023-03-24 14:33:55', b'0', 0);
INSERT INTO `bpm_task_assign_rule` VALUES (10, 'c182240f-2138-11ed-89a5-3887d5e2c283', '', 'Activity_12nkaxx', 10, '[4]', '1', '2023-03-24 17:09:22', '1', '2023-03-24 17:09:22', b'0', 0);
INSERT INTO `bpm_task_assign_rule` VALUES (11, 'c182240f-2138-11ed-89a5-3887d5e2c283', '', 'Activity_0in2t3c', 10, '[1,3]', '1', '2023-03-24 17:09:37', '1', '2023-03-24 18:08:40', b'0', 0);
INSERT INTO `bpm_task_assign_rule` VALUES (12, 'c182240f-2138-11ed-89a5-3887d5e2c283', '', 'Activity_08t2bke', 10, '[4]', '1', '2023-03-24 17:10:05', '1', '2023-03-24 17:10:05', b'0', 0);
INSERT INTO `bpm_task_assign_rule` VALUES (13, 'c182240f-2138-11ed-89a5-3887d5e2c283', 'sign:1:b10eb32a-ca23-11ed-9c60-2016b9c02335', 'Activity_08t2bke', 10, '[4]', '1', '2023-03-24 17:10:16', '1', '2023-03-24 17:10:16', b'0', 0);
INSERT INTO `bpm_task_assign_rule` VALUES (14, 'c182240f-2138-11ed-89a5-3887d5e2c283', 'sign:1:b10eb32a-ca23-11ed-9c60-2016b9c02335', 'Activity_0in2t3c', 10, '[3]', '1', '2023-03-24 17:10:16', '1', '2023-03-24 17:10:16', b'0', 0);
INSERT INTO `bpm_task_assign_rule` VALUES (15, 'c182240f-2138-11ed-89a5-3887d5e2c283', 'sign:1:b10eb32a-ca23-11ed-9c60-2016b9c02335', 'Activity_12nkaxx', 10, '[4]', '1', '2023-03-24 17:10:16', '1', '2023-03-24 17:10:16', b'0', 0);
INSERT INTO `bpm_task_assign_rule` VALUES (16, 'c182240f-2138-11ed-89a5-3887d5e2c283', 'sign:2:558f672e-ca27-11ed-9c60-2016b9c02335', 'Activity_08t2bke', 10, '[4]', '1', '2023-03-24 17:36:21', '1', '2023-03-24 17:36:21', b'0', 0);
INSERT INTO `bpm_task_assign_rule` VALUES (17, 'c182240f-2138-11ed-89a5-3887d5e2c283', 'sign:2:558f672e-ca27-11ed-9c60-2016b9c02335', 'Activity_0in2t3c', 10, '[3]', '1', '2023-03-24 17:36:21', '1', '2023-03-24 17:36:21', b'0', 0);
INSERT INTO `bpm_task_assign_rule` VALUES (18, 'c182240f-2138-11ed-89a5-3887d5e2c283', 'sign:2:558f672e-ca27-11ed-9c60-2016b9c02335', 'Activity_12nkaxx', 10, '[4]', '1', '2023-03-24 17:36:21', '1', '2023-03-24 17:36:21', b'0', 0);
INSERT INTO `bpm_task_assign_rule` VALUES (19, 'c182240f-2138-11ed-89a5-3887d5e2c283', 'sign:3:4581e092-ca2a-11ed-9c60-2016b9c02335', 'Activity_08t2bke', 10, '[4]', '1', '2023-03-24 17:57:22', '1', '2023-03-24 17:57:22', b'0', 0);
INSERT INTO `bpm_task_assign_rule` VALUES (20, 'c182240f-2138-11ed-89a5-3887d5e2c283', 'sign:3:4581e092-ca2a-11ed-9c60-2016b9c02335', 'Activity_0in2t3c', 10, '[3]', '1', '2023-03-24 17:57:22', '1', '2023-03-24 17:57:22', b'0', 0);
INSERT INTO `bpm_task_assign_rule` VALUES (21, 'c182240f-2138-11ed-89a5-3887d5e2c283', 'sign:3:4581e092-ca2a-11ed-9c60-2016b9c02335', 'Activity_12nkaxx', 10, '[4]', '1', '2023-03-24 17:57:22', '1', '2023-03-24 17:57:22', b'0', 0);
INSERT INTO `bpm_task_assign_rule` VALUES (22, 'c182240f-2138-11ed-89a5-3887d5e2c283', 'sign:4:8c8e0c76-ca2a-11ed-9c60-2016b9c02335', 'Activity_08t2bke', 10, '[4]', '1', '2023-03-24 17:59:22', '1', '2023-03-24 17:59:22', b'0', 0);
INSERT INTO `bpm_task_assign_rule` VALUES (23, 'c182240f-2138-11ed-89a5-3887d5e2c283', 'sign:4:8c8e0c76-ca2a-11ed-9c60-2016b9c02335', 'Activity_0in2t3c', 10, '[3]', '1', '2023-03-24 17:59:22', '1', '2023-03-24 17:59:22', b'0', 0);
INSERT INTO `bpm_task_assign_rule` VALUES (24, 'c182240f-2138-11ed-89a5-3887d5e2c283', 'sign:4:8c8e0c76-ca2a-11ed-9c60-2016b9c02335', 'Activity_12nkaxx', 10, '[4]', '1', '2023-03-24 17:59:22', '1', '2023-03-24 17:59:22', b'0', 0);
INSERT INTO `bpm_task_assign_rule` VALUES (25, 'c182240f-2138-11ed-89a5-3887d5e2c283', 'sign:5:ee243237-ca2a-11ed-9c60-2016b9c02335', 'Activity_08t2bke', 10, '[4]', '1', '2023-03-24 18:02:05', '1', '2023-03-24 18:02:05', b'0', 0);
INSERT INTO `bpm_task_assign_rule` VALUES (26, 'c182240f-2138-11ed-89a5-3887d5e2c283', 'sign:5:ee243237-ca2a-11ed-9c60-2016b9c02335', 'Activity_0in2t3c', 10, '[3]', '1', '2023-03-24 18:02:05', '1', '2023-03-24 18:02:05', b'0', 0);
INSERT INTO `bpm_task_assign_rule` VALUES (27, 'c182240f-2138-11ed-89a5-3887d5e2c283', 'sign:5:ee243237-ca2a-11ed-9c60-2016b9c02335', 'Activity_12nkaxx', 10, '[4]', '1', '2023-03-24 18:02:05', '1', '2023-03-24 18:02:05', b'0', 0);
INSERT INTO `bpm_task_assign_rule` VALUES (28, 'c182240f-2138-11ed-89a5-3887d5e2c283', 'sign:6:e62a75a7-ca2b-11ed-9c60-2016b9c02335', 'Activity_08t2bke', 10, '[4]', '1', '2023-03-24 18:09:01', '1', '2023-03-24 18:09:01', b'0', 0);
INSERT INTO `bpm_task_assign_rule` VALUES (29, 'c182240f-2138-11ed-89a5-3887d5e2c283', 'sign:6:e62a75a7-ca2b-11ed-9c60-2016b9c02335', 'Activity_0in2t3c', 10, '[1,3]', '1', '2023-03-24 18:09:01', '1', '2023-03-24 18:09:01', b'0', 0);
INSERT INTO `bpm_task_assign_rule` VALUES (30, 'c182240f-2138-11ed-89a5-3887d5e2c283', 'sign:6:e62a75a7-ca2b-11ed-9c60-2016b9c02335', 'Activity_12nkaxx', 10, '[4]', '1', '2023-03-24 18:09:01', '1', '2023-03-24 18:09:01', b'0', 0);
INSERT INTO `bpm_task_assign_rule` VALUES (31, 'c39ea8d5-ca2c-11ed-9c60-2016b9c02335', '', 'Activity_12hhoy5', 10, '[4]', '1', '2023-03-24 18:17:10', '1', '2023-03-24 18:17:10', b'0', 0);
INSERT INTO `bpm_task_assign_rule` VALUES (32, 'c39ea8d5-ca2c-11ed-9c60-2016b9c02335', '', 'Activity_0xh9dwc', 10, '[4]', '1', '2023-03-24 18:17:20', '1', '2023-03-24 18:17:20', b'0', 0);
INSERT INTO `bpm_task_assign_rule` VALUES (33, 'c39ea8d5-ca2c-11ed-9c60-2016b9c02335', '', 'Activity_1ne3thd', 10, '[1,3]', '1', '2023-03-24 18:17:30', '1', '2023-03-26 12:43:01', b'0', 0);
INSERT INTO `bpm_task_assign_rule` VALUES (34, 'c39ea8d5-ca2c-11ed-9c60-2016b9c02335', 'repair:1:1ab2d5ba-ca2d-11ed-9c60-2016b9c02335', 'Activity_12hhoy5', 10, '[4]', '1', '2023-03-24 18:17:39', '1', '2023-03-24 18:17:39', b'0', 0);
INSERT INTO `bpm_task_assign_rule` VALUES (35, 'c39ea8d5-ca2c-11ed-9c60-2016b9c02335', 'repair:1:1ab2d5ba-ca2d-11ed-9c60-2016b9c02335', 'Activity_0xh9dwc', 10, '[4]', '1', '2023-03-24 18:17:39', '1', '2023-03-24 18:17:39', b'0', 0);
INSERT INTO `bpm_task_assign_rule` VALUES (36, 'c39ea8d5-ca2c-11ed-9c60-2016b9c02335', 'repair:1:1ab2d5ba-ca2d-11ed-9c60-2016b9c02335', 'Activity_1ne3thd', 10, '[3]', '1', '2023-03-24 18:17:39', '1', '2023-03-24 18:17:39', b'0', 0);
INSERT INTO `bpm_task_assign_rule` VALUES (37, 'c39ea8d5-ca2c-11ed-9c60-2016b9c02335', 'repair:2:b58c1943-cb90-11ed-aa70-2016b9c02335', 'Activity_12hhoy5', 10, '[4]', '1', '2023-03-26 12:43:10', '1', '2023-03-26 12:43:10', b'0', 0);
INSERT INTO `bpm_task_assign_rule` VALUES (38, 'c39ea8d5-ca2c-11ed-9c60-2016b9c02335', 'repair:2:b58c1943-cb90-11ed-aa70-2016b9c02335', 'Activity_0xh9dwc', 10, '[4]', '1', '2023-03-26 12:43:10', '1', '2023-03-26 12:43:10', b'0', 0);
INSERT INTO `bpm_task_assign_rule` VALUES (39, 'c39ea8d5-ca2c-11ed-9c60-2016b9c02335', 'repair:2:b58c1943-cb90-11ed-aa70-2016b9c02335', 'Activity_1ne3thd', 10, '[1,3]', '1', '2023-03-26 12:43:10', '1', '2023-03-26 12:43:10', b'0', 0);
INSERT INTO `bpm_task_assign_rule` VALUES (40, 'e05bc4b6-1ea9-11ed-94d4-3887d5e2c283', 'leave:6:b696d287-cb90-11ed-aa70-2016b9c02335', 'Activity_13uq05m', 10, '[1,3]', '1', '2023-03-26 12:43:12', '1', '2023-03-26 12:43:12', b'0', 0);
INSERT INTO `bpm_task_assign_rule` VALUES (41, 'c777c669-cb93-11ed-8c20-2016b9c02335', '', 'Activity_06tm4j2', 10, '[2]', '1', '2023-03-26 13:07:05', '1', '2023-03-26 13:07:05', b'0', 0);
INSERT INTO `bpm_task_assign_rule` VALUES (42, 'c777c669-cb93-11ed-8c20-2016b9c02335', '', 'Activity_0vtw3p7', 10, '[4]', '1', '2023-03-26 13:07:14', '1', '2023-03-26 13:07:14', b'0', 0);
INSERT INTO `bpm_task_assign_rule` VALUES (43, 'c777c669-cb93-11ed-8c20-2016b9c02335', '', 'Activity_1vf3toh', 10, '[1,3]', '1', '2023-03-26 13:07:25', '1', '2023-03-26 13:07:25', b'0', 0);
INSERT INTO `bpm_task_assign_rule` VALUES (44, 'c777c669-cb93-11ed-8c20-2016b9c02335', 'check_in:1:1c85c30e-cb94-11ed-8c20-2016b9c02335', 'Activity_06tm4j2', 10, '[2]', '1', '2023-03-26 13:07:32', '1', '2023-03-26 13:07:32', b'0', 0);
INSERT INTO `bpm_task_assign_rule` VALUES (45, 'c777c669-cb93-11ed-8c20-2016b9c02335', 'check_in:1:1c85c30e-cb94-11ed-8c20-2016b9c02335', 'Activity_0vtw3p7', 10, '[4]', '1', '2023-03-26 13:07:32', '1', '2023-03-26 13:07:32', b'0', 0);
INSERT INTO `bpm_task_assign_rule` VALUES (46, 'c777c669-cb93-11ed-8c20-2016b9c02335', 'check_in:1:1c85c30e-cb94-11ed-8c20-2016b9c02335', 'Activity_1vf3toh', 10, '[1,3]', '1', '2023-03-26 13:07:32', '1', '2023-03-26 13:07:32', b'0', 0);

-- ----------------------------
-- Table structure for bpm_task_ext
-- ----------------------------
DROP TABLE IF EXISTS `bpm_task_ext`;
CREATE TABLE `bpm_task_ext`  (
  `id` bigint(20) NOT NULL AUTO_INCREMENT COMMENT '',
  `assignee_user_id` bigint(20) NULL DEFAULT NULL COMMENT '',
  `name` varchar(64) CHARACTER SET utf8mb4 COLLATE utf8mb4_unicode_ci NULL DEFAULT NULL COMMENT '',
  `task_id` varchar(64) CHARACTER SET utf8mb4 COLLATE utf8mb4_unicode_ci NOT NULL COMMENT '',
  `result` tinyint(4) NOT NULL COMMENT '',
  `reason` varchar(255) CHARACTER SET utf8mb4 COLLATE utf8mb4_unicode_ci NULL DEFAULT NULL COMMENT '',
  `end_time` datetime NULL DEFAULT NULL COMMENT '',
  `process_instance_id` varchar(64) CHARACTER SET utf8mb4 COLLATE utf8mb4_unicode_ci NOT NULL COMMENT '',
  `process_definition_id` varchar(64) CHARACTER SET utf8mb4 COLLATE utf8mb4_unicode_ci NOT NULL COMMENT '',
  `creator` varchar(64) CHARACTER SET utf8mb4 COLLATE utf8mb4_unicode_ci NULL DEFAULT '' COMMENT '',
  `create_time` datetime NOT NULL DEFAULT CURRENT_TIMESTAMP COMMENT '',
  `updater` varchar(64) CHARACTER SET utf8mb4 COLLATE utf8mb4_unicode_ci NULL DEFAULT '' COMMENT '',
  `update_time` datetime NOT NULL DEFAULT CURRENT_TIMESTAMP ON UPDATE CURRENT_TIMESTAMP COMMENT '',
  `deleted` bit(1) NOT NULL DEFAULT b'0' COMMENT '',
  `tenant_id` bigint(20) NOT NULL DEFAULT 0 COMMENT '',
  PRIMARY KEY (`id`) USING BTREE
) ENGINE = InnoDB AUTO_INCREMENT = 364 CHARACTER SET = utf8mb4 COLLATE = utf8mb4_unicode_ci COMMENT = '' ROW_FORMAT = COMPACT;

-- ----------------------------
-- Records of bpm_task_ext
-- ----------------------------
INSERT INTO `bpm_task_ext` VALUES (341, 2, '', '7e92a917-2095-11ed-b609-3887d5e2c283', 4, '', '2022-08-20 22:57:46', '7e853b8b-2095-11ed-b609-3887d5e2c283', 'leave:2:f519d4d0-1ec3-11ed-af71-3887d5e2c283', '1', '2022-08-20 22:36:36', '1', '2022-08-20 22:57:46', b'0', 0);
INSERT INTO `bpm_task_ext` VALUES (342, 2, '', 'da71f2a6-2095-11ed-b609-3887d5e2c283', 1, NULL, NULL, 'da70e12a-2095-11ed-b609-3887d5e2c283', 'leave:2:f519d4d0-1ec3-11ed-af71-3887d5e2c283', '1', '2022-08-20 22:39:11', '1', '2022-08-20 22:39:11', b'0', 0);
INSERT INTO `bpm_task_ext` VALUES (343, 2, '', 'b876a605-2096-11ed-b609-3887d5e2c283', 1, NULL, NULL, 'b8745c09-2096-11ed-b609-3887d5e2c283', 'leave:2:f519d4d0-1ec3-11ed-af71-3887d5e2c283', '1', '2022-08-20 22:45:23', '1', '2022-08-20 22:45:23', b'0', 0);
INSERT INTO `bpm_task_ext` VALUES (344, 2, '', '0a263574-2097-11ed-b609-3887d5e2c283', 1, NULL, NULL, '0a24aec8-2097-11ed-b609-3887d5e2c283', 'leave:2:f519d4d0-1ec3-11ed-af71-3887d5e2c283', '1', '2022-08-20 22:47:40', '1', '2022-08-20 22:47:40', b'0', 0);
INSERT INTO `bpm_task_ext` VALUES (345, 2, '', '7bfe7ef7-2097-11ed-8938-3887d5e2c283', 1, NULL, NULL, '7bf2bf1b-2097-11ed-8938-3887d5e2c283', 'leave:2:f519d4d0-1ec3-11ed-af71-3887d5e2c283', '1', '2022-08-20 22:50:51', '1', '2022-08-20 22:50:51', b'0', 0);
INSERT INTO `bpm_task_ext` VALUES (346, 2, '', 'e9bbe800-283f-11ed-9000-3887d5e2c283', 2, '', '2022-08-30 17:07:20', 'e9b53134-283f-11ed-9000-3887d5e2c283', 'leave:2:f519d4d0-1ec3-11ed-af71-3887d5e2c283', '1', '2022-08-30 16:44:09', '2', '2022-08-30 17:07:20', b'0', 0);
INSERT INTO `bpm_task_ext` VALUES (347, 4, '', '26d645c6-2843-11ed-9000-3887d5e2c283', 1, NULL, NULL, 'e9b53134-283f-11ed-9000-3887d5e2c283', 'leave:2:f519d4d0-1ec3-11ed-af71-3887d5e2c283', '2', '2022-08-30 17:07:20', '2', '2022-08-30 17:07:20', b'0', 0);
INSERT INTO `bpm_task_ext` VALUES (348, 2, '', 'bf183999-c991-11ed-8a10-2016b9c02335', 1, NULL, NULL, 'bf0fd521-c991-11ed-8a10-2016b9c02335', 'leave:2:f519d4d0-1ec3-11ed-af71-3887d5e2c283', '1', '2023-03-23 23:45:33', '1', '2023-03-23 23:45:33', b'0', 0);
INSERT INTO `bpm_task_ext` VALUES (349, 1, '', '0d5b7918-c992-11ed-8a10-2016b9c02335', 2, 'VB', '2023-03-23 23:48:14', '0d5a8eb0-c992-11ed-8a10-2016b9c02335', 'leave:3:f4e718cf-c991-11ed-8a10-2016b9c02335', '1', '2023-03-23 23:47:44', '1', '2023-03-23 23:48:15', b'0', 0);
INSERT INTO `bpm_task_ext` VALUES (350, 1, '', '53b0a56d-ca0b-11ed-b90d-2016b9c02335', 1, NULL, NULL, '53a44955-ca0b-11ed-b90d-2016b9c02335', 'leave:4:f49b5e34-ca0a-11ed-b90d-2016b9c02335', '1', '2023-03-24 14:15:52', '1', '2023-03-24 14:15:52', b'0', 0);
INSERT INTO `bpm_task_ext` VALUES (351, 1, '', 'df0d3898-ca0b-11ed-b90d-2016b9c02335', 1, NULL, NULL, 'df0c2720-ca0b-11ed-b90d-2016b9c02335', 'leave:4:f49b5e34-ca0a-11ed-b90d-2016b9c02335', '1', '2023-03-24 14:19:45', '1', '2023-03-24 14:19:45', b'0', 0);
INSERT INTO `bpm_task_ext` VALUES (352, 1, '', '31b44763-ca0c-11ed-b90d-2016b9c02335', 1, NULL, NULL, '31b3ab1b-ca0c-11ed-b90d-2016b9c02335', 'leave:4:f49b5e34-ca0a-11ed-b90d-2016b9c02335', '1', '2023-03-24 14:22:04', '1', '2023-03-24 14:22:04', b'0', 0);
INSERT INTO `bpm_task_ext` VALUES (353, 1, '', '50ffe7fe-ca0c-11ed-b90d-2016b9c02335', 1, NULL, NULL, '50fed686-ca0c-11ed-b90d-2016b9c02335', 'leave:4:f49b5e34-ca0a-11ed-b90d-2016b9c02335', '1', '2023-03-24 14:22:57', '1', '2023-03-24 14:22:57', b'0', 0);
INSERT INTO `bpm_task_ext` VALUES (354, 1, '', 'e5a8bdb4-ca0d-11ed-b90d-2016b9c02335', 1, NULL, NULL, 'e596e355-ca0d-11ed-b90d-2016b9c02335', 'leave:5:d96565c4-ca0d-11ed-b90d-2016b9c02335', '1', '2023-03-24 14:34:15', '1', '2023-03-24 14:34:15', b'0', 0);
INSERT INTO `bpm_task_ext` VALUES (355, 1, '', '66cd7aa1-ca2b-11ed-9c60-2016b9c02335', 1, NULL, NULL, '66cbf3f2-ca2b-11ed-9c60-2016b9c02335', 'leave:5:d96565c4-ca0d-11ed-b90d-2016b9c02335', '1', '2023-03-24 18:05:28', '1', '2023-03-24 18:05:28', b'0', 0);
INSERT INTO `bpm_task_ext` VALUES (356, 4, '', '705d1480-cb94-11ed-8c20-2016b9c02335', 1, NULL, NULL, '7044835f-cb94-11ed-8c20-2016b9c02335', 'check_in:1:1c85c30e-cb94-11ed-8c20-2016b9c02335', '2', '2023-03-26 13:09:52', '2', '2023-03-26 13:09:52', b'0', 0);
INSERT INTO `bpm_task_ext` VALUES (357, 2, '', '88852994-cb94-11ed-8c20-2016b9c02335', 1, NULL, NULL, '88846633-cb94-11ed-8c20-2016b9c02335', 'check_in:1:1c85c30e-cb94-11ed-8c20-2016b9c02335', '1', '2023-03-26 13:10:32', '1', '2023-03-26 13:10:32', b'0', 0);
INSERT INTO `bpm_task_ext` VALUES (358, 2, '', '996c6713-cb94-11ed-8c20-2016b9c02335', 1, NULL, NULL, '996b7ca7-cb94-11ed-8c20-2016b9c02335', 'repair:2:b58c1943-cb90-11ed-aa70-2016b9c02335', '1', '2023-03-26 13:11:01', '1', '2023-03-26 13:11:01', b'0', 0);
INSERT INTO `bpm_task_ext` VALUES (359, 3, '', 'e86e0d98-cbe1-11ed-a77c-2016b9c02335', 1, NULL, NULL, 'e855f1ac-cbe1-11ed-a77c-2016b9c02335', 'repair:2:b58c1943-cb90-11ed-aa70-2016b9c02335', '2', '2023-03-26 22:24:25', '2', '2023-03-26 22:24:25', b'0', 0);
INSERT INTO `bpm_task_ext` VALUES (360, 3, '', '59c08fe7-cbe3-11ed-a77c-2016b9c02335', 2, '', '2023-03-26 22:43:16', '59bfa57b-cbe3-11ed-a77c-2016b9c02335', 'repair:2:b58c1943-cb90-11ed-aa70-2016b9c02335', '2', '2023-03-26 22:34:44', '3', '2023-03-26 22:43:17', b'0', 0);
INSERT INTO `bpm_task_ext` VALUES (361, 3, '', '8afbe7cd-cbe4-11ed-a77c-2016b9c02335', 2, '', '2023-03-26 22:43:31', '59bfa57b-cbe3-11ed-a77c-2016b9c02335', 'repair:2:b58c1943-cb90-11ed-aa70-2016b9c02335', '3', '2023-03-26 22:43:16', '3', '2023-03-26 22:43:31', b'0', 0);
INSERT INTO `bpm_task_ext` VALUES (362, 2, '', '93a61362-cbe4-11ed-a77c-2016b9c02335', 1, NULL, NULL, '59bfa57b-cbe3-11ed-a77c-2016b9c02335', 'repair:2:b58c1943-cb90-11ed-aa70-2016b9c02335', '3', '2023-03-26 22:43:31', '3', '2023-03-26 22:43:31', b'0', 0);
INSERT INTO `bpm_task_ext` VALUES (363, 4, '', 'e9e5ec25-cd5f-11ed-997c-2016b9c02335', 1, NULL, NULL, 'e9d152a4-cd5f-11ed-997c-2016b9c02335', 'check_in:1:1c85c30e-cb94-11ed-8c20-2016b9c02335', '1', '2023-03-28 19:58:55', '1', '2023-03-28 19:58:55', b'0', 0);

-- ----------------------------
-- Table structure for bpm_user_group
-- ----------------------------
DROP TABLE IF EXISTS `bpm_user_group`;
CREATE TABLE `bpm_user_group`  (
  `id` bigint(20) NOT NULL AUTO_INCREMENT COMMENT '',
  `name` varchar(30) CHARACTER SET utf8mb4 COLLATE utf8mb4_unicode_ci NOT NULL DEFAULT '' COMMENT '',
  `description` varchar(255) CHARACTER SET utf8mb4 COLLATE utf8mb4_unicode_ci NOT NULL DEFAULT '' COMMENT '',
  `member_user_ids` varchar(1024) CHARACTER SET utf8mb4 COLLATE utf8mb4_unicode_ci NOT NULL DEFAULT '0' COMMENT '',
  `status` tinyint(4) NOT NULL COMMENT '0 1',
  `creator` varchar(64) CHARACTER SET utf8mb4 COLLATE utf8mb4_unicode_ci NULL DEFAULT '' COMMENT '',
  `create_time` datetime NOT NULL DEFAULT CURRENT_TIMESTAMP COMMENT '',
  `updater` varchar(64) CHARACTER SET utf8mb4 COLLATE utf8mb4_unicode_ci NULL DEFAULT '' COMMENT '',
  `update_time` datetime NOT NULL DEFAULT CURRENT_TIMESTAMP ON UPDATE CURRENT_TIMESTAMP COMMENT '',
  `deleted` bit(1) NOT NULL DEFAULT b'0' COMMENT '',
  `tenant_id` bigint(20) NOT NULL DEFAULT 0 COMMENT '',
  PRIMARY KEY (`id`) USING BTREE
) ENGINE = InnoDB AUTO_INCREMENT = 113 CHARACTER SET = utf8mb4 COLLATE = utf8mb4_unicode_ci COMMENT = '' ROW_FORMAT = COMPACT;

-- ----------------------------
-- Records of bpm_user_group
-- ----------------------------
INSERT INTO `bpm_user_group` VALUES (111, '', '', '[3]', 0, '1', '2022-08-18 17:39:46', '1', '2022-08-18 17:39:46', b'0', 0);
INSERT INTO `bpm_user_group` VALUES (112, '', '', '[2,4]', 0, '1', '2022-08-18 17:42:08', '1', '2022-08-18 17:42:08', b'0', 0);

-- ----------------------------
-- Table structure for flw_channel_definition
-- ----------------------------
DROP TABLE IF EXISTS `flw_channel_definition`;
CREATE TABLE `flw_channel_definition`  (
  `ID_` varchar(255) CHARACTER SET utf8 COLLATE utf8_general_ci NOT NULL,
  `NAME_` varchar(255) CHARACTER SET utf8 COLLATE utf8_general_ci NULL DEFAULT NULL,
  `VERSION_` int(11) NULL DEFAULT NULL,
  `KEY_` varchar(255) CHARACTER SET utf8 COLLATE utf8_general_ci NULL DEFAULT NULL,
  `CATEGORY_` varchar(255) CHARACTER SET utf8 COLLATE utf8_general_ci NULL DEFAULT NULL,
  `DEPLOYMENT_ID_` varchar(255) CHARACTER SET utf8 COLLATE utf8_general_ci NULL DEFAULT NULL,
  `CREATE_TIME_` datetime(3) NULL DEFAULT NULL,
  `TENANT_ID_` varchar(255) CHARACTER SET utf8 COLLATE utf8_general_ci NULL DEFAULT NULL,
  `RESOURCE_NAME_` varchar(255) CHARACTER SET utf8 COLLATE utf8_general_ci NULL DEFAULT NULL,
  `DESCRIPTION_` varchar(255) CHARACTER SET utf8 COLLATE utf8_general_ci NULL DEFAULT NULL,
  `TYPE_` varchar(255) CHARACTER SET utf8 COLLATE utf8_general_ci NULL DEFAULT NULL,
  `IMPLEMENTATION_` varchar(255) CHARACTER SET utf8 COLLATE utf8_general_ci NULL DEFAULT NULL,
  PRIMARY KEY (`ID_`) USING BTREE,
  UNIQUE INDEX `ACT_IDX_CHANNEL_DEF_UNIQ`(`KEY_`, `VERSION_`, `TENANT_ID_`) USING BTREE
) ENGINE = InnoDB CHARACTER SET = utf8 COLLATE = utf8_general_ci ROW_FORMAT = COMPACT;

-- ----------------------------
-- Records of flw_channel_definition
-- ----------------------------

-- ----------------------------
-- Table structure for flw_ev_databasechangelog
-- ----------------------------
DROP TABLE IF EXISTS `flw_ev_databasechangelog`;
CREATE TABLE `flw_ev_databasechangelog`  (
  `ID` varchar(255) CHARACTER SET utf8 COLLATE utf8_general_ci NOT NULL,
  `AUTHOR` varchar(255) CHARACTER SET utf8 COLLATE utf8_general_ci NOT NULL,
  `FILENAME` varchar(255) CHARACTER SET utf8 COLLATE utf8_general_ci NOT NULL,
  `DATEEXECUTED` datetime NOT NULL,
  `ORDEREXECUTED` int(11) NOT NULL,
  `EXECTYPE` varchar(10) CHARACTER SET utf8 COLLATE utf8_general_ci NOT NULL,
  `MD5SUM` varchar(35) CHARACTER SET utf8 COLLATE utf8_general_ci NULL DEFAULT NULL,
  `DESCRIPTION` varchar(255) CHARACTER SET utf8 COLLATE utf8_general_ci NULL DEFAULT NULL,
  `COMMENTS` varchar(255) CHARACTER SET utf8 COLLATE utf8_general_ci NULL DEFAULT NULL,
  `TAG` varchar(255) CHARACTER SET utf8 COLLATE utf8_general_ci NULL DEFAULT NULL,
  `LIQUIBASE` varchar(20) CHARACTER SET utf8 COLLATE utf8_general_ci NULL DEFAULT NULL,
  `CONTEXTS` varchar(255) CHARACTER SET utf8 COLLATE utf8_general_ci NULL DEFAULT NULL,
  `LABELS` varchar(255) CHARACTER SET utf8 COLLATE utf8_general_ci NULL DEFAULT NULL,
  `DEPLOYMENT_ID` varchar(10) CHARACTER SET utf8 COLLATE utf8_general_ci NULL DEFAULT NULL
) ENGINE = InnoDB CHARACTER SET = utf8 COLLATE = utf8_general_ci ROW_FORMAT = COMPACT;

-- ----------------------------
-- Records of flw_ev_databasechangelog
-- ----------------------------
INSERT INTO `flw_ev_databasechangelog` VALUES ('1', 'flowable', 'org/flowable/eventregistry/db/liquibase/flowable-eventregistry-db-changelog.xml', '2022-07-30 14:42:32', 1, 'EXECUTED', '8:1b0c48c9cf7945be799d868a2626d687', 'createTable tableName=FLW_EVENT_DEPLOYMENT; createTable tableName=FLW_EVENT_RESOURCE; createTable tableName=FLW_EVENT_DEFINITION; createIndex indexName=ACT_IDX_EVENT_DEF_UNIQ, tableName=FLW_EVENT_DEFINITION; createTable tableName=FLW_CHANNEL_DEFIN...', '', NULL, '4.3.5', NULL, NULL, '9163352725');
INSERT INTO `flw_ev_databasechangelog` VALUES ('2', 'flowable', 'org/flowable/eventregistry/db/liquibase/flowable-eventregistry-db-changelog.xml', '2023-03-23 23:38:40', 2, 'EXECUTED', '8:0ea825feb8e470558f0b5754352b9cda', 'addColumn tableName=FLW_CHANNEL_DEFINITION; addColumn tableName=FLW_CHANNEL_DEFINITION', '', NULL, '4.3.5', NULL, NULL, '9585919146');
INSERT INTO `flw_ev_databasechangelog` VALUES ('3', 'flowable', 'org/flowable/eventregistry/db/liquibase/flowable-eventregistry-db-changelog.xml', '2023-03-23 23:38:40', 3, 'EXECUTED', '8:3c2bb293350b5cbe6504331980c9dcee', 'customChange', '', NULL, '4.3.5', NULL, NULL, '9585919146');

-- ----------------------------
-- Table structure for flw_ev_databasechangeloglock
-- ----------------------------
DROP TABLE IF EXISTS `flw_ev_databasechangeloglock`;
CREATE TABLE `flw_ev_databasechangeloglock`  (
  `ID` int(11) NOT NULL,
  `LOCKED` bit(1) NOT NULL,
  `LOCKGRANTED` datetime NULL DEFAULT NULL,
  `LOCKEDBY` varchar(255) CHARACTER SET utf8 COLLATE utf8_general_ci NULL DEFAULT NULL,
  PRIMARY KEY (`ID`) USING BTREE
) ENGINE = InnoDB CHARACTER SET = utf8 COLLATE = utf8_general_ci ROW_FORMAT = COMPACT;

-- ----------------------------
-- Records of flw_ev_databasechangeloglock
-- ----------------------------
INSERT INTO `flw_ev_databasechangeloglock` VALUES (1, b'0', NULL, NULL);

-- ----------------------------
-- Table structure for flw_event_definition
-- ----------------------------
DROP TABLE IF EXISTS `flw_event_definition`;
CREATE TABLE `flw_event_definition`  (
  `ID_` varchar(255) CHARACTER SET utf8 COLLATE utf8_general_ci NOT NULL,
  `NAME_` varchar(255) CHARACTER SET utf8 COLLATE utf8_general_ci NULL DEFAULT NULL,
  `VERSION_` int(11) NULL DEFAULT NULL,
  `KEY_` varchar(255) CHARACTER SET utf8 COLLATE utf8_general_ci NULL DEFAULT NULL,
  `CATEGORY_` varchar(255) CHARACTER SET utf8 COLLATE utf8_general_ci NULL DEFAULT NULL,
  `DEPLOYMENT_ID_` varchar(255) CHARACTER SET utf8 COLLATE utf8_general_ci NULL DEFAULT NULL,
  `TENANT_ID_` varchar(255) CHARACTER SET utf8 COLLATE utf8_general_ci NULL DEFAULT NULL,
  `RESOURCE_NAME_` varchar(255) CHARACTER SET utf8 COLLATE utf8_general_ci NULL DEFAULT NULL,
  `DESCRIPTION_` varchar(255) CHARACTER SET utf8 COLLATE utf8_general_ci NULL DEFAULT NULL,
  PRIMARY KEY (`ID_`) USING BTREE,
  UNIQUE INDEX `ACT_IDX_EVENT_DEF_UNIQ`(`KEY_`, `VERSION_`, `TENANT_ID_`) USING BTREE
) ENGINE = InnoDB CHARACTER SET = utf8 COLLATE = utf8_general_ci ROW_FORMAT = COMPACT;

-- ----------------------------
-- Records of flw_event_definition
-- ----------------------------

-- ----------------------------
-- Table structure for flw_event_deployment
-- ----------------------------
DROP TABLE IF EXISTS `flw_event_deployment`;
CREATE TABLE `flw_event_deployment`  (
  `ID_` varchar(255) CHARACTER SET utf8 COLLATE utf8_general_ci NOT NULL,
  `NAME_` varchar(255) CHARACTER SET utf8 COLLATE utf8_general_ci NULL DEFAULT NULL,
  `CATEGORY_` varchar(255) CHARACTER SET utf8 COLLATE utf8_general_ci NULL DEFAULT NULL,
  `DEPLOY_TIME_` datetime(3) NULL DEFAULT NULL,
  `TENANT_ID_` varchar(255) CHARACTER SET utf8 COLLATE utf8_general_ci NULL DEFAULT NULL,
  `PARENT_DEPLOYMENT_ID_` varchar(255) CHARACTER SET utf8 COLLATE utf8_general_ci NULL DEFAULT NULL,
  PRIMARY KEY (`ID_`) USING BTREE
) ENGINE = InnoDB CHARACTER SET = utf8 COLLATE = utf8_general_ci ROW_FORMAT = COMPACT;

-- ----------------------------
-- Records of flw_event_deployment
-- ----------------------------

-- ----------------------------
-- Table structure for flw_event_resource
-- ----------------------------
DROP TABLE IF EXISTS `flw_event_resource`;
CREATE TABLE `flw_event_resource`  (
  `ID_` varchar(255) CHARACTER SET utf8 COLLATE utf8_general_ci NOT NULL,
  `NAME_` varchar(255) CHARACTER SET utf8 COLLATE utf8_general_ci NULL DEFAULT NULL,
  `DEPLOYMENT_ID_` varchar(255) CHARACTER SET utf8 COLLATE utf8_general_ci NULL DEFAULT NULL,
  `RESOURCE_BYTES_` longblob NULL,
  PRIMARY KEY (`ID_`) USING BTREE
) ENGINE = InnoDB CHARACTER SET = utf8 COLLATE = utf8_general_ci ROW_FORMAT = COMPACT;

-- ----------------------------
-- Records of flw_event_resource
-- ----------------------------

-- ----------------------------
-- Table structure for flw_ru_batch
-- ----------------------------
DROP TABLE IF EXISTS `flw_ru_batch`;
CREATE TABLE `flw_ru_batch`  (
  `ID_` varchar(64) CHARACTER SET utf8 COLLATE utf8_bin NOT NULL,
  `REV_` int(11) NULL DEFAULT NULL,
  `TYPE_` varchar(64) CHARACTER SET utf8 COLLATE utf8_bin NOT NULL,
  `SEARCH_KEY_` varchar(255) CHARACTER SET utf8 COLLATE utf8_bin NULL DEFAULT NULL,
  `SEARCH_KEY2_` varchar(255) CHARACTER SET utf8 COLLATE utf8_bin NULL DEFAULT NULL,
  `CREATE_TIME_` datetime(3) NOT NULL,
  `COMPLETE_TIME_` datetime(3) NULL DEFAULT NULL,
  `STATUS_` varchar(255) CHARACTER SET utf8 COLLATE utf8_bin NULL DEFAULT NULL,
  `BATCH_DOC_ID_` varchar(64) CHARACTER SET utf8 COLLATE utf8_bin NULL DEFAULT NULL,
  `TENANT_ID_` varchar(255) CHARACTER SET utf8 COLLATE utf8_bin NULL DEFAULT '',
  PRIMARY KEY (`ID_`) USING BTREE
) ENGINE = InnoDB CHARACTER SET = utf8 COLLATE = utf8_bin ROW_FORMAT = COMPACT;

-- ----------------------------
-- Records of flw_ru_batch
-- ----------------------------

-- ----------------------------
-- Table structure for flw_ru_batch_part
-- ----------------------------
DROP TABLE IF EXISTS `flw_ru_batch_part`;
CREATE TABLE `flw_ru_batch_part`  (
  `ID_` varchar(64) CHARACTER SET utf8 COLLATE utf8_bin NOT NULL,
  `REV_` int(11) NULL DEFAULT NULL,
  `BATCH_ID_` varchar(64) CHARACTER SET utf8 COLLATE utf8_bin NULL DEFAULT NULL,
  `TYPE_` varchar(64) CHARACTER SET utf8 COLLATE utf8_bin NOT NULL,
  `SCOPE_ID_` varchar(64) CHARACTER SET utf8 COLLATE utf8_bin NULL DEFAULT NULL,
  `SUB_SCOPE_ID_` varchar(64) CHARACTER SET utf8 COLLATE utf8_bin NULL DEFAULT NULL,
  `SCOPE_TYPE_` varchar(64) CHARACTER SET utf8 COLLATE utf8_bin NULL DEFAULT NULL,
  `SEARCH_KEY_` varchar(255) CHARACTER SET utf8 COLLATE utf8_bin NULL DEFAULT NULL,
  `SEARCH_KEY2_` varchar(255) CHARACTER SET utf8 COLLATE utf8_bin NULL DEFAULT NULL,
  `CREATE_TIME_` datetime(3) NOT NULL,
  `COMPLETE_TIME_` datetime(3) NULL DEFAULT NULL,
  `STATUS_` varchar(255) CHARACTER SET utf8 COLLATE utf8_bin NULL DEFAULT NULL,
  `RESULT_DOC_ID_` varchar(64) CHARACTER SET utf8 COLLATE utf8_bin NULL DEFAULT NULL,
  `TENANT_ID_` varchar(255) CHARACTER SET utf8 COLLATE utf8_bin NULL DEFAULT '',
  PRIMARY KEY (`ID_`) USING BTREE,
  INDEX `FLW_IDX_BATCH_PART`(`BATCH_ID_`) USING BTREE,
  CONSTRAINT `FLW_FK_BATCH_PART_PARENT` FOREIGN KEY (`BATCH_ID_`) REFERENCES `flw_ru_batch` (`ID_`) ON DELETE RESTRICT ON UPDATE RESTRICT
) ENGINE = InnoDB CHARACTER SET = utf8 COLLATE = utf8_bin ROW_FORMAT = COMPACT;

-- ----------------------------
-- Records of flw_ru_batch_part
-- ----------------------------

-- ----------------------------
-- Table structure for gen_table
-- ----------------------------
DROP TABLE IF EXISTS `gen_table`;
CREATE TABLE `gen_table`  (
  `table_id` bigint(20) NOT NULL AUTO_INCREMENT COMMENT '',
  `table_name` varchar(200) CHARACTER SET utf8 COLLATE utf8_general_ci NULL DEFAULT '' COMMENT '',
  `table_comment` varchar(500) CHARACTER SET utf8 COLLATE utf8_general_ci NULL DEFAULT '' COMMENT '',
  `sub_table_name` varchar(64) CHARACTER SET utf8 COLLATE utf8_general_ci NULL DEFAULT NULL COMMENT '',
  `sub_table_fk_name` varchar(64) CHARACTER SET utf8 COLLATE utf8_general_ci NULL DEFAULT NULL COMMENT '',
  `class_name` varchar(100) CHARACTER SET utf8 COLLATE utf8_general_ci NULL DEFAULT '' COMMENT '',
  `tpl_category` varchar(200) CHARACTER SET utf8 COLLATE utf8_general_ci NULL DEFAULT 'crud' COMMENT 'crud tree',
  `package_name` varchar(100) CHARACTER SET utf8 COLLATE utf8_general_ci NULL DEFAULT NULL COMMENT '',
  `module_name` varchar(30) CHARACTER SET utf8 COLLATE utf8_general_ci NULL DEFAULT NULL COMMENT '',
  `business_name` varchar(30) CHARACTER SET utf8 COLLATE utf8_general_ci NULL DEFAULT NULL COMMENT '',
  `function_name` varchar(50) CHARACTER SET utf8 COLLATE utf8_general_ci NULL DEFAULT NULL COMMENT '',
  `function_author` varchar(50) CHARACTER SET utf8 COLLATE utf8_general_ci NULL DEFAULT NULL COMMENT '',
  `gen_type` char(1) CHARACTER SET utf8 COLLATE utf8_general_ci NULL DEFAULT '0' COMMENT '0zip 1',
  `gen_path` varchar(200) CHARACTER SET utf8 COLLATE utf8_general_ci NULL DEFAULT '/' COMMENT '',
  `options` varchar(1000) CHARACTER SET utf8 COLLATE utf8_general_ci NULL DEFAULT NULL COMMENT '',
  `create_by` varchar(64) CHARACTER SET utf8 COLLATE utf8_general_ci NULL DEFAULT '' COMMENT '',
  `create_time` datetime NULL DEFAULT NULL COMMENT '',
  `update_by` varchar(64) CHARACTER SET utf8 COLLATE utf8_general_ci NULL DEFAULT '' COMMENT '',
  `update_time` datetime NULL DEFAULT NULL COMMENT '',
  `remark` varchar(500) CHARACTER SET utf8 COLLATE utf8_general_ci NULL DEFAULT NULL COMMENT '',
  PRIMARY KEY (`table_id`) USING BTREE
) ENGINE = InnoDB AUTO_INCREMENT = 5 CHARACTER SET = utf8 COLLATE = utf8_general_ci COMMENT = '' ROW_FORMAT = COMPACT;

-- ----------------------------
-- Records of gen_table
-- ----------------------------
INSERT INTO `gen_table` VALUES (1, 'sys_notice', '', NULL, NULL, 'SysNotice', 'crud', 'com.ruoyi.system', 'system', 'notice', '', 'ruoyi', '0', '/', NULL, 'admin', '2022-08-12 10:10:55', '', NULL, NULL);
INSERT INTO `gen_table` VALUES (2, 'dic_rs_zb01', '', NULL, NULL, 'DicRsZb01', 'crud', 'com.ruoyi.system', 'system', 'zb01', NULL, 'ruoyi', '0', '/', NULL, 'admin', '2022-08-24 15:09:27', '', NULL, NULL);
INSERT INTO `gen_table` VALUES (4, 'sys_user', '', NULL, NULL, 'SysUser', 'crud', 'com.ruoyi.system', 'system', 'user', '', 'ruoyi', '0', '/', '{}', 'admin', '2023-03-24 15:12:22', '', '2023-03-24 15:14:43', NULL);

-- ----------------------------
-- Table structure for gen_table_column
-- ----------------------------
DROP TABLE IF EXISTS `gen_table_column`;
CREATE TABLE `gen_table_column`  (
  `column_id` bigint(20) NOT NULL AUTO_INCREMENT COMMENT '',
  `table_id` varchar(64) CHARACTER SET utf8 COLLATE utf8_general_ci NULL DEFAULT NULL COMMENT '',
  `column_name` varchar(200) CHARACTER SET utf8 COLLATE utf8_general_ci NULL DEFAULT NULL COMMENT '',
  `column_comment` varchar(500) CHARACTER SET utf8 COLLATE utf8_general_ci NULL DEFAULT NULL COMMENT '',
  `column_type` varchar(100) CHARACTER SET utf8 COLLATE utf8_general_ci NULL DEFAULT NULL COMMENT '',
  `java_type` varchar(500) CHARACTER SET utf8 COLLATE utf8_general_ci NULL DEFAULT NULL COMMENT 'JAVA',
  `java_field` varchar(200) CHARACTER SET utf8 COLLATE utf8_general_ci NULL DEFAULT NULL COMMENT 'JAVA',
  `is_pk` char(1) CHARACTER SET utf8 COLLATE utf8_general_ci NULL DEFAULT NULL COMMENT '1',
  `is_increment` char(1) CHARACTER SET utf8 COLLATE utf8_general_ci NULL DEFAULT NULL COMMENT '1',
  `is_required` char(1) CHARACTER SET utf8 COLLATE utf8_general_ci NULL DEFAULT NULL COMMENT '1',
  `is_insert` char(1) CHARACTER SET utf8 COLLATE utf8_general_ci NULL DEFAULT NULL COMMENT '1',
  `is_edit` char(1) CHARACTER SET utf8 COLLATE utf8_general_ci NULL DEFAULT NULL COMMENT '1',
  `is_list` char(1) CHARACTER SET utf8 COLLATE utf8_general_ci NULL DEFAULT NULL COMMENT '1',
  `is_query` char(1) CHARACTER SET utf8 COLLATE utf8_general_ci NULL DEFAULT NULL COMMENT '1',
  `query_type` varchar(200) CHARACTER SET utf8 COLLATE utf8_general_ci NULL DEFAULT 'EQ' COMMENT '',
  `html_type` varchar(200) CHARACTER SET utf8 COLLATE utf8_general_ci NULL DEFAULT NULL COMMENT '',
  `dict_type` varchar(200) CHARACTER SET utf8 COLLATE utf8_general_ci NULL DEFAULT '' COMMENT '',
  `sort` int(11) NULL DEFAULT NULL COMMENT '',
  `create_by` varchar(64) CHARACTER SET utf8 COLLATE utf8_general_ci NULL DEFAULT '' COMMENT '',
  `create_time` datetime NULL DEFAULT NULL COMMENT '',
  `update_by` varchar(64) CHARACTER SET utf8 COLLATE utf8_general_ci NULL DEFAULT '' COMMENT '',
  `update_time` datetime NULL DEFAULT NULL COMMENT '',
  PRIMARY KEY (`column_id`) USING BTREE
) ENGINE = InnoDB AUTO_INCREMENT = 62 CHARACTER SET = utf8 COLLATE = utf8_general_ci COMMENT = '' ROW_FORMAT = COMPACT;

-- ----------------------------
-- Records of gen_table_column
-- ----------------------------
INSERT INTO `gen_table_column` VALUES (1, '1', 'notice_id', 'ID', 'int(11)', 'Long', 'noticeId', '1', '1', NULL, '1', NULL, NULL, NULL, 'EQ', 'input', '', 1, 'admin', '2022-08-12 10:10:55', '', NULL);
INSERT INTO `gen_table_column` VALUES (2, '1', 'notice_title', '', 'varchar(50)', 'String', 'noticeTitle', '0', '0', '1', '1', '1', '1', '1', 'EQ', 'input', '', 2, 'admin', '2022-08-12 10:10:55', '', NULL);
INSERT INTO `gen_table_column` VALUES (3, '1', 'notice_type', '1 2', 'char(1)', 'String', 'noticeType', '0', '0', '1', '1', '1', '1', '1', 'EQ', 'select', '', 3, 'admin', '2022-08-12 10:10:55', '', NULL);
INSERT INTO `gen_table_column` VALUES (4, '1', 'notice_content', '', 'longblob', 'String', 'noticeContent', '0', '0', NULL, '1', '1', '1', '1', 'EQ', 'editor', '', 4, 'admin', '2022-08-12 10:10:55', '', NULL);
INSERT INTO `gen_table_column` VALUES (5, '1', 'status', '0 1', 'char(1)', 'String', 'status', '0', '0', NULL, '1', '1', '1', '1', 'EQ', 'radio', '', 5, 'admin', '2022-08-12 10:10:55', '', NULL);
INSERT INTO `gen_table_column` VALUES (6, '1', 'create_by', '', 'varchar(64)', 'String', 'createBy', '0', '0', NULL, '1', NULL, NULL, NULL, 'EQ', 'input', '', 6, 'admin', '2022-08-12 10:10:55', '', NULL);
INSERT INTO `gen_table_column` VALUES (7, '1', 'create_time', '', 'datetime', 'Date', 'createTime', '0', '0', NULL, '1', NULL, NULL, NULL, 'EQ', 'datetime', '', 7, 'admin', '2022-08-12 10:10:55', '', NULL);
INSERT INTO `gen_table_column` VALUES (8, '1', 'update_by', '', 'varchar(64)', 'String', 'updateBy', '0', '0', NULL, '1', '1', NULL, NULL, 'EQ', 'input', '', 8, 'admin', '2022-08-12 10:10:55', '', NULL);
INSERT INTO `gen_table_column` VALUES (9, '1', 'update_time', '', 'datetime', 'Date', 'updateTime', '0', '0', NULL, '1', '1', NULL, NULL, 'EQ', 'datetime', '', 9, 'admin', '2022-08-12 10:10:55', '', NULL);
INSERT INTO `gen_table_column` VALUES (10, '1', 'remark', '', 'varchar(255)', 'String', 'remark', '0', '0', NULL, '1', '1', '1', NULL, 'EQ', 'input', '', 10, 'admin', '2022-08-12 10:10:55', '', NULL);
INSERT INTO `gen_table_column` VALUES (11, '2', 'CODE', NULL, 'varchar(50)', 'String', 'code', '1', '0', NULL, '1', NULL, NULL, NULL, 'EQ', 'input', '', 1, 'admin', '2022-08-24 15:09:27', '', NULL);
INSERT INTO `gen_table_column` VALUES (12, '2', 'NAME', NULL, 'varchar(50)', 'String', 'name', '0', '0', NULL, '1', '1', '1', '1', 'LIKE', 'input', '', 2, 'admin', '2022-08-24 15:09:27', '', NULL);
INSERT INTO `gen_table_column` VALUES (13, '2', 'TDESC', NULL, 'varchar(100)', 'String', 'tdesc', '0', '0', NULL, '1', '1', '1', '1', 'EQ', 'input', '', 3, 'admin', '2022-08-24 15:09:27', '', NULL);
INSERT INTO `gen_table_column` VALUES (14, '2', 'FCODE', NULL, 'varchar(50)', 'String', 'fcode', '0', '0', NULL, '1', '1', '1', '1', 'EQ', 'input', '', 4, 'admin', '2022-08-24 15:09:27', '', NULL);
INSERT INTO `gen_table_column` VALUES (15, '2', 'VALID', NULL, 'decimal(1,0)', 'Long', 'valid', '0', '0', NULL, '1', '1', '1', '1', 'EQ', 'input', '', 5, 'admin', '2022-08-24 15:09:27', '', NULL);
INSERT INTO `gen_table_column` VALUES (16, '2', 'ORDERID', NULL, 'decimal(5,0)', 'Long', 'orderid', '0', '0', NULL, '1', '1', '1', '1', 'EQ', 'input', '', 6, 'admin', '2022-08-24 15:09:27', '', NULL);
INSERT INTO `gen_table_column` VALUES (17, '2', 'ORDERTYPE', NULL, 'varchar(30)', 'String', 'ordertype', '0', '0', NULL, '1', '1', '1', '1', 'EQ', 'select', '', 7, 'admin', '2022-08-24 15:09:27', '', NULL);
INSERT INTO `gen_table_column` VALUES (18, '2', 'IMPORTANCE', NULL, 'decimal(1,0)', 'Long', 'importance', '0', '0', NULL, '1', '1', '1', '1', 'EQ', 'input', '', 8, 'admin', '2022-08-24 15:09:27', '', NULL);
INSERT INTO `gen_table_column` VALUES (19, '2', 'ISLEAF', NULL, 'varchar(1)', 'String', 'isleaf', '0', '0', NULL, '1', '1', '1', '1', 'EQ', 'input', '', 9, 'admin', '2022-08-24 15:09:27', '', NULL);
INSERT INTO `gen_table_column` VALUES (20, '2', 'TYPE', NULL, 'varchar(30)', 'String', 'type', '0', '0', NULL, '1', '1', '1', '1', 'EQ', 'select', '', 10, 'admin', '2022-08-24 15:09:27', '', NULL);
INSERT INTO `gen_table_column` VALUES (40, '4', 'user_id', 'ID', 'bigint(20)', 'Long', 'userId', '1', '1', '0', '1', NULL, NULL, NULL, 'EQ', 'input', '', 1, 'admin', '2023-03-24 15:12:22', '', '2023-03-24 15:14:43');
INSERT INTO `gen_table_column` VALUES (41, '4', 'dept_id', 'ID', 'bigint(20)', 'Long', 'deptId', '0', '0', '1', '1', '1', '1', '1', 'EQ', 'input', '', 2, 'admin', '2023-03-24 15:12:22', '', '2023-03-24 15:14:43');
INSERT INTO `gen_table_column` VALUES (42, '4', 'user_name', '', 'varchar(30)', 'String', 'userName', '0', '0', '0', '1', '1', '1', '1', 'LIKE', 'input', '', 3, 'admin', '2023-03-24 15:12:22', '', '2023-03-24 15:14:43');
INSERT INTO `gen_table_column` VALUES (43, '4', 'nick_name', '', 'varchar(30)', 'String', 'nickName', '0', '0', '0', '1', '1', '1', '1', 'LIKE', 'input', '', 4, 'admin', '2023-03-24 15:12:22', '', '2023-03-24 15:14:43');
INSERT INTO `gen_table_column` VALUES (44, '4', 'user_type', '00', 'varchar(2)', 'String', 'userType', '0', '0', '1', '1', '1', '1', '1', 'EQ', 'select', '', 5, 'admin', '2023-03-24 15:12:22', '', '2023-03-24 15:14:43');
INSERT INTO `gen_table_column` VALUES (45, '4', 'email', '', 'varchar(50)', 'String', 'email', '0', '0', '1', '1', '1', '1', '1', 'EQ', 'input', '', 6, 'admin', '2023-03-24 15:12:22', '', '2023-03-24 15:14:43');
INSERT INTO `gen_table_column` VALUES (46, '4', 'phonenumber', '', 'varchar(11)', 'String', 'phonenumber', '0', '0', '1', '1', '1', '1', '1', 'EQ', 'input', '', 7, 'admin', '2023-03-24 15:12:22', '', '2023-03-24 15:14:43');
INSERT INTO `gen_table_column` VALUES (47, '4', 'sex', '0 1 2', 'char(1)', 'String', 'sex', '0', '0', '1', '1', '1', '1', '1', 'EQ', 'select', '', 8, 'admin', '2023-03-24 15:12:22', '', '2023-03-24 15:14:43');
INSERT INTO `gen_table_column` VALUES (48, '4', 'avatar', '', 'varchar(100)', 'String', 'avatar', '0', '0', '1', '1', '1', '1', '1', 'EQ', 'input', '', 9, 'admin', '2023-03-24 15:12:22', '', '2023-03-24 15:14:43');
INSERT INTO `gen_table_column` VALUES (49, '4', 'password', '', 'varchar(100)', 'String', 'password', '0', '0', '1', '1', '1', '1', '1', 'EQ', 'input', '', 10, 'admin', '2023-03-24 15:12:22', '', '2023-03-24 15:14:44');
INSERT INTO `gen_table_column` VALUES (50, '4', 'status', '0 1', 'char(1)', 'String', 'status', '0', '0', '1', '1', '1', '1', '1', 'EQ', 'radio', '', 11, 'admin', '2023-03-24 15:12:22', '', '2023-03-24 15:14:44');
INSERT INTO `gen_table_column` VALUES (51, '4', 'del_flag', '0 2', 'char(1)', 'String', 'delFlag', '0', '0', '1', '1', NULL, NULL, NULL, 'EQ', 'input', '', 12, 'admin', '2023-03-24 15:12:22', '', '2023-03-24 15:14:44');
INSERT INTO `gen_table_column` VALUES (52, '4', 'login_ip', 'IP', 'varchar(128)', 'String', 'loginIp', '0', '0', '1', '1', '1', '1', '1', 'EQ', 'input', '', 13, 'admin', '2023-03-24 15:12:22', '', '2023-03-24 15:14:44');
INSERT INTO `gen_table_column` VALUES (53, '4', 'login_date', '', 'datetime', 'Date', 'loginDate', '0', '0', '1', '1', '1', '1', '1', 'EQ', 'datetime', '', 14, 'admin', '2023-03-24 15:12:22', '', '2023-03-24 15:14:44');
INSERT INTO `gen_table_column` VALUES (54, '4', 'create_by', '', 'varchar(64)', 'String', 'createBy', '0', '0', '1', '1', NULL, NULL, NULL, 'EQ', 'input', '', 15, 'admin', '2023-03-24 15:12:22', '', '2023-03-24 15:14:44');
INSERT INTO `gen_table_column` VALUES (55, '4', 'create_time', '', 'datetime', 'Date', 'createTime', '0', '0', '1', '1', NULL, NULL, NULL, 'EQ', 'datetime', '', 16, 'admin', '2023-03-24 15:12:22', '', '2023-03-24 15:14:44');
INSERT INTO `gen_table_column` VALUES (56, '4', 'update_by', '', 'varchar(64)', 'String', 'updateBy', '0', '0', '1', '1', '1', NULL, NULL, 'EQ', 'input', '', 17, 'admin', '2023-03-24 15:12:22', '', '2023-03-24 15:14:44');
INSERT INTO `gen_table_column` VALUES (57, '4', 'update_time', '', 'datetime', 'Date', 'updateTime', '0', '0', '1', '1', '1', NULL, NULL, 'EQ', 'datetime', '', 18, 'admin', '2023-03-24 15:12:22', '', '2023-03-24 15:14:44');
INSERT INTO `gen_table_column` VALUES (58, '4', 'remark', '', 'varchar(500)', 'String', 'remark', '0', '0', '1', '1', '1', '1', NULL, 'EQ', 'textarea', '', 19, 'admin', '2023-03-24 15:12:22', '', '2023-03-24 15:14:44');
INSERT INTO `gen_table_column` VALUES (59, '4', 'door_number', '', 'bigint(20)', 'Long', 'doorNumber', '0', '0', '1', '1', '1', '1', '1', 'EQ', 'input', '', 20, 'admin', '2023-03-24 15:12:22', '', '2023-03-24 15:14:44');
INSERT INTO `gen_table_column` VALUES (60, '4', 'plate_number', '', 'bigint(20)', 'Long', 'plateNumber', '0', '0', '1', '1', '1', '1', '1', 'EQ', 'input', '', 21, 'admin', '2023-03-24 15:12:22', '', '2023-03-24 15:14:44');
INSERT INTO `gen_table_column` VALUES (61, '4', 'space_number', '', 'bigint(20)', 'Long', 'spaceNumber', '0', '0', '1', '1', '1', '1', '1', 'EQ', 'input', '', 22, 'admin', '2023-03-24 15:12:22', '', '2023-03-24 15:14:44');

-- ----------------------------
-- Table structure for qrtz_blob_triggers
-- ----------------------------
DROP TABLE IF EXISTS `qrtz_blob_triggers`;
CREATE TABLE `qrtz_blob_triggers`  (
  `sched_name` varchar(120) CHARACTER SET utf8 COLLATE utf8_general_ci NOT NULL COMMENT '',
  `trigger_name` varchar(200) CHARACTER SET utf8 COLLATE utf8_general_ci NOT NULL COMMENT 'qrtz_triggerstrigger_name',
  `trigger_group` varchar(200) CHARACTER SET utf8 COLLATE utf8_general_ci NOT NULL COMMENT 'qrtz_triggerstrigger_group',
  `blob_data` blob NULL COMMENT 'Trigger',
  PRIMARY KEY (`sched_name`, `trigger_name`, `trigger_group`) USING BTREE,
  CONSTRAINT `QRTZ_BLOB_TRIGGERS_ibfk_1` FOREIGN KEY (`sched_name`, `trigger_name`, `trigger_group`) REFERENCES `qrtz_triggers` (`sched_name`, `trigger_name`, `trigger_group`) ON DELETE RESTRICT ON UPDATE RESTRICT
) ENGINE = InnoDB CHARACTER SET = utf8 COLLATE = utf8_general_ci COMMENT = 'Blob' ROW_FORMAT = COMPACT;

-- ----------------------------
-- Records of qrtz_blob_triggers
-- ----------------------------

-- ----------------------------
-- Table structure for qrtz_calendars
-- ----------------------------
DROP TABLE IF EXISTS `qrtz_calendars`;
CREATE TABLE `qrtz_calendars`  (
  `sched_name` varchar(120) CHARACTER SET utf8 COLLATE utf8_general_ci NOT NULL COMMENT '',
  `calendar_name` varchar(200) CHARACTER SET utf8 COLLATE utf8_general_ci NOT NULL COMMENT '',
  `calendar` blob NOT NULL COMMENT 'calendar',
  PRIMARY KEY (`sched_name`, `calendar_name`) USING BTREE
) ENGINE = InnoDB CHARACTER SET = utf8 COLLATE = utf8_general_ci COMMENT = '' ROW_FORMAT = COMPACT;

-- ----------------------------
-- Records of qrtz_calendars
-- ----------------------------

-- ----------------------------
-- Table structure for qrtz_cron_triggers
-- ----------------------------
DROP TABLE IF EXISTS `qrtz_cron_triggers`;
CREATE TABLE `qrtz_cron_triggers`  (
  `sched_name` varchar(120) CHARACTER SET utf8 COLLATE utf8_general_ci NOT NULL COMMENT '',
  `trigger_name` varchar(200) CHARACTER SET utf8 COLLATE utf8_general_ci NOT NULL COMMENT 'qrtz_triggerstrigger_name',
  `trigger_group` varchar(200) CHARACTER SET utf8 COLLATE utf8_general_ci NOT NULL COMMENT 'qrtz_triggerstrigger_group',
  `cron_expression` varchar(200) CHARACTER SET utf8 COLLATE utf8_general_ci NOT NULL COMMENT 'cron',
  `time_zone_id` varchar(80) CHARACTER SET utf8 COLLATE utf8_general_ci NULL DEFAULT NULL COMMENT '',
  PRIMARY KEY (`sched_name`, `trigger_name`, `trigger_group`) USING BTREE,
  CONSTRAINT `QRTZ_CRON_TRIGGERS_ibfk_1` FOREIGN KEY (`sched_name`, `trigger_name`, `trigger_group`) REFERENCES `qrtz_triggers` (`sched_name`, `trigger_name`, `trigger_group`) ON DELETE RESTRICT ON UPDATE RESTRICT
) ENGINE = InnoDB CHARACTER SET = utf8 COLLATE = utf8_general_ci COMMENT = 'Cron' ROW_FORMAT = COMPACT;

-- ----------------------------
-- Records of qrtz_cron_triggers
-- ----------------------------

-- ----------------------------
-- Table structure for qrtz_fired_triggers
-- ----------------------------
DROP TABLE IF EXISTS `qrtz_fired_triggers`;
CREATE TABLE `qrtz_fired_triggers`  (
  `sched_name` varchar(120) CHARACTER SET utf8 COLLATE utf8_general_ci NOT NULL COMMENT '',
  `entry_id` varchar(95) CHARACTER SET utf8 COLLATE utf8_general_ci NOT NULL COMMENT 'id',
  `trigger_name` varchar(200) CHARACTER SET utf8 COLLATE utf8_general_ci NOT NULL COMMENT 'qrtz_triggerstrigger_name',
  `trigger_group` varchar(200) CHARACTER SET utf8 COLLATE utf8_general_ci NOT NULL COMMENT 'qrtz_triggerstrigger_group',
  `instance_name` varchar(200) CHARACTER SET utf8 COLLATE utf8_general_ci NOT NULL COMMENT '',
  `fired_time` bigint(20) NOT NULL COMMENT '',
  `sched_time` bigint(20) NOT NULL COMMENT '',
  `priority` int(11) NOT NULL COMMENT '',
  `state` varchar(16) CHARACTER SET utf8 COLLATE utf8_general_ci NOT NULL COMMENT '',
  `job_name` varchar(200) CHARACTER SET utf8 COLLATE utf8_general_ci NULL DEFAULT NULL COMMENT '',
  `job_group` varchar(200) CHARACTER SET utf8 COLLATE utf8_general_ci NULL DEFAULT NULL COMMENT '',
  `is_nonconcurrent` varchar(1) CHARACTER SET utf8 COLLATE utf8_general_ci NULL DEFAULT NULL COMMENT '',
  `requests_recovery` varchar(1) CHARACTER SET utf8 COLLATE utf8_general_ci NULL DEFAULT NULL COMMENT '',
  PRIMARY KEY (`sched_name`, `entry_id`) USING BTREE
) ENGINE = InnoDB CHARACTER SET = utf8 COLLATE = utf8_general_ci COMMENT = '' ROW_FORMAT = COMPACT;

-- ----------------------------
-- Records of qrtz_fired_triggers
-- ----------------------------

-- ----------------------------
-- Table structure for qrtz_job_details
-- ----------------------------
DROP TABLE IF EXISTS `qrtz_job_details`;
CREATE TABLE `qrtz_job_details`  (
  `sched_name` varchar(120) CHARACTER SET utf8 COLLATE utf8_general_ci NOT NULL COMMENT '',
  `job_name` varchar(200) CHARACTER SET utf8 COLLATE utf8_general_ci NOT NULL COMMENT '',
  `job_group` varchar(200) CHARACTER SET utf8 COLLATE utf8_general_ci NOT NULL COMMENT '',
  `description` varchar(250) CHARACTER SET utf8 COLLATE utf8_general_ci NULL DEFAULT NULL COMMENT '',
  `job_class_name` varchar(250) CHARACTER SET utf8 COLLATE utf8_general_ci NOT NULL COMMENT '',
  `is_durable` varchar(1) CHARACTER SET utf8 COLLATE utf8_general_ci NOT NULL COMMENT '',
  `is_nonconcurrent` varchar(1) CHARACTER SET utf8 COLLATE utf8_general_ci NOT NULL COMMENT '',
  `is_update_data` varchar(1) CHARACTER SET utf8 COLLATE utf8_general_ci NOT NULL COMMENT '',
  `requests_recovery` varchar(1) CHARACTER SET utf8 COLLATE utf8_general_ci NOT NULL COMMENT '',
  `job_data` blob NULL COMMENT 'job',
  PRIMARY KEY (`sched_name`, `job_name`, `job_group`) USING BTREE
) ENGINE = InnoDB CHARACTER SET = utf8 COLLATE = utf8_general_ci COMMENT = '' ROW_FORMAT = COMPACT;

-- ----------------------------
-- Records of qrtz_job_details
-- ----------------------------

-- ----------------------------
-- Table structure for qrtz_locks
-- ----------------------------
DROP TABLE IF EXISTS `qrtz_locks`;
CREATE TABLE `qrtz_locks`  (
  `sched_name` varchar(120) CHARACTER SET utf8 COLLATE utf8_general_ci NOT NULL COMMENT '',
  `lock_name` varchar(40) CHARACTER SET utf8 COLLATE utf8_general_ci NOT NULL COMMENT '',
  PRIMARY KEY (`sched_name`, `lock_name`) USING BTREE
) ENGINE = InnoDB CHARACTER SET = utf8 COLLATE = utf8_general_ci COMMENT = '' ROW_FORMAT = COMPACT;

-- ----------------------------
-- Records of qrtz_locks
-- ----------------------------

-- ----------------------------
-- Table structure for qrtz_paused_trigger_grps
-- ----------------------------
DROP TABLE IF EXISTS `qrtz_paused_trigger_grps`;
CREATE TABLE `qrtz_paused_trigger_grps`  (
  `sched_name` varchar(120) CHARACTER SET utf8 COLLATE utf8_general_ci NOT NULL COMMENT '',
  `trigger_group` varchar(200) CHARACTER SET utf8 COLLATE utf8_general_ci NOT NULL COMMENT 'qrtz_triggerstrigger_group',
  PRIMARY KEY (`sched_name`, `trigger_group`) USING BTREE
) ENGINE = InnoDB CHARACTER SET = utf8 COLLATE = utf8_general_ci COMMENT = '' ROW_FORMAT = COMPACT;

-- ----------------------------
-- Records of qrtz_paused_trigger_grps
-- ----------------------------

-- ----------------------------
-- Table structure for qrtz_scheduler_state
-- ----------------------------
DROP TABLE IF EXISTS `qrtz_scheduler_state`;
CREATE TABLE `qrtz_scheduler_state`  (
  `sched_name` varchar(120) CHARACTER SET utf8 COLLATE utf8_general_ci NOT NULL COMMENT '',
  `instance_name` varchar(200) CHARACTER SET utf8 COLLATE utf8_general_ci NOT NULL COMMENT '',
  `last_checkin_time` bigint(20) NOT NULL COMMENT '',
  `checkin_interval` bigint(20) NOT NULL COMMENT '',
  PRIMARY KEY (`sched_name`, `instance_name`) USING BTREE
) ENGINE = InnoDB CHARACTER SET = utf8 COLLATE = utf8_general_ci COMMENT = '' ROW_FORMAT = COMPACT;

-- ----------------------------
-- Records of qrtz_scheduler_state
-- ----------------------------

-- ----------------------------
-- Table structure for qrtz_simple_triggers
-- ----------------------------
DROP TABLE IF EXISTS `qrtz_simple_triggers`;
CREATE TABLE `qrtz_simple_triggers`  (
  `sched_name` varchar(120) CHARACTER SET utf8 COLLATE utf8_general_ci NOT NULL COMMENT '',
  `trigger_name` varchar(200) CHARACTER SET utf8 COLLATE utf8_general_ci NOT NULL COMMENT 'qrtz_triggerstrigger_name',
  `trigger_group` varchar(200) CHARACTER SET utf8 COLLATE utf8_general_ci NOT NULL COMMENT 'qrtz_triggerstrigger_group',
  `repeat_count` bigint(20) NOT NULL COMMENT '',
  `repeat_interval` bigint(20) NOT NULL COMMENT '',
  `times_triggered` bigint(20) NOT NULL COMMENT '',
  PRIMARY KEY (`sched_name`, `trigger_name`, `trigger_group`) USING BTREE,
  CONSTRAINT `QRTZ_SIMPLE_TRIGGERS_ibfk_1` FOREIGN KEY (`sched_name`, `trigger_name`, `trigger_group`) REFERENCES `qrtz_triggers` (`sched_name`, `trigger_name`, `trigger_group`) ON DELETE RESTRICT ON UPDATE RESTRICT
) ENGINE = InnoDB CHARACTER SET = utf8 COLLATE = utf8_general_ci COMMENT = '' ROW_FORMAT = COMPACT;

-- ----------------------------
-- Records of qrtz_simple_triggers
-- ----------------------------

-- ----------------------------
-- Table structure for qrtz_simprop_triggers
-- ----------------------------
DROP TABLE IF EXISTS `qrtz_simprop_triggers`;
CREATE TABLE `qrtz_simprop_triggers`  (
  `sched_name` varchar(120) CHARACTER SET utf8 COLLATE utf8_general_ci NOT NULL COMMENT '',
  `trigger_name` varchar(200) CHARACTER SET utf8 COLLATE utf8_general_ci NOT NULL COMMENT 'qrtz_triggerstrigger_name',
  `trigger_group` varchar(200) CHARACTER SET utf8 COLLATE utf8_general_ci NOT NULL COMMENT 'qrtz_triggerstrigger_group',
  `str_prop_1` varchar(512) CHARACTER SET utf8 COLLATE utf8_general_ci NULL DEFAULT NULL COMMENT 'Stringtrigger',
  `str_prop_2` varchar(512) CHARACTER SET utf8 COLLATE utf8_general_ci NULL DEFAULT NULL COMMENT 'Stringtrigger',
  `str_prop_3` varchar(512) CHARACTER SET utf8 COLLATE utf8_general_ci NULL DEFAULT NULL COMMENT 'Stringtrigger',
  `int_prop_1` int(11) NULL DEFAULT NULL COMMENT 'inttrigger',
  `int_prop_2` int(11) NULL DEFAULT NULL COMMENT 'inttrigger',
  `long_prop_1` bigint(20) NULL DEFAULT NULL COMMENT 'longtrigger',
  `long_prop_2` bigint(20) NULL DEFAULT NULL COMMENT 'longtrigger',
  `dec_prop_1` decimal(13, 4) NULL DEFAULT NULL COMMENT 'decimaltrigger',
  `dec_prop_2` decimal(13, 4) NULL DEFAULT NULL COMMENT 'decimaltrigger',
  `bool_prop_1` varchar(1) CHARACTER SET utf8 COLLATE utf8_general_ci NULL DEFAULT NULL COMMENT 'Booleantrigger',
  `bool_prop_2` varchar(1) CHARACTER SET utf8 COLLATE utf8_general_ci NULL DEFAULT NULL COMMENT 'Booleantrigger',
  PRIMARY KEY (`sched_name`, `trigger_name`, `trigger_group`) USING BTREE,
  CONSTRAINT `QRTZ_SIMPROP_TRIGGERS_ibfk_1` FOREIGN KEY (`sched_name`, `trigger_name`, `trigger_group`) REFERENCES `qrtz_triggers` (`sched_name`, `trigger_name`, `trigger_group`) ON DELETE RESTRICT ON UPDATE RESTRICT
) ENGINE = InnoDB CHARACTER SET = utf8 COLLATE = utf8_general_ci COMMENT = '' ROW_FORMAT = COMPACT;

-- ----------------------------
-- Records of qrtz_simprop_triggers
-- ----------------------------

-- ----------------------------
-- Table structure for qrtz_triggers
-- ----------------------------
DROP TABLE IF EXISTS `qrtz_triggers`;
CREATE TABLE `qrtz_triggers`  (
  `sched_name` varchar(120) CHARACTER SET utf8 COLLATE utf8_general_ci NOT NULL COMMENT '',
  `trigger_name` varchar(200) CHARACTER SET utf8 COLLATE utf8_general_ci NOT NULL COMMENT '',
  `trigger_group` varchar(200) CHARACTER SET utf8 COLLATE utf8_general_ci NOT NULL COMMENT '',
  `job_name` varchar(200) CHARACTER SET utf8 COLLATE utf8_general_ci NOT NULL COMMENT 'qrtz_job_detailsjob_name',
  `job_group` varchar(200) CHARACTER SET utf8 COLLATE utf8_general_ci NOT NULL COMMENT 'qrtz_job_detailsjob_group',
  `description` varchar(250) CHARACTER SET utf8 COLLATE utf8_general_ci NULL DEFAULT NULL COMMENT '',
  `next_fire_time` bigint(20) NULL DEFAULT NULL COMMENT '',
  `prev_fire_time` bigint(20) NULL DEFAULT NULL COMMENT '-1',
  `priority` int(11) NULL DEFAULT NULL COMMENT '',
  `trigger_state` varchar(16) CHARACTER SET utf8 COLLATE utf8_general_ci NOT NULL COMMENT '',
  `trigger_type` varchar(8) CHARACTER SET utf8 COLLATE utf8_general_ci NOT NULL COMMENT '',
  `start_time` bigint(20) NOT NULL COMMENT '',
  `end_time` bigint(20) NULL DEFAULT NULL COMMENT '',
  `calendar_name` varchar(200) CHARACTER SET utf8 COLLATE utf8_general_ci NULL DEFAULT NULL COMMENT '',
  `misfire_instr` smallint(6) NULL DEFAULT NULL COMMENT '',
  `job_data` blob NULL COMMENT 'job',
  PRIMARY KEY (`sched_name`, `trigger_name`, `trigger_group`) USING BTREE,
  INDEX `sched_name`(`sched_name`, `job_name`, `job_group`) USING BTREE,
  CONSTRAINT `QRTZ_TRIGGERS_ibfk_1` FOREIGN KEY (`sched_name`, `job_name`, `job_group`) REFERENCES `qrtz_job_details` (`sched_name`, `job_name`, `job_group`) ON DELETE RESTRICT ON UPDATE RESTRICT
) ENGINE = InnoDB CHARACTER SET = utf8 COLLATE = utf8_general_ci COMMENT = '' ROW_FORMAT = COMPACT;

-- ----------------------------
-- Records of qrtz_triggers
-- ----------------------------

-- ----------------------------
-- Table structure for sys_config
-- ----------------------------
DROP TABLE IF EXISTS `sys_config`;
CREATE TABLE `sys_config`  (
  `config_id` int(11) NOT NULL AUTO_INCREMENT COMMENT '',
  `config_name` varchar(100) CHARACTER SET utf8 COLLATE utf8_general_ci NULL DEFAULT '' COMMENT '',
  `config_key` varchar(100) CHARACTER SET utf8 COLLATE utf8_general_ci NULL DEFAULT '' COMMENT '',
  `config_value` varchar(500) CHARACTER SET utf8 COLLATE utf8_general_ci NULL DEFAULT '' COMMENT '',
  `config_type` char(1) CHARACTER SET utf8 COLLATE utf8_general_ci NULL DEFAULT 'N' COMMENT 'Y N',
  `create_by` varchar(64) CHARACTER SET utf8 COLLATE utf8_general_ci NULL DEFAULT '' COMMENT '',
  `create_time` datetime NULL DEFAULT NULL COMMENT '',
  `update_by` varchar(64) CHARACTER SET utf8 COLLATE utf8_general_ci NULL DEFAULT '' COMMENT '',
  `update_time` datetime NULL DEFAULT NULL COMMENT '',
  `remark` varchar(500) CHARACTER SET utf8 COLLATE utf8_general_ci NULL DEFAULT NULL COMMENT '',
  PRIMARY KEY (`config_id`) USING BTREE
) ENGINE = InnoDB AUTO_INCREMENT = 6 CHARACTER SET = utf8 COLLATE = utf8_general_ci COMMENT = '' ROW_FORMAT = COMPACT;

-- ----------------------------
-- Records of sys_config
-- ----------------------------
INSERT INTO `sys_config` VALUES (1, '-', 'sys.index.skinName', 'skin-blue', 'Y', 'admin', '2022-07-30 12:09:03', '', NULL, ' skin-blue skin-green skin-purple skin-red skin-yellow');
INSERT INTO `sys_config` VALUES (2, '-', 'sys.user.initPassword', '123456', 'Y', 'admin', '2022-07-30 12:09:03', '', NULL, ' 123456');
INSERT INTO `sys_config` VALUES (3, '-', 'sys.index.sideTheme', 'theme-dark', 'Y', 'admin', '2022-07-30 12:09:03', '', NULL, 'theme-darktheme-light');
INSERT INTO `sys_config` VALUES (4, '-', 'sys.account.captchaEnabled', 'false', 'Y', 'admin', '2022-07-30 12:09:03', 'admin', '2023-03-24 13:48:58', 'truefalse');
INSERT INTO `sys_config` VALUES (5, '-', 'sys.account.registerUser', 'true', 'Y', 'admin', '2022-07-30 12:09:03', 'admin', '2023-03-24 13:49:08', 'truefalse');

-- ----------------------------
-- Table structure for sys_dept
-- ----------------------------
DROP TABLE IF EXISTS `sys_dept`;
CREATE TABLE `sys_dept`  (
  `dept_id` bigint(20) NOT NULL AUTO_INCREMENT COMMENT 'id',
  `parent_id` bigint(20) NULL DEFAULT 0 COMMENT 'id',
  `ancestors` varchar(50) CHARACTER SET utf8 COLLATE utf8_general_ci NULL DEFAULT '' COMMENT '',
  `dept_name` varchar(30) CHARACTER SET utf8 COLLATE utf8_general_ci NULL DEFAULT '' COMMENT '',
  `order_num` int(11) NULL DEFAULT 0 COMMENT '',
  `leader` varchar(20) CHARACTER SET utf8 COLLATE utf8_general_ci NULL DEFAULT NULL COMMENT '',
  `phone` varchar(11) CHARACTER SET utf8 COLLATE utf8_general_ci NULL DEFAULT NULL COMMENT '',
  `email` varchar(50) CHARACTER SET utf8 COLLATE utf8_general_ci NULL DEFAULT NULL COMMENT '',
  `status` char(1) CHARACTER SET utf8 COLLATE utf8_general_ci NULL DEFAULT '0' COMMENT '0 1',
  `del_flag` char(1) CHARACTER SET utf8 COLLATE utf8_general_ci NULL DEFAULT '0' COMMENT '0 2',
  `create_by` varchar(64) CHARACTER SET utf8 COLLATE utf8_general_ci NULL DEFAULT '' COMMENT '',
  `create_time` datetime NULL DEFAULT NULL COMMENT '',
  `update_by` varchar(64) CHARACTER SET utf8 COLLATE utf8_general_ci NULL DEFAULT '' COMMENT '',
  `update_time` datetime NULL DEFAULT NULL COMMENT '',
  PRIMARY KEY (`dept_id`) USING BTREE
) ENGINE = InnoDB AUTO_INCREMENT = 110 CHARACTER SET = utf8 COLLATE = utf8_general_ci COMMENT = '' ROW_FORMAT = COMPACT;

-- ----------------------------
-- Records of sys_dept
-- ----------------------------
INSERT INTO `sys_dept` VALUES (100, 0, '0', '', 0, '', '15888888888', 'ry@qq.com', '0', '0', 'admin', '2022-07-30 12:09:02', 'admin', '2023-03-24 14:52:50');
INSERT INTO `sys_dept` VALUES (101, 100, '0,100', '', 1, '', '15888888888', 'ry@qq.com', '0', '0', 'admin', '2022-07-30 12:09:02', 'admin', '2023-03-24 14:54:52');
INSERT INTO `sys_dept` VALUES (102, 100, '0,100', '', 2, '', '15888888888', 'ry@qq.com', '0', '0', 'admin', '2022-07-30 12:09:02', 'admin', '2023-03-24 14:56:17');
INSERT INTO `sys_dept` VALUES (103, 101, '0,100,101', '1', 1, '', '15888888888', 'ry@qq.com', '0', '0', 'admin', '2022-07-30 12:09:02', 'admin', '2023-03-24 14:55:09');
INSERT INTO `sys_dept` VALUES (104, 101, '0,100,101', '2', 2, '', '15888888888', 'ry@qq.com', '0', '0', 'admin', '2022-07-30 12:09:02', 'admin', '2023-03-24 14:55:21');
INSERT INTO `sys_dept` VALUES (105, 101, '0,100,101', '3', 3, '', '15888888888', 'ry@qq.com', '0', '0', 'admin', '2022-07-30 12:09:02', 'admin', '2023-03-24 14:55:33');
INSERT INTO `sys_dept` VALUES (106, 101, '0,100,101', '4', 4, '', '15888888888', 'ry@qq.com', '0', '0', 'admin', '2022-07-30 12:09:02', 'admin', '2023-03-24 14:55:51');
INSERT INTO `sys_dept` VALUES (107, 101, '0,100,101', '5', 5, '', '15888888888', 'ry@qq.com', '0', '0', 'admin', '2022-07-30 12:09:02', 'admin', '2023-03-24 14:56:02');
INSERT INTO `sys_dept` VALUES (108, 102, '0,100,102', '1', 1, '', '15888888888', 'ry@qq.com', '0', '0', 'admin', '2022-07-30 12:09:02', 'admin', '2023-03-24 14:56:26');
INSERT INTO `sys_dept` VALUES (109, 102, '0,100,102', '2', 2, '', '15888888888', 'ry@qq.com', '0', '0', 'admin', '2022-07-30 12:09:02', 'admin', '2023-03-24 14:56:35');

-- ----------------------------
-- Table structure for sys_dict_data
-- ----------------------------
DROP TABLE IF EXISTS `sys_dict_data`;
CREATE TABLE `sys_dict_data`  (
  `dict_code` bigint(20) NOT NULL AUTO_INCREMENT COMMENT '',
  `dict_sort` int(11) NULL DEFAULT 0 COMMENT '',
  `dict_label` varchar(100) CHARACTER SET utf8 COLLATE utf8_general_ci NULL DEFAULT '' COMMENT '',
  `dict_value` varchar(100) CHARACTER SET utf8 COLLATE utf8_general_ci NULL DEFAULT '' COMMENT '',
  `dict_type` varchar(100) CHARACTER SET utf8 COLLATE utf8_general_ci NULL DEFAULT '' COMMENT '',
  `css_class` varchar(100) CHARACTER SET utf8 COLLATE utf8_general_ci NULL DEFAULT NULL COMMENT '',
  `list_class` varchar(100) CHARACTER SET utf8 COLLATE utf8_general_ci NULL DEFAULT NULL COMMENT '',
  `is_default` char(1) CHARACTER SET utf8 COLLATE utf8_general_ci NULL DEFAULT 'N' COMMENT 'Y N',
  `status` char(1) CHARACTER SET utf8 COLLATE utf8_general_ci NULL DEFAULT '0' COMMENT '0 1',
  `create_by` varchar(64) CHARACTER SET utf8 COLLATE utf8_general_ci NULL DEFAULT '' COMMENT '',
  `create_time` datetime NULL DEFAULT NULL COMMENT '',
  `update_by` varchar(64) CHARACTER SET utf8 COLLATE utf8_general_ci NULL DEFAULT '' COMMENT '',
  `update_time` datetime NULL DEFAULT NULL COMMENT '',
  `remark` varchar(500) CHARACTER SET utf8 COLLATE utf8_general_ci NULL DEFAULT NULL COMMENT '',
  PRIMARY KEY (`dict_code`) USING BTREE
) ENGINE = InnoDB AUTO_INCREMENT = 54 CHARACTER SET = utf8 COLLATE = utf8_general_ci COMMENT = '' ROW_FORMAT = COMPACT;

-- ----------------------------
-- Records of sys_dict_data
-- ----------------------------
INSERT INTO `sys_dict_data` VALUES (1, 1, '', '0', 'sys_user_sex', '', '', 'Y', '0', 'admin', '2022-07-30 12:09:03', '', NULL, '');
INSERT INTO `sys_dict_data` VALUES (2, 2, '', '1', 'sys_user_sex', '', '', 'N', '0', 'admin', '2022-07-30 12:09:03', '', NULL, '');
INSERT INTO `sys_dict_data` VALUES (3, 3, '', '2', 'sys_user_sex', '', '', 'N', '0', 'admin', '2022-07-30 12:09:03', '', NULL, '');
INSERT INTO `sys_dict_data` VALUES (4, 1, '', '0', 'sys_show_hide', '', 'primary', 'Y', '0', 'admin', '2022-07-30 12:09:03', '', NULL, '');
INSERT INTO `sys_dict_data` VALUES (5, 2, '', '1', 'sys_show_hide', '', 'danger', 'N', '0', 'admin', '2022-07-30 12:09:03', '', NULL, '');
INSERT INTO `sys_dict_data` VALUES (6, 1, '', '0', 'sys_normal_disable', '', 'primary', 'Y', '0', 'admin', '2022-07-30 12:09:03', '', NULL, '');
INSERT INTO `sys_dict_data` VALUES (7, 2, '', '1', 'sys_normal_disable', '', 'danger', 'N', '0', 'admin', '2022-07-30 12:09:03', '', NULL, '');
INSERT INTO `sys_dict_data` VALUES (8, 1, '', '0', 'sys_job_status', '', 'primary', 'Y', '0', 'admin', '2022-07-30 12:09:03', '', NULL, '');
INSERT INTO `sys_dict_data` VALUES (9, 2, '', '1', 'sys_job_status', '', 'danger', 'N', '0', 'admin', '2022-07-30 12:09:03', '', NULL, '');
INSERT INTO `sys_dict_data` VALUES (10, 1, '', 'DEFAULT', 'sys_job_group', '', '', 'Y', '0', 'admin', '2022-07-30 12:09:03', '', NULL, '');
INSERT INTO `sys_dict_data` VALUES (11, 2, '', 'SYSTEM', 'sys_job_group', '', '', 'N', '0', 'admin', '2022-07-30 12:09:03', '', NULL, '');
INSERT INTO `sys_dict_data` VALUES (12, 1, '', 'Y', 'sys_yes_no', '', 'primary', 'Y', '0', 'admin', '2022-07-30 12:09:03', '', NULL, '');
INSERT INTO `sys_dict_data` VALUES (13, 2, '', 'N', 'sys_yes_no', '', 'danger', 'N', '0', 'admin', '2022-07-30 12:09:03', '', NULL, '');
INSERT INTO `sys_dict_data` VALUES (14, 1, '', '1', 'sys_notice_type', '', 'warning', 'Y', '0', 'admin', '2022-07-30 12:09:03', '', NULL, '');
INSERT INTO `sys_dict_data` VALUES (15, 2, '', '2', 'sys_notice_type', '', 'success', 'N', '0', 'admin', '2022-07-30 12:09:03', '', NULL, '');
INSERT INTO `sys_dict_data` VALUES (16, 1, '', '0', 'sys_notice_status', '', 'primary', 'Y', '0', 'admin', '2022-07-30 12:09:03', '', NULL, '');
INSERT INTO `sys_dict_data` VALUES (17, 2, '', '1', 'sys_notice_status', '', 'danger', 'N', '0', 'admin', '2022-07-30 12:09:03', '', NULL, '');
INSERT INTO `sys_dict_data` VALUES (18, 1, '', '1', 'sys_oper_type', '', 'info', 'N', '0', 'admin', '2022-07-30 12:09:03', '', NULL, '');
INSERT INTO `sys_dict_data` VALUES (19, 2, '', '2', 'sys_oper_type', '', 'info', 'N', '0', 'admin', '2022-07-30 12:09:03', '', NULL, '');
INSERT INTO `sys_dict_data` VALUES (20, 3, '', '3', 'sys_oper_type', '', 'danger', 'N', '0', 'admin', '2022-07-30 12:09:03', '', NULL, '');
INSERT INTO `sys_dict_data` VALUES (21, 4, '', '4', 'sys_oper_type', '', 'primary', 'N', '0', 'admin', '2022-07-30 12:09:03', '', NULL, '');
INSERT INTO `sys_dict_data` VALUES (22, 5, '', '5', 'sys_oper_type', '', 'warning', 'N', '0', 'admin', '2022-07-30 12:09:03', '', NULL, '');
INSERT INTO `sys_dict_data` VALUES (23, 6, '', '6', 'sys_oper_type', '', 'warning', 'N', '0', 'admin', '2022-07-30 12:09:03', '', NULL, '');
INSERT INTO `sys_dict_data` VALUES (24, 7, '', '7', 'sys_oper_type', '', 'danger', 'N', '0', 'admin', '2022-07-30 12:09:03', '', NULL, '');
INSERT INTO `sys_dict_data` VALUES (25, 8, '', '8', 'sys_oper_type', '', 'warning', 'N', '0', 'admin', '2022-07-30 12:09:03', '', NULL, '');
INSERT INTO `sys_dict_data` VALUES (26, 9, '', '9', 'sys_oper_type', '', 'danger', 'N', '0', 'admin', '2022-07-30 12:09:03', '', NULL, '');
INSERT INTO `sys_dict_data` VALUES (27, 1, '', '0', 'sys_common_status', '', 'primary', 'N', '0', 'admin', '2022-07-30 12:09:03', '', NULL, '');
INSERT INTO `sys_dict_data` VALUES (28, 2, '', '1', 'sys_common_status', '', 'danger', 'N', '0', 'admin', '2022-07-30 12:09:03', '', NULL, '');
INSERT INTO `sys_dict_data` VALUES (29, 1, '', '0', 'tree_dict_stru_type', NULL, 'default', 'N', '0', 'admin', '2022-08-15 23:16:01', '', NULL, NULL);
INSERT INTO `sys_dict_data` VALUES (30, 2, '', '1', 'tree_dict_stru_type', NULL, 'default', 'N', '0', 'admin', '2022-08-15 23:16:45', '', NULL, NULL);
INSERT INTO `sys_dict_data` VALUES (31, 1, '', '1', 'bpm_model_category', NULL, 'primary', 'N', '0', 'admin', '2022-08-18 11:02:17', '', NULL, ' - ');
INSERT INTO `sys_dict_data` VALUES (32, 0, 'OA', '2', 'bpm_model_category', NULL, 'success', 'N', '0', 'admin', '2022-08-18 11:02:44', '', NULL, ' - OA');
INSERT INTO `sys_dict_data` VALUES (33, 1, '', '1', 'bpm_process_instance_status', NULL, 'primary', 'N', '0', 'admin', '2022-08-18 11:04:17', 'admin', '2022-08-18 11:04:50', ' - ');
INSERT INTO `sys_dict_data` VALUES (34, 2, '', '2', 'bpm_process_instance_status', NULL, 'success', 'N', '0', 'admin', '2022-08-18 11:04:44', '', NULL, ' - ');
INSERT INTO `sys_dict_data` VALUES (35, 1, '', '1', 'bpm_process_instance_result', NULL, 'primary', 'N', '0', 'admin', '2022-08-18 11:05:24', '', NULL, ' - ');
INSERT INTO `sys_dict_data` VALUES (36, 2, '', '2', 'bpm_process_instance_result', NULL, 'success', 'N', '0', 'admin', '2022-08-18 11:05:37', '', NULL, ' - ');
INSERT INTO `sys_dict_data` VALUES (37, 3, '', '3', 'bpm_process_instance_result', NULL, 'danger', 'N', '0', 'admin', '2022-08-18 11:06:10', '', NULL, ' - ');
INSERT INTO `sys_dict_data` VALUES (38, 4, '', '4', 'bpm_process_instance_result', NULL, 'info', 'N', '0', 'admin', '2022-08-18 11:06:33', '', NULL, ' - ');
INSERT INTO `sys_dict_data` VALUES (39, 1, '', '10', 'bpm_model_form_type', NULL, 'default', 'N', '0', 'admin', '2022-08-18 11:07:53', 'admin', '2022-08-18 14:50:34', ' - ');
INSERT INTO `sys_dict_data` VALUES (40, 2, '', '20', 'bpm_model_form_type', NULL, 'default', 'N', '0', 'admin', '2022-08-18 11:08:24', 'admin', '2022-08-18 14:50:37', ' - ');
INSERT INTO `sys_dict_data` VALUES (41, 1, '', '10', 'bpm_task_assign_rule_type', NULL, 'info', 'N', '0', 'admin', '2022-08-18 11:09:32', 'admin', '2022-08-18 14:03:52', ' - ');
INSERT INTO `sys_dict_data` VALUES (42, 2, '', '20', 'bpm_task_assign_rule_type', NULL, 'primary', 'N', '0', 'admin', '2022-08-18 11:10:18', 'admin', '2022-08-18 14:04:02', ' - ');
INSERT INTO `sys_dict_data` VALUES (43, 3, '', '21', 'bpm_task_assign_rule_type', NULL, 'primary', 'N', '0', 'admin', '2022-08-18 11:10:39', 'admin', '2022-08-18 14:04:58', ' - ');
INSERT INTO `sys_dict_data` VALUES (44, 4, '', '30', 'bpm_task_assign_rule_type', NULL, 'info', 'N', '0', 'admin', '2022-08-18 11:10:53', 'admin', '2022-08-18 14:05:12', ' - ');
INSERT INTO `sys_dict_data` VALUES (45, 5, '', '40', 'bpm_task_assign_rule_type', NULL, 'warning', 'N', '0', 'admin', '2022-08-18 11:11:11', 'admin', '2022-08-18 14:05:16', ' - ');
INSERT INTO `sys_dict_data` VALUES (46, 6, '', '50', 'bpm_task_assign_rule_type', NULL, 'danger', 'N', '0', 'admin', '2022-08-18 11:11:40', 'admin', '2022-08-18 14:05:20', ' - ');
INSERT INTO `sys_dict_data` VALUES (47, 7, '', '22', 'bpm_task_assign_rule_type', NULL, 'success', 'N', '0', 'admin', '2022-08-18 11:11:57', 'admin', '2022-08-18 14:05:24', ' - ');
INSERT INTO `sys_dict_data` VALUES (48, 1, '', '1', 'bpm_task_assign_script', NULL, 'default', 'N', '0', 'admin', '2022-08-18 11:13:28', '', NULL, ' - ');
INSERT INTO `sys_dict_data` VALUES (49, 2, '', '2', 'bpm_task_assign_script', NULL, 'default', 'N', '0', 'admin', '2022-08-18 11:13:44', '', NULL, ' - ');
INSERT INTO `sys_dict_data` VALUES (50, 3, '', '3', 'bpm_task_assign_script', NULL, 'default', 'N', '0', 'admin', '2022-08-18 11:13:55', '', NULL, ' - ');
INSERT INTO `sys_dict_data` VALUES (51, 1, '', '1', 'bpm_oa_leave_type', NULL, 'primary', 'N', '0', 'admin', '2022-09-01 09:43:06', '', NULL, '');
INSERT INTO `sys_dict_data` VALUES (52, 2, '', '2', 'bpm_oa_leave_type', NULL, 'info', 'N', '0', 'admin', '2022-09-01 09:43:22', '', NULL, '');
INSERT INTO `sys_dict_data` VALUES (53, 3, '', '3', 'bpm_oa_leave_type', NULL, 'warning', 'N', '0', 'admin', '2022-09-01 09:43:39', '', NULL, '');

-- ----------------------------
-- Table structure for sys_dict_type
-- ----------------------------
DROP TABLE IF EXISTS `sys_dict_type`;
CREATE TABLE `sys_dict_type`  (
  `dict_id` bigint(20) NOT NULL AUTO_INCREMENT COMMENT '',
  `dict_name` varchar(100) CHARACTER SET utf8 COLLATE utf8_general_ci NULL DEFAULT '' COMMENT '',
  `dict_type` varchar(100) CHARACTER SET utf8 COLLATE utf8_general_ci NULL DEFAULT '' COMMENT '',
  `status` char(1) CHARACTER SET utf8 COLLATE utf8_general_ci NULL DEFAULT '0' COMMENT '0 1',
  `create_by` varchar(64) CHARACTER SET utf8 COLLATE utf8_general_ci NULL DEFAULT '' COMMENT '',
  `create_time` datetime NULL DEFAULT NULL COMMENT '',
  `update_by` varchar(64) CHARACTER SET utf8 COLLATE utf8_general_ci NULL DEFAULT '' COMMENT '',
  `update_time` datetime NULL DEFAULT NULL COMMENT '',
  `remark` varchar(500) CHARACTER SET utf8 COLLATE utf8_general_ci NULL DEFAULT NULL COMMENT '',
  PRIMARY KEY (`dict_id`) USING BTREE,
  UNIQUE INDEX `dict_type`(`dict_type`) USING BTREE
) ENGINE = InnoDB AUTO_INCREMENT = 19 CHARACTER SET = utf8 COLLATE = utf8_general_ci COMMENT = '' ROW_FORMAT = COMPACT;

-- ----------------------------
-- Records of sys_dict_type
-- ----------------------------
INSERT INTO `sys_dict_type` VALUES (1, '', 'sys_user_sex', '0', 'admin', '2022-07-30 12:09:03', '', NULL, '');
INSERT INTO `sys_dict_type` VALUES (2, '', 'sys_show_hide', '0', 'admin', '2022-07-30 12:09:03', '', NULL, '');
INSERT INTO `sys_dict_type` VALUES (3, '', 'sys_normal_disable', '0', 'admin', '2022-07-30 12:09:03', '', NULL, '');
INSERT INTO `sys_dict_type` VALUES (4, '', 'sys_job_status', '0', 'admin', '2022-07-30 12:09:03', '', NULL, '');
INSERT INTO `sys_dict_type` VALUES (5, '', 'sys_job_group', '0', 'admin', '2022-07-30 12:09:03', '', NULL, '');
INSERT INTO `sys_dict_type` VALUES (6, '', 'sys_yes_no', '0', 'admin', '2022-07-30 12:09:03', '', NULL, '');
INSERT INTO `sys_dict_type` VALUES (7, '', 'sys_notice_type', '0', 'admin', '2022-07-30 12:09:03', '', NULL, '');
INSERT INTO `sys_dict_type` VALUES (8, '', 'sys_notice_status', '0', 'admin', '2022-07-30 12:09:03', '', NULL, '');
INSERT INTO `sys_dict_type` VALUES (9, '', 'sys_oper_type', '0', 'admin', '2022-07-30 12:09:03', '', NULL, '');
INSERT INTO `sys_dict_type` VALUES (10, '', 'sys_common_status', '0', 'admin', '2022-07-30 12:09:03', '', NULL, '');
INSERT INTO `sys_dict_type` VALUES (11, '', 'tree_dict_stru_type', '0', 'admin', '2022-08-15 23:15:27', '', NULL, '');
INSERT INTO `sys_dict_type` VALUES (12, '', 'bpm_model_category', '0', 'admin', '2022-08-18 10:58:46', '', NULL, '');
INSERT INTO `sys_dict_type` VALUES (13, '', 'bpm_process_instance_status', '0', 'admin', '2022-08-18 10:58:58', '', NULL, '');
INSERT INTO `sys_dict_type` VALUES (14, '', 'bpm_process_instance_result', '0', 'admin', '2022-08-18 10:59:09', '', NULL, '');
INSERT INTO `sys_dict_type` VALUES (15, '', 'bpm_model_form_type', '0', 'admin', '2022-08-18 10:59:20', '', NULL, '');
INSERT INTO `sys_dict_type` VALUES (16, '', 'bpm_task_assign_rule_type', '0', 'admin', '2022-08-18 10:59:33', '', NULL, '');
INSERT INTO `sys_dict_type` VALUES (17, '', 'bpm_task_assign_script', '0', 'admin', '2022-08-18 10:59:45', '', NULL, '');
INSERT INTO `sys_dict_type` VALUES (18, 'OA ', 'bpm_oa_leave_type', '0', 'admin', '2022-09-01 09:42:32', '', NULL, 'OA ');

-- ----------------------------
-- Table structure for sys_job
-- ----------------------------
DROP TABLE IF EXISTS `sys_job`;
CREATE TABLE `sys_job`  (
  `job_id` bigint(20) NOT NULL AUTO_INCREMENT COMMENT 'ID',
  `job_name` varchar(64) CHARACTER SET utf8 COLLATE utf8_general_ci NOT NULL DEFAULT '' COMMENT '',
  `job_group` varchar(64) CHARACTER SET utf8 COLLATE utf8_general_ci NOT NULL DEFAULT 'DEFAULT' COMMENT '',
  `invoke_target` varchar(500) CHARACTER SET utf8 COLLATE utf8_general_ci NOT NULL COMMENT '',
  `cron_expression` varchar(255) CHARACTER SET utf8 COLLATE utf8_general_ci NULL DEFAULT '' COMMENT 'cron',
  `misfire_policy` varchar(20) CHARACTER SET utf8 COLLATE utf8_general_ci NULL DEFAULT '3' COMMENT '1 2 3',
  `concurrent` char(1) CHARACTER SET utf8 COLLATE utf8_general_ci NULL DEFAULT '1' COMMENT '0 1',
  `status` char(1) CHARACTER SET utf8 COLLATE utf8_general_ci NULL DEFAULT '0' COMMENT '0 1',
  `create_by` varchar(64) CHARACTER SET utf8 COLLATE utf8_general_ci NULL DEFAULT '' COMMENT '',
  `create_time` datetime NULL DEFAULT NULL COMMENT '',
  `update_by` varchar(64) CHARACTER SET utf8 COLLATE utf8_general_ci NULL DEFAULT '' COMMENT '',
  `update_time` datetime NULL DEFAULT NULL COMMENT '',
  `remark` varchar(500) CHARACTER SET utf8 COLLATE utf8_general_ci NULL DEFAULT '' COMMENT '',
  PRIMARY KEY (`job_id`, `job_name`, `job_group`) USING BTREE
) ENGINE = InnoDB AUTO_INCREMENT = 4 CHARACTER SET = utf8 COLLATE = utf8_general_ci COMMENT = '' ROW_FORMAT = COMPACT;

-- ----------------------------
-- Records of sys_job
-- ----------------------------
INSERT INTO `sys_job` VALUES (1, '', 'DEFAULT', 'ryTask.ryNoParams', '0/10 * * * * ?', '3', '1', '1', 'admin', '2022-07-30 12:09:03', '', NULL, '');
INSERT INTO `sys_job` VALUES (2, '', 'DEFAULT', 'ryTask.ryParams(\'ry\')', '0/15 * * * * ?', '3', '1', '1', 'admin', '2022-07-30 12:09:03', '', NULL, '');
INSERT INTO `sys_job` VALUES (3, '', 'DEFAULT', 'ryTask.ryMultipleParams(\'ry\', true, 2000L, 316.50D, 100)', '0/20 * * * * ?', '3', '1', '1', 'admin', '2022-07-30 12:09:03', '', NULL, '');

-- ----------------------------
-- Table structure for sys_job_log
-- ----------------------------
DROP TABLE IF EXISTS `sys_job_log`;
CREATE TABLE `sys_job_log`  (
  `job_log_id` bigint(20) NOT NULL AUTO_INCREMENT COMMENT 'ID',
  `job_name` varchar(64) CHARACTER SET utf8 COLLATE utf8_general_ci NOT NULL COMMENT '',
  `job_group` varchar(64) CHARACTER SET utf8 COLLATE utf8_general_ci NOT NULL COMMENT '',
  `invoke_target` varchar(500) CHARACTER SET utf8 COLLATE utf8_general_ci NOT NULL COMMENT '',
  `job_message` varchar(500) CHARACTER SET utf8 COLLATE utf8_general_ci NULL DEFAULT NULL COMMENT '',
  `status` char(1) CHARACTER SET utf8 COLLATE utf8_general_ci NULL DEFAULT '0' COMMENT '0 1',
  `exception_info` varchar(2000) CHARACTER SET utf8 COLLATE utf8_general_ci NULL DEFAULT '' COMMENT '',
  `create_time` datetime NULL DEFAULT NULL COMMENT '',
  PRIMARY KEY (`job_log_id`) USING BTREE
) ENGINE = InnoDB AUTO_INCREMENT = 1 CHARACTER SET = utf8 COLLATE = utf8_general_ci COMMENT = '' ROW_FORMAT = COMPACT;

-- ----------------------------
-- Records of sys_job_log
-- ----------------------------

-- ----------------------------
-- Table structure for sys_logininfor
-- ----------------------------
DROP TABLE IF EXISTS `sys_logininfor`;
CREATE TABLE `sys_logininfor`  (
  `info_id` bigint(20) NOT NULL AUTO_INCREMENT COMMENT 'ID',
  `user_name` varchar(50) CHARACTER SET utf8 COLLATE utf8_general_ci NULL DEFAULT '' COMMENT '',
  `ipaddr` varchar(128) CHARACTER SET utf8 COLLATE utf8_general_ci NULL DEFAULT '' COMMENT 'IP',
  `login_location` varchar(255) CHARACTER SET utf8 COLLATE utf8_general_ci NULL DEFAULT '' COMMENT '',
  `browser` varchar(50) CHARACTER SET utf8 COLLATE utf8_general_ci NULL DEFAULT '' COMMENT '',
  `os` varchar(50) CHARACTER SET utf8 COLLATE utf8_general_ci NULL DEFAULT '' COMMENT '',
  `status` char(1) CHARACTER SET utf8 COLLATE utf8_general_ci NULL DEFAULT '0' COMMENT '0 1',
  `msg` varchar(255) CHARACTER SET utf8 COLLATE utf8_general_ci NULL DEFAULT '' COMMENT '',
  `login_time` datetime NULL DEFAULT NULL COMMENT '',
  PRIMARY KEY (`info_id`) USING BTREE
) ENGINE = InnoDB AUTO_INCREMENT = 274 CHARACTER SET = utf8 COLLATE = utf8_general_ci COMMENT = '' ROW_FORMAT = COMPACT;

-- ----------------------------
-- Records of sys_logininfor
-- ----------------------------
INSERT INTO `sys_logininfor` VALUES (100, 'admin', '127.0.0.1', 'IP', 'Chrome 9', 'Windows 10', '0', '', '2022-07-30 12:48:54');
INSERT INTO `sys_logininfor` VALUES (101, 'admin', '127.0.0.1', 'IP', 'Chrome 9', 'Windows 10', '0', '', '2022-07-30 12:48:56');
INSERT INTO `sys_logininfor` VALUES (102, 'admin', '127.0.0.1', 'IP', 'Chrome 9', 'Windows 10', '1', '', '2022-07-30 12:49:10');
INSERT INTO `sys_logininfor` VALUES (103, 'admin', '127.0.0.1', 'IP', 'Chrome 9', 'Windows 10', '0', '', '2022-07-30 12:49:29');
INSERT INTO `sys_logininfor` VALUES (104, 'admin', '127.0.0.1', 'IP', 'Chrome 9', 'Windows 10', '0', '', '2022-07-30 13:07:09');
INSERT INTO `sys_logininfor` VALUES (105, 'admin', '127.0.0.1', 'IP', 'Chrome 9', 'Windows 10', '1', '', '2022-07-30 13:51:54');
INSERT INTO `sys_logininfor` VALUES (106, 'admin', '127.0.0.1', 'IP', 'Chrome 9', 'Windows 10', '0', '', '2022-07-30 13:51:58');
INSERT INTO `sys_logininfor` VALUES (107, 'admin', '127.0.0.1', 'IP', 'Chrome 9', 'Windows 10', '0', '', '2022-08-01 16:40:20');
INSERT INTO `sys_logininfor` VALUES (108, 'admin', '127.0.0.1', 'IP', 'Chrome 9', 'Windows 10', '0', '', '2022-08-09 10:09:58');
INSERT INTO `sys_logininfor` VALUES (109, 'admin', '127.0.0.1', 'IP', 'Chrome 9', 'Windows 10', '0', '', '2022-08-12 09:36:06');
INSERT INTO `sys_logininfor` VALUES (110, 'admin', '127.0.0.1', 'IP', 'Chrome 9', 'Windows 10', '0', '', '2022-08-12 10:10:22');
INSERT INTO `sys_logininfor` VALUES (111, 'admin', '127.0.0.1', 'IP', 'Chrome 9', 'Windows 10', '0', '', '2022-08-14 11:55:15');
INSERT INTO `sys_logininfor` VALUES (112, 'admin', '127.0.0.1', 'IP', 'Chrome 9', 'Windows 10', '0', '', '2022-08-14 13:29:44');
INSERT INTO `sys_logininfor` VALUES (113, 'admin', '127.0.0.1', 'IP', 'Chrome 9', 'Windows 10', '0', '', '2022-08-14 13:30:04');
INSERT INTO `sys_logininfor` VALUES (114, 'admin', '127.0.0.1', 'IP', 'Chrome 9', 'Windows 10', '0', '', '2022-08-14 16:08:59');
INSERT INTO `sys_logininfor` VALUES (115, 'admin', '127.0.0.1', 'IP', 'Chrome 9', 'Windows 10', '0', '', '2022-08-14 20:04:31');
INSERT INTO `sys_logininfor` VALUES (116, 'admin', '127.0.0.1', 'IP', 'Chrome 9', 'Windows 10', '0', '', '2022-08-14 20:23:07');
INSERT INTO `sys_logininfor` VALUES (117, 'admin', '127.0.0.1', 'IP', 'Chrome 9', 'Windows 10', '0', '', '2022-08-15 15:42:04');
INSERT INTO `sys_logininfor` VALUES (118, 'admin', '127.0.0.1', 'IP', 'Chrome 9', 'Windows 10', '0', '', '2022-08-15 23:08:27');
INSERT INTO `sys_logininfor` VALUES (119, 'admin', '127.0.0.1', 'IP', 'Chrome 9', 'Windows 10', '0', '', '2022-08-16 09:32:02');
INSERT INTO `sys_logininfor` VALUES (120, 'admin', '127.0.0.1', 'IP', 'Chrome 9', 'Windows 10', '0', '', '2022-08-16 21:08:36');
INSERT INTO `sys_logininfor` VALUES (121, 'admin', '127.0.0.1', 'IP', 'Chrome 9', 'Windows 10', '0', '', '2022-08-16 21:52:51');
INSERT INTO `sys_logininfor` VALUES (122, 'admin', '127.0.0.1', 'IP', 'Chrome 9', 'Windows 10', '0', '', '2022-08-16 22:01:15');
INSERT INTO `sys_logininfor` VALUES (123, 'admin', '127.0.0.1', 'IP', 'Chrome 9', 'Windows 10', '0', '', '2022-08-16 22:01:19');
INSERT INTO `sys_logininfor` VALUES (124, 'admin', '127.0.0.1', 'IP', 'Chrome 9', 'Windows 10', '0', '', '2022-08-17 10:02:13');
INSERT INTO `sys_logininfor` VALUES (125, 'admin', '127.0.0.1', 'IP', 'Chrome 9', 'Windows 10', '0', '', '2022-08-17 12:10:18');
INSERT INTO `sys_logininfor` VALUES (126, 'admin', '127.0.0.1', 'IP', 'Chrome 9', 'Windows 10', '0', '', '2022-08-18 10:42:19');
INSERT INTO `sys_logininfor` VALUES (127, 'admin', '127.0.0.1', 'IP', 'Chrome 9', 'Windows 10', '0', '', '2022-08-18 11:55:34');
INSERT INTO `sys_logininfor` VALUES (128, 'admin', '127.0.0.1', 'IP', 'Chrome 9', 'Windows 10', '1', '', '2022-08-18 13:31:26');
INSERT INTO `sys_logininfor` VALUES (129, 'admin', '127.0.0.1', 'IP', 'Chrome 9', 'Windows 10', '0', '', '2022-08-18 13:31:29');
INSERT INTO `sys_logininfor` VALUES (130, 'admin', '192.168.1.113', 'IP', 'Chrome 9', 'Windows 10', '0', '', '2022-08-18 14:06:22');
INSERT INTO `sys_logininfor` VALUES (131, 'admin', '127.0.0.1', 'IP', 'Chrome 9', 'Windows 10', '0', '', '2022-08-18 17:04:34');
INSERT INTO `sys_logininfor` VALUES (132, 'admin', '127.0.0.1', 'IP', 'Chrome 9', 'Windows 10', '0', '', '2022-08-18 17:35:52');
INSERT INTO `sys_logininfor` VALUES (133, 'admin', '127.0.0.1', 'IP', 'Chrome 9', 'Windows 10', '0', '', '2022-08-19 15:29:03');
INSERT INTO `sys_logininfor` VALUES (134, 'llyy', '192.168.1.113', 'IP', 'Chrome 9', 'Windows 10', '1', 'llyy ', '2022-08-19 15:38:25');
INSERT INTO `sys_logininfor` VALUES (135, 'admin', '192.168.1.113', 'IP', 'Chrome 9', 'Windows 10', '1', '', '2022-08-19 15:38:32');
INSERT INTO `sys_logininfor` VALUES (136, 'admin', '192.168.1.113', 'IP', 'Chrome 9', 'Windows 10', '0', '', '2022-08-19 15:38:35');
INSERT INTO `sys_logininfor` VALUES (137, 'admin', '127.0.0.1', 'IP', 'Chrome 9', 'Windows 10', '0', '', '2022-08-19 22:39:33');
INSERT INTO `sys_logininfor` VALUES (138, 'admin', '127.0.0.1', 'IP', 'Chrome 9', 'Windows 10', '0', '', '2022-08-20 16:33:31');
INSERT INTO `sys_logininfor` VALUES (139, 'admin', '192.168.3.44', 'IP', 'Chrome 9', 'Windows 10', '0', '', '2022-08-20 20:14:36');
INSERT INTO `sys_logininfor` VALUES (140, 'admin', '192.168.3.44', 'IP', 'Chrome 9', 'Windows 10', '0', '', '2022-08-20 22:23:21');
INSERT INTO `sys_logininfor` VALUES (141, 'admin', '192.168.3.44', 'IP', 'Chrome 9', 'Windows 10', '0', '', '2022-08-20 22:37:07');
INSERT INTO `sys_logininfor` VALUES (142, 'admin', '192.168.3.44', 'IP', 'Chrome 9', 'Windows 10', '0', '', '2022-08-20 22:37:11');
INSERT INTO `sys_logininfor` VALUES (143, 'admin', '192.168.3.44', 'IP', 'Chrome 9', 'Windows 10', '0', '', '2022-08-20 22:58:08');
INSERT INTO `sys_logininfor` VALUES (144, 'ry', '192.168.3.44', 'IP', 'Chrome 9', 'Windows 10', '1', '1', '2022-08-20 22:58:16');
INSERT INTO `sys_logininfor` VALUES (145, 'ry', '192.168.3.44', 'IP', 'Chrome 9', 'Windows 10', '1', '/', '2022-08-20 22:58:16');
INSERT INTO `sys_logininfor` VALUES (146, 'ry', '192.168.3.44', 'IP', 'Chrome 9', 'Windows 10', '1', '2', '2022-08-20 22:58:26');
INSERT INTO `sys_logininfor` VALUES (147, 'ry', '192.168.3.44', 'IP', 'Chrome 9', 'Windows 10', '1', '/', '2022-08-20 22:58:26');
INSERT INTO `sys_logininfor` VALUES (148, 'admin', '192.168.3.44', 'IP', 'Chrome 9', 'Windows 10', '0', '', '2022-08-20 22:58:39');
INSERT INTO `sys_logininfor` VALUES (149, 'admin', '192.168.3.44', 'IP', 'Chrome 9', 'Windows 10', '0', '', '2022-08-20 22:59:12');
INSERT INTO `sys_logininfor` VALUES (150, 'ry', '192.168.3.44', 'IP', 'Chrome 9', 'Windows 10', '0', '', '2022-08-20 22:59:20');
INSERT INTO `sys_logininfor` VALUES (151, 'ry', '192.168.3.44', 'IP', 'Chrome 9', 'Windows 10', '0', '', '2022-08-20 22:59:28');
INSERT INTO `sys_logininfor` VALUES (152, 'admin', '192.168.3.44', 'IP', 'Chrome 9', 'Windows 10', '0', '', '2022-08-20 22:59:31');
INSERT INTO `sys_logininfor` VALUES (153, 'admin', '192.168.3.44', 'IP', 'Chrome 9', 'Windows 10', '0', '', '2022-08-20 23:00:08');
INSERT INTO `sys_logininfor` VALUES (154, 'ry', '192.168.3.44', 'IP', 'Chrome 9', 'Windows 10', '0', '', '2022-08-20 23:00:12');
INSERT INTO `sys_logininfor` VALUES (155, 'admin', '192.168.3.44', 'IP', 'Chrome 8', 'Windows 10', '0', '', '2022-08-20 23:02:17');
INSERT INTO `sys_logininfor` VALUES (156, 'ry', '192.168.3.44', 'IP', 'Chrome 9', 'Windows 10', '0', '', '2022-08-20 23:18:34');
INSERT INTO `sys_logininfor` VALUES (157, 'ry', '192.168.3.44', 'IP', 'Chrome 9', 'Windows 10', '0', '', '2022-08-20 23:18:45');
INSERT INTO `sys_logininfor` VALUES (158, 'ry', '192.168.3.44', 'IP', 'Chrome 9', 'Windows 10', '0', '', '2022-08-20 23:19:36');
INSERT INTO `sys_logininfor` VALUES (159, 'ry', '192.168.3.44', 'IP', 'Chrome 9', 'Windows 10', '0', '', '2022-08-20 23:19:41');
INSERT INTO `sys_logininfor` VALUES (160, 'admin', '127.0.0.1', 'IP', 'Chrome 9', 'Windows 10', '0', '', '2022-08-21 10:34:52');
INSERT INTO `sys_logininfor` VALUES (161, 'admin', '127.0.0.1', 'IP', 'Chrome 9', 'Windows 10', '0', '', '2022-08-21 10:43:31');
INSERT INTO `sys_logininfor` VALUES (162, 'admin', '192.168.3.44', 'IP', 'Chrome 9', 'Windows 10', '0', '', '2022-08-21 10:57:07');
INSERT INTO `sys_logininfor` VALUES (163, 'admin', '192.168.3.44', 'IP', 'Chrome 9', 'Windows 10', '0', '', '2022-08-21 11:03:33');
INSERT INTO `sys_logininfor` VALUES (164, 'admin', '192.168.3.44', 'IP', 'Chrome 9', 'Windows 10', '0', '', '2022-08-21 11:03:46');
INSERT INTO `sys_logininfor` VALUES (165, 'admin', '192.168.3.44', 'IP', 'Chrome 9', 'Windows 10', '0', '', '2022-08-21 12:59:32');
INSERT INTO `sys_logininfor` VALUES (166, 'admin', '192.168.3.44', 'IP', 'Chrome 9', 'Windows 10', '0', '', '2022-08-21 17:46:11');
INSERT INTO `sys_logininfor` VALUES (167, 'admin', '127.0.0.1', 'IP', 'Chrome 9', 'Windows 10', '1', '', '2022-08-22 10:02:07');
INSERT INTO `sys_logininfor` VALUES (168, 'admin', '127.0.0.1', 'IP', 'Chrome 9', 'Windows 10', '0', '', '2022-08-22 10:02:12');
INSERT INTO `sys_logininfor` VALUES (169, 'admin', '127.0.0.1', 'IP', 'Chrome 9', 'Windows 10', '0', '', '2022-08-22 18:14:08');
INSERT INTO `sys_logininfor` VALUES (170, 'admin', '127.0.0.1', 'IP', 'Chrome 9', 'Windows 10', '0', '', '2022-08-24 15:09:03');
INSERT INTO `sys_logininfor` VALUES (171, 'admin', '127.0.0.1', 'IP', 'Chrome 9', 'Windows 10', '0', '', '2022-08-24 16:32:11');
INSERT INTO `sys_logininfor` VALUES (172, 'admin', '192.168.1.110', 'IP', 'Chrome 9', 'Windows 10', '0', '', '2022-08-24 17:28:36');
INSERT INTO `sys_logininfor` VALUES (173, 'admin', '127.0.0.1', 'IP', 'Chrome 9', 'Windows 10', '0', '', '2022-08-25 13:59:43');
INSERT INTO `sys_logininfor` VALUES (174, 'admin', '127.0.0.1', 'IP', 'Chrome 9', 'Windows 10', '0', '', '2022-08-26 14:55:01');
INSERT INTO `sys_logininfor` VALUES (175, 'admin', '127.0.0.1', 'IP', 'Chrome 9', 'Windows 10', '0', '', '2022-08-26 14:59:29');
INSERT INTO `sys_logininfor` VALUES (176, 'ry', '127.0.0.1', 'IP', 'Chrome 9', 'Windows 10', '1', '1', '2022-08-26 14:59:44');
INSERT INTO `sys_logininfor` VALUES (177, 'ry', '127.0.0.1', 'IP', 'Chrome 9', 'Windows 10', '1', '/', '2022-08-26 14:59:44');
INSERT INTO `sys_logininfor` VALUES (178, 'ry', '127.0.0.1', 'IP', 'Chrome 9', 'Windows 10', '1', '', '2022-08-26 14:59:51');
INSERT INTO `sys_logininfor` VALUES (179, 'ry', '127.0.0.1', 'IP', 'Chrome 9', 'Windows 10', '0', '', '2022-08-26 15:00:03');
INSERT INTO `sys_logininfor` VALUES (180, 'admin', '192.168.3.44', 'IP', 'Chrome 9', 'Windows 10', '0', '', '2022-08-27 12:20:54');
INSERT INTO `sys_logininfor` VALUES (181, 'admin', '127.0.0.1', 'IP', 'Chrome 9', 'Windows 10', '1', '', '2022-08-28 09:04:07');
INSERT INTO `sys_logininfor` VALUES (182, 'admin', '127.0.0.1', 'IP', 'Chrome 9', 'Windows 10', '0', '', '2022-08-28 09:04:11');
INSERT INTO `sys_logininfor` VALUES (183, 'admin', '127.0.0.1', 'IP', 'Chrome 9', 'Windows 10', '0', '', '2022-08-30 16:35:54');
INSERT INTO `sys_logininfor` VALUES (184, 'ry', '127.0.0.1', 'IP', 'Chrome 10', 'Windows 10', '0', '', '2022-08-30 16:37:50');
INSERT INTO `sys_logininfor` VALUES (185, 'admin', '127.0.0.1', 'IP', 'Chrome 9', 'Windows 10', '0', '', '2022-08-30 17:01:43');
INSERT INTO `sys_logininfor` VALUES (186, 'ry', '127.0.0.1', 'IP', 'Chrome 9', 'Windows 10', '0', '', '2022-08-30 17:01:54');
INSERT INTO `sys_logininfor` VALUES (187, 'ry', '192.168.3.44', 'IP', 'Chrome 9', 'Windows 10', '0', '', '2022-08-30 17:06:15');
INSERT INTO `sys_logininfor` VALUES (188, 'ry', '192.168.3.44', 'IP', 'Chrome 9', 'Windows 10', '0', '', '2022-08-30 17:14:58');
INSERT INTO `sys_logininfor` VALUES (189, 'admin', '192.168.3.44', 'IP', 'Chrome 9', 'Windows 10', '0', '', '2022-08-30 17:15:02');
INSERT INTO `sys_logininfor` VALUES (190, 'admin', '192.168.3.44', 'IP', 'Chrome 9', 'Windows 10', '0', '', '2022-08-30 17:18:02');
INSERT INTO `sys_logininfor` VALUES (191, 'ry', '192.168.3.44', 'IP', 'Chrome 9', 'Windows 10', '0', '', '2022-08-30 17:18:08');
INSERT INTO `sys_logininfor` VALUES (192, 'admin', '192.168.3.44', 'IP', 'Chrome 9', 'Windows 10', '0', '', '2022-08-30 17:53:46');
INSERT INTO `sys_logininfor` VALUES (193, 'admin', '127.0.0.1', 'IP', 'Chrome 9', 'Windows 10', '0', '', '2022-09-01 09:22:02');
INSERT INTO `sys_logininfor` VALUES (194, 'admin', '127.0.0.1', 'IP', 'Chrome 11', 'Windows 10', '0', '', '2023-03-23 23:44:24');
INSERT INTO `sys_logininfor` VALUES (195, 'admin', '127.0.0.1', 'IP', 'Chrome 11', 'Windows 10', '0', '', '2023-03-24 13:48:33');
INSERT INTO `sys_logininfor` VALUES (196, 'admin', '127.0.0.1', 'IP', 'Chrome 11', 'Windows 10', '0', '', '2023-03-24 15:47:20');
INSERT INTO `sys_logininfor` VALUES (197, 'admin', '127.0.0.1', 'IP', 'Chrome 11', 'Windows 10', '0', '', '2023-03-24 15:49:43');
INSERT INTO `sys_logininfor` VALUES (198, 'admin', '127.0.0.1', 'IP', 'Chrome 11', 'Windows 10', '0', '', '2023-03-24 15:49:47');
INSERT INTO `sys_logininfor` VALUES (199, 'admin', '127.0.0.1', 'IP', 'Chrome 11', 'Windows 10', '0', '', '2023-03-26 12:31:58');
INSERT INTO `sys_logininfor` VALUES (200, 'ry', '127.0.0.1', 'IP', 'Chrome 11', 'Windows 10', '1', '1', '2023-03-26 13:09:01');
INSERT INTO `sys_logininfor` VALUES (201, 'ry', '127.0.0.1', 'IP', 'Chrome 11', 'Windows 10', '1', '/', '2023-03-26 13:09:01');
INSERT INTO `sys_logininfor` VALUES (202, 'ry', '127.0.0.1', 'IP', 'Chrome 11', 'Windows 10', '1', '2', '2023-03-26 13:09:13');
INSERT INTO `sys_logininfor` VALUES (203, 'ry', '127.0.0.1', 'IP', 'Chrome 11', 'Windows 10', '1', '/', '2023-03-26 13:09:13');
INSERT INTO `sys_logininfor` VALUES (204, 'ry', '127.0.0.1', 'IP', 'Chrome 11', 'Windows 10', '0', '', '2023-03-26 13:09:30');
INSERT INTO `sys_logininfor` VALUES (205, 'admin', '127.0.0.1', 'IP', 'Chrome 11', 'Windows 10', '0', '', '2023-03-26 21:20:12');
INSERT INTO `sys_logininfor` VALUES (206, 'admin', '127.0.0.1', 'IP', 'Chrome 11', 'Windows 10', '0', '', '2023-03-26 21:22:37');
INSERT INTO `sys_logininfor` VALUES (207, 'ry', '127.0.0.1', 'IP', 'Chrome 11', 'Windows 10', '1', '1', '2023-03-26 21:23:02');
INSERT INTO `sys_logininfor` VALUES (208, 'ry', '127.0.0.1', 'IP', 'Chrome 11', 'Windows 10', '1', '/', '2023-03-26 21:23:02');
INSERT INTO `sys_logininfor` VALUES (209, 'ry', '127.0.0.1', 'IP', 'Chrome 11', 'Windows 10', '0', '', '2023-03-26 21:23:13');
INSERT INTO `sys_logininfor` VALUES (210, 'admin', '127.0.0.1', 'IP', 'Chrome 11', 'Windows 10', '0', '', '2023-03-26 21:23:44');
INSERT INTO `sys_logininfor` VALUES (211, 'ry', '127.0.0.1', 'IP', 'Chrome 11', 'Windows 10', '0', '', '2023-03-26 21:25:34');
INSERT INTO `sys_logininfor` VALUES (212, 'ry', '127.0.0.1', 'IP', 'Chrome 11', 'Windows 10', '0', '', '2023-03-26 21:25:38');
INSERT INTO `sys_logininfor` VALUES (213, 'puyg', '127.0.0.1', 'IP', 'Chrome 11', 'Windows 10', '1', '/', '2023-03-26 21:32:45');
INSERT INTO `sys_logininfor` VALUES (214, 'puyg', '127.0.0.1', 'IP', 'Chrome 11', 'Windows 10', '1', '1', '2023-03-26 21:32:45');
INSERT INTO `sys_logininfor` VALUES (215, 'puyg', '127.0.0.1', 'IP', 'Chrome 11', 'Windows 10', '0', '', '2023-03-26 21:32:55');
INSERT INTO `sys_logininfor` VALUES (216, 'puyg', '127.0.0.1', 'IP', 'Chrome 11', 'Windows 10', '0', '', '2023-03-26 21:38:12');
INSERT INTO `sys_logininfor` VALUES (217, 'puyg', '127.0.0.1', 'IP', 'Chrome 11', 'Windows 10', '0', '', '2023-03-26 21:38:15');
INSERT INTO `sys_logininfor` VALUES (218, 'ry', '127.0.0.1', 'IP', 'Chrome 11', 'Windows 10', '0', '', '2023-03-26 22:11:33');
INSERT INTO `sys_logininfor` VALUES (219, 'ry', '127.0.0.1', 'IP', 'Chrome 11', 'Windows 10', '0', '', '2023-03-26 22:19:53');
INSERT INTO `sys_logininfor` VALUES (220, 'ry', '127.0.0.1', 'IP', 'Chrome 11', 'Windows 10', '0', '', '2023-03-26 22:19:56');
INSERT INTO `sys_logininfor` VALUES (221, 'ry', '127.0.0.1', 'IP', 'Chrome 11', 'Windows 10', '0', '', '2023-03-26 22:20:35');
INSERT INTO `sys_logininfor` VALUES (222, 'ry', '127.0.0.1', 'IP', 'Chrome 11', 'Windows 10', '0', '', '2023-03-26 22:20:38');
INSERT INTO `sys_logininfor` VALUES (223, 'ry', '127.0.0.1', 'IP', 'Chrome 11', 'Windows 10', '0', '', '2023-03-26 22:21:40');
INSERT INTO `sys_logininfor` VALUES (224, 'ry', '127.0.0.1', 'IP', 'Chrome 11', 'Windows 10', '0', '', '2023-03-26 22:21:43');
INSERT INTO `sys_logininfor` VALUES (225, 'ry', '127.0.0.1', 'IP', 'Chrome 11', 'Windows 10', '0', '', '2023-03-26 22:22:15');
INSERT INTO `sys_logininfor` VALUES (226, 'ry', '127.0.0.1', 'IP', 'Chrome 11', 'Windows 10', '0', '', '2023-03-26 22:22:18');
INSERT INTO `sys_logininfor` VALUES (227, 'ry', '127.0.0.1', 'IP', 'Chrome 11', 'Windows 10', '0', '', '2023-03-26 22:25:38');
INSERT INTO `sys_logininfor` VALUES (228, 'ry', '127.0.0.1', 'IP', 'Chrome 11', 'Windows 10', '0', '', '2023-03-26 22:25:41');
INSERT INTO `sys_logininfor` VALUES (229, 'ry', '127.0.0.1', 'IP', 'Chrome 11', 'Windows 10', '0', '', '2023-03-26 22:28:34');
INSERT INTO `sys_logininfor` VALUES (230, 'ry', '127.0.0.1', 'IP', 'Chrome 11', 'Windows 10', '0', '', '2023-03-26 22:28:37');
INSERT INTO `sys_logininfor` VALUES (231, 'ry', '127.0.0.1', 'IP', 'Chrome 11', 'Windows 10', '0', '', '2023-03-26 22:28:59');
INSERT INTO `sys_logininfor` VALUES (232, 'ry', '127.0.0.1', 'IP', 'Chrome 11', 'Windows 10', '0', '', '2023-03-26 22:29:35');
INSERT INTO `sys_logininfor` VALUES (233, 'ry', '127.0.0.1', 'IP', 'Chrome 11', 'Windows 10', '0', '', '2023-03-26 22:30:39');
INSERT INTO `sys_logininfor` VALUES (234, 'ry', '127.0.0.1', 'IP', 'Chrome 11', 'Windows 10', '0', '', '2023-03-26 22:30:42');
INSERT INTO `sys_logininfor` VALUES (235, 'ry', '127.0.0.1', 'IP', 'Chrome 11', 'Windows 10', '0', '', '2023-03-26 22:31:28');
INSERT INTO `sys_logininfor` VALUES (236, 'ry', '127.0.0.1', 'IP', 'Chrome 11', 'Windows 10', '0', '', '2023-03-26 22:31:30');
INSERT INTO `sys_logininfor` VALUES (237, 'ry', '127.0.0.1', 'IP', 'Chrome 11', 'Windows 10', '0', '', '2023-03-26 22:32:27');
INSERT INTO `sys_logininfor` VALUES (238, 'ry', '127.0.0.1', 'IP', 'Chrome 11', 'Windows 10', '0', '', '2023-03-26 22:32:29');
INSERT INTO `sys_logininfor` VALUES (239, 'ry', '127.0.0.1', 'IP', 'Chrome 11', 'Windows 10', '0', '', '2023-03-26 22:33:12');
INSERT INTO `sys_logininfor` VALUES (240, 'ry', '127.0.0.1', 'IP', 'Chrome 11', 'Windows 10', '0', '', '2023-03-26 22:33:16');
INSERT INTO `sys_logininfor` VALUES (241, 'puyg', '127.0.0.1', 'IP', 'Chrome 11', 'Windows 10', '0', '', '2023-03-26 22:42:48');
INSERT INTO `sys_logininfor` VALUES (242, 'puyg', '127.0.0.1', 'IP', 'Chrome 11', 'Windows 10', '0', '', '2023-03-26 22:42:51');
INSERT INTO `sys_logininfor` VALUES (243, 'ry', '127.0.0.1', 'IP', 'Chrome 11', 'Windows 10', '0', '', '2023-03-26 22:46:44');
INSERT INTO `sys_logininfor` VALUES (244, 'ry', '127.0.0.1', 'IP', 'Chrome 11', 'Windows 10', '0', '', '2023-03-26 22:46:47');
INSERT INTO `sys_logininfor` VALUES (245, 'puyg', '127.0.0.1', 'IP', 'Chrome 11', 'Windows 10', '0', '', '2023-03-26 22:46:53');
INSERT INTO `sys_logininfor` VALUES (246, 'puyg', '127.0.0.1', 'IP', 'Chrome 11', 'Windows 10', '0', '', '2023-03-26 22:46:56');
INSERT INTO `sys_logininfor` VALUES (247, 'puyg', '127.0.0.1', 'IP', 'Chrome 11', 'Windows 10', '0', '', '2023-03-26 22:48:21');
INSERT INTO `sys_logininfor` VALUES (248, 'puyg', '127.0.0.1', 'IP', 'Chrome 11', 'Windows 10', '0', '', '2023-03-26 22:48:23');
INSERT INTO `sys_logininfor` VALUES (249, 'puyg', '127.0.0.1', 'IP', 'Chrome 11', 'Windows 10', '0', '', '2023-03-26 22:48:56');
INSERT INTO `sys_logininfor` VALUES (250, 'puyg', '127.0.0.1', 'IP', 'Chrome 11', 'Windows 10', '0', '', '2023-03-26 22:48:59');
INSERT INTO `sys_logininfor` VALUES (251, 'puyg', '127.0.0.1', 'IP', 'Chrome 11', 'Windows 10', '0', '', '2023-03-26 22:51:28');
INSERT INTO `sys_logininfor` VALUES (252, 'puyg', '127.0.0.1', 'IP', 'Chrome 11', 'Windows 10', '0', '', '2023-03-26 22:51:30');
INSERT INTO `sys_logininfor` VALUES (253, 'puyg', '127.0.0.1', 'IP', 'Chrome 11', 'Windows 10', '0', '', '2023-03-26 22:57:57');
INSERT INTO `sys_logininfor` VALUES (254, 'puyg', '127.0.0.1', 'IP', 'Chrome 11', 'Windows 10', '0', '', '2023-03-26 22:57:59');
INSERT INTO `sys_logininfor` VALUES (255, 'ry', '127.0.0.1', 'IP', 'Chrome 11', 'Windows 10', '0', '', '2023-03-26 22:59:54');
INSERT INTO `sys_logininfor` VALUES (256, 'ry', '127.0.0.1', 'IP', 'Chrome 11', 'Windows 10', '0', '', '2023-03-26 22:59:57');
INSERT INTO `sys_logininfor` VALUES (257, 'puyg', '127.0.0.1', 'IP', 'Chrome 11', 'Windows 10', '0', '', '2023-03-26 23:00:25');
INSERT INTO `sys_logininfor` VALUES (258, 'puyg', '127.0.0.1', 'IP', 'Chrome 11', 'Windows 10', '0', '', '2023-03-26 23:00:27');
INSERT INTO `sys_logininfor` VALUES (259, 'puyg', '127.0.0.1', 'IP', 'Chrome 11', 'Windows 10', '0', '', '2023-03-26 23:01:35');
INSERT INTO `sys_logininfor` VALUES (260, 'test', '127.0.0.1', 'IP', 'Chrome 11', 'Windows 10', '1', '1', '2023-03-26 23:01:46');
INSERT INTO `sys_logininfor` VALUES (261, 'test', '127.0.0.1', 'IP', 'Chrome 11', 'Windows 10', '1', '/', '2023-03-26 23:01:46');
INSERT INTO `sys_logininfor` VALUES (262, 'test', '127.0.0.1', 'IP', 'Chrome 11', 'Windows 10', '0', '', '2023-03-26 23:01:51');
INSERT INTO `sys_logininfor` VALUES (263, 'test', '127.0.0.1', 'IP', 'Chrome 11', 'Windows 10', '0', '', '2023-03-26 23:04:23');
INSERT INTO `sys_logininfor` VALUES (264, 'test', '127.0.0.1', 'IP', 'Chrome 11', 'Windows 10', '0', '', '2023-03-26 23:04:25');
INSERT INTO `sys_logininfor` VALUES (265, 'ry', '127.0.0.1', 'IP', 'Chrome 11', 'Windows 10', '0', '', '2023-03-26 23:04:39');
INSERT INTO `sys_logininfor` VALUES (266, 'ry', '127.0.0.1', 'IP', 'Chrome 11', 'Windows 10', '0', '', '2023-03-26 23:04:42');
INSERT INTO `sys_logininfor` VALUES (267, 'ry', '127.0.0.1', 'IP', 'Chrome 11', 'Windows 10', '0', '', '2023-03-26 23:06:09');
INSERT INTO `sys_logininfor` VALUES (268, 'puyg', '127.0.0.1', 'IP', 'Chrome 11', 'Windows 10', '0', '', '2023-03-26 23:06:21');
INSERT INTO `sys_logininfor` VALUES (269, 'admin', '127.0.0.1', 'IP', 'Chrome 11', 'Windows 10', '0', '', '2023-03-27 13:14:03');
INSERT INTO `sys_logininfor` VALUES (270, 'admin', '127.0.0.1', 'IP', 'Chrome 11', 'Windows 10', '0', '', '2023-03-27 14:38:19');
INSERT INTO `sys_logininfor` VALUES (271, 'admin', '127.0.0.1', 'IP', 'Chrome 11', 'Windows 10', '0', '', '2023-03-28 19:56:25');
INSERT INTO `sys_logininfor` VALUES (272, 'admin', '127.0.0.1', 'IP', 'Chrome 11', 'Windows 10', '0', '', '2023-03-29 21:24:22');
INSERT INTO `sys_logininfor` VALUES (273, 'admin', '127.0.0.1', 'IP', 'Chrome 11', 'Windows 10', '0', '', '2023-03-29 22:23:49');

-- ----------------------------
-- Table structure for sys_menu
-- ----------------------------
DROP TABLE IF EXISTS `sys_menu`;
CREATE TABLE `sys_menu`  (
  `menu_id` bigint(20) NOT NULL AUTO_INCREMENT COMMENT 'ID',
  `menu_name` varchar(50) CHARACTER SET utf8 COLLATE utf8_general_ci NOT NULL COMMENT '',
  `parent_id` bigint(20) NULL DEFAULT 0 COMMENT 'ID',
  `order_num` int(11) NULL DEFAULT 0 COMMENT '',
  `path` varchar(200) CHARACTER SET utf8 COLLATE utf8_general_ci NULL DEFAULT '' COMMENT '',
  `component` varchar(255) CHARACTER SET utf8 COLLATE utf8_general_ci NULL DEFAULT NULL COMMENT '',
  `query` varchar(255) CHARACTER SET utf8 COLLATE utf8_general_ci NULL DEFAULT NULL COMMENT '',
  `is_frame` int(11) NULL DEFAULT 1 COMMENT '0 1',
  `is_cache` int(11) NULL DEFAULT 0 COMMENT '0 1',
  `menu_type` char(1) CHARACTER SET utf8 COLLATE utf8_general_ci NULL DEFAULT '' COMMENT 'M C F',
  `visible` char(1) CHARACTER SET utf8 COLLATE utf8_general_ci NULL DEFAULT '0' COMMENT '0 1',
  `status` char(1) CHARACTER SET utf8 COLLATE utf8_general_ci NULL DEFAULT '0' COMMENT '0 1',
  `perms` varchar(100) CHARACTER SET utf8 COLLATE utf8_general_ci NULL DEFAULT NULL COMMENT '',
  `icon` varchar(100) CHARACTER SET utf8 COLLATE utf8_general_ci NULL DEFAULT '#' COMMENT '',
  `create_by` varchar(64) CHARACTER SET utf8 COLLATE utf8_general_ci NULL DEFAULT '' COMMENT '',
  `create_time` datetime NULL DEFAULT NULL COMMENT '',
  `update_by` varchar(64) CHARACTER SET utf8 COLLATE utf8_general_ci NULL DEFAULT '' COMMENT '',
  `update_time` datetime NULL DEFAULT NULL COMMENT '',
  `remark` varchar(500) CHARACTER SET utf8 COLLATE utf8_general_ci NULL DEFAULT '' COMMENT '',
  PRIMARY KEY (`menu_id`) USING BTREE
) ENGINE = InnoDB AUTO_INCREMENT = 2041 CHARACTER SET = utf8 COLLATE = utf8_general_ci COMMENT = '' ROW_FORMAT = COMPACT;

-- ----------------------------
-- Records of sys_menu
-- ----------------------------
INSERT INTO `sys_menu` VALUES (1, '', 0, 1, 'system', NULL, '', 1, 0, 'M', '0', '0', '', 'system', 'admin', '2022-08-09 10:14:24', '', NULL, '');
INSERT INTO `sys_menu` VALUES (2, '', 0, 2, 'monitor', NULL, '', 1, 0, 'M', '0', '0', '', 'monitor', 'admin', '2022-08-09 10:14:24', '', NULL, '');
INSERT INTO `sys_menu` VALUES (3, '', 0, 3, 'tool', NULL, '', 1, 0, 'M', '0', '0', '', 'tool', 'admin', '2022-08-09 10:14:24', '', NULL, '');
INSERT INTO `sys_menu` VALUES (100, '', 1, 1, 'user', 'system/user/index', '', 1, 0, 'C', '0', '0', 'system:user:list', 'user', 'admin', '2022-08-09 10:14:24', '', NULL, '');
INSERT INTO `sys_menu` VALUES (101, '', 1, 2, 'role', 'system/role/index', '', 1, 0, 'C', '0', '0', 'system:role:list', 'peoples', 'admin', '2022-08-09 10:14:24', '', NULL, '');
INSERT INTO `sys_menu` VALUES (102, '', 1, 3, 'menu', 'system/menu/index', '', 1, 0, 'C', '0', '0', 'system:menu:list', 'tree-table', 'admin', '2022-08-09 10:14:24', '', NULL, '');
INSERT INTO `sys_menu` VALUES (103, '', 1, 2, 'dept', 'system/dept/index', '', 1, 0, 'C', '0', '0', 'system:dept:list', 'tree', 'admin', '2022-08-09 10:14:24', 'admin', '2023-03-28 20:08:52', '');
INSERT INTO `sys_menu` VALUES (104, '', 1, 5, 'post', 'system/post/index', '', 1, 0, 'C', '1', '1', 'system:post:list', 'post', 'admin', '2022-08-09 10:14:24', 'admin', '2023-03-24 14:30:37', '');
INSERT INTO `sys_menu` VALUES (105, '', 1, 6, 'dict', 'system/dict/index', '', 1, 0, 'C', '0', '0', 'system:dict:list', 'dict', 'admin', '2022-08-09 10:14:24', '', NULL, '');
INSERT INTO `sys_menu` VALUES (106, '', 1, 7, 'config', 'system/config/index', '', 1, 0, 'C', '0', '0', 'system:config:list', 'edit', 'admin', '2022-08-09 10:14:24', '', NULL, '');
INSERT INTO `sys_menu` VALUES (107, '', 2027, 10, 'notice', 'system/notice/index', '', 1, 0, 'C', '0', '0', 'system:notice:list', 'message', 'admin', '2022-08-09 10:14:24', 'admin', '2023-03-26 22:54:23', '');
INSERT INTO `sys_menu` VALUES (108, '', 1, 9, 'log', '', '', 1, 0, 'M', '0', '0', '', 'log', 'admin', '2022-08-09 10:14:24', '', NULL, '');
INSERT INTO `sys_menu` VALUES (109, '', 2, 1, 'online', 'monitor/online/index', '', 1, 0, 'C', '0', '0', 'monitor:online:list', 'online', 'admin', '2022-08-09 10:14:24', '', NULL, '');
INSERT INTO `sys_menu` VALUES (110, '', 2, 2, 'job', 'monitor/job/index', '', 1, 0, 'C', '0', '0', 'monitor:job:list', 'job', 'admin', '2022-08-09 10:14:24', '', NULL, '');
INSERT INTO `sys_menu` VALUES (111, '', 2, 3, 'druid', 'monitor/druid/index', '', 1, 0, 'C', '0', '0', 'monitor:druid:list', 'druid', 'admin', '2022-08-09 10:14:24', '', NULL, '');
INSERT INTO `sys_menu` VALUES (112, '', 2, 4, 'server', 'monitor/server/index', '', 1, 0, 'C', '0', '0', 'monitor:server:list', 'server', 'admin', '2022-08-09 10:14:24', '', NULL, '');
INSERT INTO `sys_menu` VALUES (113, '', 2, 5, 'cache', 'monitor/cache/index', '', 1, 0, 'C', '0', '0', 'monitor:cache:list', 'redis', 'admin', '2022-08-09 10:14:24', '', NULL, '');
INSERT INTO `sys_menu` VALUES (114, '', 2, 6, 'cacheList', 'monitor/cache/list', '', 1, 0, 'C', '0', '0', 'monitor:cache:list', 'redis-list', 'admin', '2022-08-09 10:14:25', '', NULL, '');
INSERT INTO `sys_menu` VALUES (115, '', 3, 1, 'build', 'tool/build/index', '', 1, 0, 'C', '0', '0', 'tool:build:list', 'build', 'admin', '2022-08-09 10:14:25', '', NULL, '');
INSERT INTO `sys_menu` VALUES (116, '', 3, 2, 'gen', 'tool/gen/index', '', 1, 0, 'C', '0', '0', 'tool:gen:list', 'code', 'admin', '2022-08-09 10:14:25', '', NULL, '');
INSERT INTO `sys_menu` VALUES (117, '', 3, 3, 'swagger', 'tool/swagger/index', '', 1, 0, 'C', '0', '0', 'tool:swagger:list', 'swagger', 'admin', '2022-08-09 10:14:25', '', NULL, '');
INSERT INTO `sys_menu` VALUES (500, '', 108, 1, 'operlog', 'monitor/operlog/index', '', 1, 0, 'C', '0', '0', 'monitor:operlog:list', 'form', 'admin', '2022-08-09 10:14:25', '', NULL, '');
INSERT INTO `sys_menu` VALUES (501, '', 108, 2, 'logininfor', 'monitor/logininfor/index', '', 1, 0, 'C', '0', '0', 'monitor:logininfor:list', 'logininfor', 'admin', '2022-08-09 10:14:25', '', NULL, '');
INSERT INTO `sys_menu` VALUES (1000, '', 100, 1, '', '', '', 1, 0, 'F', '0', '0', 'system:user:query', '#', 'admin', '2022-08-09 10:14:25', '', NULL, '');
INSERT INTO `sys_menu` VALUES (1001, '', 100, 2, '', '', '', 1, 0, 'F', '0', '0', 'system:user:add', '#', 'admin', '2022-08-09 10:14:25', '', NULL, '');
INSERT INTO `sys_menu` VALUES (1002, '', 100, 3, '', '', '', 1, 0, 'F', '0', '0', 'system:user:edit', '#', 'admin', '2022-08-09 10:14:25', '', NULL, '');
INSERT INTO `sys_menu` VALUES (1003, '', 100, 4, '', '', '', 1, 0, 'F', '0', '0', 'system:user:remove', '#', 'admin', '2022-08-09 10:14:25', '', NULL, '');
INSERT INTO `sys_menu` VALUES (1004, '', 100, 5, '', '', '', 1, 0, 'F', '0', '0', 'system:user:export', '#', 'admin', '2022-08-09 10:14:25', '', NULL, '');
INSERT INTO `sys_menu` VALUES (1005, '', 100, 6, '', '', '', 1, 0, 'F', '0', '0', 'system:user:import', '#', 'admin', '2022-08-09 10:14:25', '', NULL, '');
INSERT INTO `sys_menu` VALUES (1006, '', 100, 7, '', '', '', 1, 0, 'F', '0', '0', 'system:user:resetPwd', '#', 'admin', '2022-08-09 10:14:25', '', NULL, '');
INSERT INTO `sys_menu` VALUES (1007, '', 101, 1, '', '', '', 1, 0, 'F', '0', '0', 'system:role:query', '#', 'admin', '2022-08-09 10:14:25', '', NULL, '');
INSERT INTO `sys_menu` VALUES (1008, '', 101, 2, '', '', '', 1, 0, 'F', '0', '0', 'system:role:add', '#', 'admin', '2022-08-09 10:14:25', '', NULL, '');
INSERT INTO `sys_menu` VALUES (1009, '', 101, 3, '', '', '', 1, 0, 'F', '0', '0', 'system:role:edit', '#', 'admin', '2022-08-09 10:14:25', '', NULL, '');
INSERT INTO `sys_menu` VALUES (1010, '', 101, 4, '', '', '', 1, 0, 'F', '0', '0', 'system:role:remove', '#', 'admin', '2022-08-09 10:14:25', '', NULL, '');
INSERT INTO `sys_menu` VALUES (1011, '', 101, 5, '', '', '', 1, 0, 'F', '0', '0', 'system:role:export', '#', 'admin', '2022-08-09 10:14:25', '', NULL, '');
INSERT INTO `sys_menu` VALUES (1012, '', 102, 1, '', '', '', 1, 0, 'F', '0', '0', 'system:menu:query', '#', 'admin', '2022-08-09 10:14:25', '', NULL, '');
INSERT INTO `sys_menu` VALUES (1013, '', 102, 2, '', '', '', 1, 0, 'F', '0', '0', 'system:menu:add', '#', 'admin', '2022-08-09 10:14:25', '', NULL, '');
INSERT INTO `sys_menu` VALUES (1014, '', 102, 3, '', '', '', 1, 0, 'F', '0', '0', 'system:menu:edit', '#', 'admin', '2022-08-09 10:14:25', '', NULL, '');
INSERT INTO `sys_menu` VALUES (1015, '', 102, 4, '', '', '', 1, 0, 'F', '0', '0', 'system:menu:remove', '#', 'admin', '2022-08-09 10:14:25', '', NULL, '');
INSERT INTO `sys_menu` VALUES (1016, '', 103, 1, '', '', '', 1, 0, 'F', '0', '0', 'system:dept:query', '#', 'admin', '2022-08-09 10:14:25', '', NULL, '');
INSERT INTO `sys_menu` VALUES (1017, '', 103, 2, '', '', '', 1, 0, 'F', '0', '0', 'system:dept:add', '#', 'admin', '2022-08-09 10:14:25', '', NULL, '');
INSERT INTO `sys_menu` VALUES (1018, '', 103, 3, '', '', '', 1, 0, 'F', '0', '0', 'system:dept:edit', '#', 'admin', '2022-08-09 10:14:25', '', NULL, '');
INSERT INTO `sys_menu` VALUES (1019, '', 103, 4, '', '', '', 1, 0, 'F', '0', '0', 'system:dept:remove', '#', 'admin', '2022-08-09 10:14:25', '', NULL, '');
INSERT INTO `sys_menu` VALUES (1020, '', 104, 1, '', '', '', 1, 0, 'F', '0', '0', 'system:post:query', '#', 'admin', '2022-08-09 10:14:25', '', NULL, '');
INSERT INTO `sys_menu` VALUES (1021, '', 104, 2, '', '', '', 1, 0, 'F', '0', '0', 'system:post:add', '#', 'admin', '2022-08-09 10:14:25', '', NULL, '');
INSERT INTO `sys_menu` VALUES (1022, '', 104, 3, '', '', '', 1, 0, 'F', '0', '0', 'system:post:edit', '#', 'admin', '2022-08-09 10:14:25', '', NULL, '');
INSERT INTO `sys_menu` VALUES (1023, '', 104, 4, '', '', '', 1, 0, 'F', '0', '0', 'system:post:remove', '#', 'admin', '2022-08-09 10:14:25', '', NULL, '');
INSERT INTO `sys_menu` VALUES (1024, '', 104, 5, '', '', '', 1, 0, 'F', '0', '0', 'system:post:export', '#', 'admin', '2022-08-09 10:14:25', '', NULL, '');
INSERT INTO `sys_menu` VALUES (1025, '', 105, 1, '#', '', '', 1, 0, 'F', '0', '0', 'system:dict:query', '#', 'admin', '2022-08-09 10:14:25', '', NULL, '');
INSERT INTO `sys_menu` VALUES (1026, '', 105, 2, '#', '', '', 1, 0, 'F', '0', '0', 'system:dict:add', '#', 'admin', '2022-08-09 10:14:25', '', NULL, '');
INSERT INTO `sys_menu` VALUES (1027, '', 105, 3, '#', '', '', 1, 0, 'F', '0', '0', 'system:dict:edit', '#', 'admin', '2022-08-09 10:14:25', '', NULL, '');
INSERT INTO `sys_menu` VALUES (1028, '', 105, 4, '#', '', '', 1, 0, 'F', '0', '0', 'system:dict:remove', '#', 'admin', '2022-08-09 10:14:25', '', NULL, '');
INSERT INTO `sys_menu` VALUES (1029, '', 105, 5, '#', '', '', 1, 0, 'F', '0', '0', 'system:dict:export', '#', 'admin', '2022-08-09 10:14:25', '', NULL, '');
INSERT INTO `sys_menu` VALUES (1030, '', 106, 1, '#', '', '', 1, 0, 'F', '0', '0', 'system:config:query', '#', 'admin', '2022-08-09 10:14:25', '', NULL, '');
INSERT INTO `sys_menu` VALUES (1031, '', 106, 2, '#', '', '', 1, 0, 'F', '0', '0', 'system:config:add', '#', 'admin', '2022-08-09 10:14:25', '', NULL, '');
INSERT INTO `sys_menu` VALUES (1032, '', 106, 3, '#', '', '', 1, 0, 'F', '0', '0', 'system:config:edit', '#', 'admin', '2022-08-09 10:14:25', '', NULL, '');
INSERT INTO `sys_menu` VALUES (1033, '', 106, 4, '#', '', '', 1, 0, 'F', '0', '0', 'system:config:remove', '#', 'admin', '2022-08-09 10:14:25', '', NULL, '');
INSERT INTO `sys_menu` VALUES (1034, '', 106, 5, '#', '', '', 1, 0, 'F', '0', '0', 'system:config:export', '#', 'admin', '2022-08-09 10:14:25', '', NULL, '');
INSERT INTO `sys_menu` VALUES (1035, '', 107, 1, '#', '', '', 1, 0, 'F', '0', '0', 'system:notice:query', '#', 'admin', '2022-08-09 10:14:26', '', NULL, '');
INSERT INTO `sys_menu` VALUES (1036, '', 107, 2, '#', '', '', 1, 0, 'F', '0', '0', 'system:notice:add', '#', 'admin', '2022-08-09 10:14:26', '', NULL, '');
INSERT INTO `sys_menu` VALUES (1037, '', 107, 3, '#', '', '', 1, 0, 'F', '0', '0', 'system:notice:edit', '#', 'admin', '2022-08-09 10:14:26', '', NULL, '');
INSERT INTO `sys_menu` VALUES (1038, '', 107, 4, '#', '', '', 1, 0, 'F', '0', '0', 'system:notice:remove', '#', 'admin', '2022-08-09 10:14:26', '', NULL, '');
INSERT INTO `sys_menu` VALUES (1039, '', 500, 1, '#', '', '', 1, 0, 'F', '0', '0', 'monitor:operlog:query', '#', 'admin', '2022-08-09 10:14:26', '', NULL, '');
INSERT INTO `sys_menu` VALUES (1040, '', 500, 2, '#', '', '', 1, 0, 'F', '0', '0', 'monitor:operlog:remove', '#', 'admin', '2022-08-09 10:14:26', '', NULL, '');
INSERT INTO `sys_menu` VALUES (1041, '', 500, 3, '#', '', '', 1, 0, 'F', '0', '0', 'monitor:operlog:export', '#', 'admin', '2022-08-09 10:14:26', '', NULL, '');
INSERT INTO `sys_menu` VALUES (1042, '', 501, 1, '#', '', '', 1, 0, 'F', '0', '0', 'monitor:logininfor:query', '#', 'admin', '2022-08-09 10:14:26', '', NULL, '');
INSERT INTO `sys_menu` VALUES (1043, '', 501, 2, '#', '', '', 1, 0, 'F', '0', '0', 'monitor:logininfor:remove', '#', 'admin', '2022-08-09 10:14:26', '', NULL, '');
INSERT INTO `sys_menu` VALUES (1044, '', 501, 3, '#', '', '', 1, 0, 'F', '0', '0', 'monitor:logininfor:export', '#', 'admin', '2022-08-09 10:14:26', '', NULL, '');
INSERT INTO `sys_menu` VALUES (1045, '', 501, 4, '#', '', '', 1, 0, 'F', '0', '0', 'monitor:logininfor:unlock', '#', 'admin', '2022-08-09 10:14:26', '', NULL, '');
INSERT INTO `sys_menu` VALUES (1046, '', 109, 1, '#', '', '', 1, 0, 'F', '0', '0', 'monitor:online:query', '#', 'admin', '2022-08-09 10:14:26', '', NULL, '');
INSERT INTO `sys_menu` VALUES (1047, '', 109, 2, '#', '', '', 1, 0, 'F', '0', '0', 'monitor:online:batchLogout', '#', 'admin', '2022-08-09 10:14:26', '', NULL, '');
INSERT INTO `sys_menu` VALUES (1048, '', 109, 3, '#', '', '', 1, 0, 'F', '0', '0', 'monitor:online:forceLogout', '#', 'admin', '2022-08-09 10:14:26', '', NULL, '');
INSERT INTO `sys_menu` VALUES (1049, '', 110, 1, '#', '', '', 1, 0, 'F', '0', '0', 'monitor:job:query', '#', 'admin', '2022-08-09 10:14:26', '', NULL, '');
INSERT INTO `sys_menu` VALUES (1050, '', 110, 2, '#', '', '', 1, 0, 'F', '0', '0', 'monitor:job:add', '#', 'admin', '2022-08-09 10:14:26', '', NULL, '');
INSERT INTO `sys_menu` VALUES (1051, '', 110, 3, '#', '', '', 1, 0, 'F', '0', '0', 'monitor:job:edit', '#', 'admin', '2022-08-09 10:14:26', '', NULL, '');
INSERT INTO `sys_menu` VALUES (1052, '', 110, 4, '#', '', '', 1, 0, 'F', '0', '0', 'monitor:job:remove', '#', 'admin', '2022-08-09 10:14:26', '', NULL, '');
INSERT INTO `sys_menu` VALUES (1053, '', 110, 5, '#', '', '', 1, 0, 'F', '0', '0', 'monitor:job:changeStatus', '#', 'admin', '2022-08-09 10:14:26', '', NULL, '');
INSERT INTO `sys_menu` VALUES (1054, '', 110, 6, '#', '', '', 1, 0, 'F', '0', '0', 'monitor:job:export', '#', 'admin', '2022-08-09 10:14:26', '', NULL, '');
INSERT INTO `sys_menu` VALUES (1055, '', 115, 1, '#', '', '', 1, 0, 'F', '0', '0', 'tool:gen:query', '#', 'admin', '2022-08-09 10:14:26', '', NULL, '');
INSERT INTO `sys_menu` VALUES (1056, '', 115, 2, '#', '', '', 1, 0, 'F', '0', '0', 'tool:gen:edit', '#', 'admin', '2022-08-09 10:14:26', '', NULL, '');
INSERT INTO `sys_menu` VALUES (1057, '', 115, 3, '#', '', '', 1, 0, 'F', '0', '0', 'tool:gen:remove', '#', 'admin', '2022-08-09 10:14:26', '', NULL, '');
INSERT INTO `sys_menu` VALUES (1058, '', 115, 2, '#', '', '', 1, 0, 'F', '0', '0', 'tool:gen:import', '#', 'admin', '2022-08-09 10:14:26', '', NULL, '');
INSERT INTO `sys_menu` VALUES (1059, '', 115, 4, '#', '', '', 1, 0, 'F', '0', '0', 'tool:gen:preview', '#', 'admin', '2022-08-09 10:14:26', '', NULL, '');
INSERT INTO `sys_menu` VALUES (1060, '', 115, 5, '#', '', '', 1, 0, 'F', '0', '0', 'tool:gen:code', '#', 'admin', '2022-08-09 10:14:26', '', NULL, '');
INSERT INTO `sys_menu` VALUES (2000, '', 0, 4, 'component', NULL, NULL, 1, 0, 'M', '0', '0', NULL, 'component', 'admin', '2022-08-14 12:12:25', '', NULL, '');
INSERT INTO `sys_menu` VALUES (2001, '', 2000, 1, 'map', 'example/map/index', NULL, 1, 0, 'C', '0', '1', '', 'chart', 'admin', '2022-08-14 13:28:37', 'admin', '2023-03-28 20:07:47', '');
INSERT INTO `sys_menu` VALUES (2002, '', 1, 10, 'tree', 'system/dict/tree/index', NULL, 1, 0, 'C', '0', '0', '', 'dict', 'admin', '2022-08-15 15:43:16', 'admin', '2022-08-15 15:44:33', '');
INSERT INTO `sys_menu` VALUES (2003, '', 0, 5, 'bpm', NULL, NULL, 1, 0, 'M', '0', '1', '', 'build', 'admin', '2022-08-16 21:56:25', 'admin', '2023-03-24 14:35:30', '');
INSERT INTO `sys_menu` VALUES (2004, '', 0, 20, 'manager', NULL, NULL, 1, 0, 'M', '0', '0', '', 'build', 'admin', '2022-08-16 21:57:13', 'admin', '2023-03-24 14:14:24', '');
INSERT INTO `sys_menu` VALUES (2005, '', 2004, 1, 'form', 'bpm/form/index', NULL, 1, 0, 'C', '0', '0', NULL, 'form', 'admin', '2022-08-16 21:58:16', '', NULL, '');
INSERT INTO `sys_menu` VALUES (2006, '', 2005, 1, '', NULL, NULL, 1, 0, 'F', '0', '0', 'bpm:form:query', '#', 'admin', '2022-08-16 21:58:59', '', NULL, '');
INSERT INTO `sys_menu` VALUES (2007, '', 2005, 2, '', NULL, NULL, 1, 0, 'F', '0', '0', 'bpm:form:create', '#', 'admin', '2022-08-16 21:59:17', '', NULL, '');
INSERT INTO `sys_menu` VALUES (2008, '', 2005, 3, '', NULL, NULL, 1, 0, 'F', '0', '0', 'bpm:form:update', '#', 'admin', '2022-08-16 21:59:39', '', NULL, '');
INSERT INTO `sys_menu` VALUES (2009, '', 2005, 4, '', NULL, NULL, 1, 0, 'F', '0', '0', 'bpm:form:delete', '#', 'admin', '2022-08-16 21:59:57', '', NULL, '');
INSERT INTO `sys_menu` VALUES (2010, '', 2005, 5, '', NULL, NULL, 1, 0, 'F', '0', '0', 'bpm:form:export', '#', 'admin', '2022-08-16 22:00:13', '', NULL, '');
INSERT INTO `sys_menu` VALUES (2011, '', 2027, 30, 'model', 'bpm/model/index', NULL, 1, 0, 'C', '1', '0', '', 'build', 'admin', '2022-08-18 10:44:58', 'admin', '2023-03-26 22:56:17', '');
INSERT INTO `sys_menu` VALUES (2012, '', 2011, 1, '', NULL, NULL, 1, 0, 'F', '0', '0', 'bpm:model:query', '#', 'admin', '2022-08-18 10:46:18', '', NULL, '');
INSERT INTO `sys_menu` VALUES (2013, '', 2011, 2, '', NULL, NULL, 1, 0, 'F', '0', '0', 'bpm:model:create', '#', 'admin', '2022-08-18 10:46:36', '', NULL, '');
INSERT INTO `sys_menu` VALUES (2014, '', 2011, 3, '', NULL, NULL, 1, 0, 'F', '0', '0', 'bpm:model:import', '#', 'admin', '2022-08-18 10:46:52', '', NULL, '');
INSERT INTO `sys_menu` VALUES (2015, '', 2011, 4, '', NULL, NULL, 1, 0, 'F', '0', '0', 'bpm:model:update', '#', 'admin', '2022-08-18 10:47:09', '', NULL, '');
INSERT INTO `sys_menu` VALUES (2016, '', 2011, 5, '', NULL, NULL, 1, 0, 'F', '0', '0', 'bpm:model:delete', '#', 'admin', '2022-08-18 10:47:31', '', NULL, '');
INSERT INTO `sys_menu` VALUES (2017, '', 2011, 6, '', NULL, NULL, 1, 0, 'F', '0', '0', 'bpm:model:deploy', '#', 'admin', '2022-08-18 10:47:46', '', NULL, '');
INSERT INTO `sys_menu` VALUES (2018, '', 2011, 7, '', NULL, NULL, 1, 0, 'F', '0', '0', 'bpm:process-definition:query', '#', 'admin', '2022-08-18 17:09:30', '', NULL, '');
INSERT INTO `sys_menu` VALUES (2019, '', 2011, 8, '', NULL, NULL, 1, 0, 'F', '0', '0', 'bpm:task-assign-rule:query', '#', 'admin', '2022-08-18 17:09:50', '', NULL, '');
INSERT INTO `sys_menu` VALUES (2020, '', 2011, 9, '', NULL, NULL, 1, 0, 'F', '0', '0', 'bpm:task-assign-rule:create', '#', 'admin', '2022-08-18 17:10:10', '', NULL, '');
INSERT INTO `sys_menu` VALUES (2021, '', 2011, 10, '', NULL, NULL, 1, 0, 'F', '0', '0', 'bpm:task-assign-rule:update', '#', 'admin', '2022-08-18 17:10:30', '', NULL, '');
INSERT INTO `sys_menu` VALUES (2022, '', 2004, 3, 'user-group', 'bpm/group/index', NULL, 1, 0, 'C', '0', '0', NULL, 'peoples', 'admin', '2022-08-18 17:12:49', '', NULL, '');
INSERT INTO `sys_menu` VALUES (2023, '', 2022, 1, '', NULL, NULL, 1, 0, 'F', '0', '0', 'bpm:user-group:query', '#', 'admin', '2022-08-18 17:13:08', '', NULL, '');
INSERT INTO `sys_menu` VALUES (2024, '', 2022, 2, '', NULL, NULL, 1, 0, 'F', '0', '0', 'bpm:user-group:create', '#', 'admin', '2022-08-18 17:13:27', '', NULL, '');
INSERT INTO `sys_menu` VALUES (2025, '', 2022, 3, '', NULL, NULL, 1, 0, 'F', '0', '0', 'bpm:user-group:update', '#', 'admin', '2022-08-18 17:13:42', '', NULL, '');
INSERT INTO `sys_menu` VALUES (2026, '', 2022, 4, '', NULL, NULL, 1, 0, 'F', '0', '0', 'bpm:user-group:delete', '#', 'admin', '2022-08-18 17:13:57', '', NULL, '');
INSERT INTO `sys_menu` VALUES (2027, '', 0, 20, 'task', NULL, NULL, 1, 0, 'M', '0', '0', '', 'build', 'admin', '2022-08-18 17:45:51', 'admin', '2023-03-24 14:08:18', '');
INSERT INTO `sys_menu` VALUES (2028, '', 2027, 20, 'my', 'bpm/processInstance/index', NULL, 1, 0, 'C', '0', '0', '', 'people', 'admin', '2022-08-18 17:46:52', 'admin', '2023-03-26 22:54:37', '');
INSERT INTO `sys_menu` VALUES (2029, '', 2027, 22, 'todo', 'bpm/task/todo', NULL, 1, 0, 'C', '0', '0', '', 'eye-open', 'admin', '2022-08-18 17:47:56', 'admin', '2023-03-26 22:55:40', '');
INSERT INTO `sys_menu` VALUES (2030, '', 2027, 23, 'done', 'bpm/task/done', NULL, 1, 0, 'C', '0', '0', '', 'eye', 'admin', '2022-08-18 17:48:33', 'admin', '2023-03-26 22:55:50', '');
INSERT INTO `sys_menu` VALUES (2031, '', 2028, 1, '', NULL, NULL, 1, 0, 'F', '0', '0', 'bpm:process-instance:query', '#', 'admin', '2022-08-18 17:49:42', '', NULL, '');
INSERT INTO `sys_menu` VALUES (2032, '', 2028, 2, '', NULL, NULL, 1, 0, 'F', '0', '0', 'bpm:process-instance:create', '#', 'admin', '2022-08-18 17:50:04', '', NULL, '');
INSERT INTO `sys_menu` VALUES (2033, '', 2028, 3, '', NULL, NULL, 1, 0, 'F', '0', '0', 'bpm:process-instance:cancel', '#', 'admin', '2022-08-18 17:50:21', '', NULL, '');
INSERT INTO `sys_menu` VALUES (2034, '', 2029, 1, '', NULL, NULL, 1, 0, 'F', '0', '0', 'bpm:task:query', '#', 'admin', '2022-08-18 17:51:17', '', NULL, '');
INSERT INTO `sys_menu` VALUES (2035, '', 2029, 2, '', NULL, NULL, 1, 0, 'F', '0', '0', 'bpm:task:update', '#', 'admin', '2022-08-18 17:51:35', '', NULL, '');
INSERT INTO `sys_menu` VALUES (2036, 'websocket', 2000, 2, 'websocket', 'example/websocket/index', NULL, 1, 0, 'C', '0', '0', '', 'email', 'admin', '2022-08-19 22:47:00', 'admin', '2022-08-19 22:47:44', '');
INSERT INTO `sys_menu` VALUES (2037, 'OA ', 0, 3, 'oa', NULL, NULL, 1, 0, 'M', '0', '1', '', 'build', 'admin', '2022-09-01 09:23:35', 'admin', '2023-03-24 14:35:11', '');
INSERT INTO `sys_menu` VALUES (2038, '', 2037, 1, 'leave', 'bpm/oa/leave/index', NULL, 1, 0, 'C', '0', '0', NULL, 'build', 'admin', '2022-09-01 09:24:20', '', NULL, '');
INSERT INTO `sys_menu` VALUES (2039, '', 2038, 1, '', NULL, NULL, 1, 0, 'F', '0', '0', 'bpm:oa-leave:query', '#', 'admin', '2022-09-01 09:25:06', '', NULL, '');
INSERT INTO `sys_menu` VALUES (2040, '', 2038, 2, '', NULL, NULL, 1, 0, 'F', '0', '0', 'bpm:oa-leave:create', '#', 'admin', '2022-09-01 09:25:23', '', NULL, '');

-- ----------------------------
-- Table structure for sys_notice
-- ----------------------------
DROP TABLE IF EXISTS `sys_notice`;
CREATE TABLE `sys_notice`  (
  `notice_id` int(11) NOT NULL AUTO_INCREMENT COMMENT 'ID',
  `notice_title` varchar(50) CHARACTER SET utf8 COLLATE utf8_general_ci NOT NULL COMMENT '',
  `notice_type` char(1) CHARACTER SET utf8 COLLATE utf8_general_ci NOT NULL COMMENT '1 2',
  `notice_content` longblob NULL COMMENT '',
  `status` char(1) CHARACTER SET utf8 COLLATE utf8_general_ci NULL DEFAULT '0' COMMENT '0 1',
  `create_by` varchar(64) CHARACTER SET utf8 COLLATE utf8_general_ci NULL DEFAULT '' COMMENT '',
  `create_time` datetime NULL DEFAULT NULL COMMENT '',
  `update_by` varchar(64) CHARACTER SET utf8 COLLATE utf8_general_ci NULL DEFAULT '' COMMENT '',
  `update_time` datetime NULL DEFAULT NULL COMMENT '',
  `remark` varchar(255) CHARACTER SET utf8 COLLATE utf8_general_ci NULL DEFAULT NULL COMMENT '',
  PRIMARY KEY (`notice_id`) USING BTREE
) ENGINE = InnoDB AUTO_INCREMENT = 4 CHARACTER SET = utf8 COLLATE = utf8_general_ci COMMENT = '' ROW_FORMAT = COMPACT;

-- ----------------------------
-- Records of sys_notice
-- ----------------------------
INSERT INTO `sys_notice` VALUES (1, '2018-07-01 ', '2', 0x3C703E3C696D67207372633D222F6465762D6170692F70726F66696C652F75706C6F61642F323032332F30332F32342F3030303933302D31363631313834353730663931615F3230323330333234313430363536413030312E6A706722207374796C653D22637572736F723A206E7773652D726573697A653B222077696474683D22323733223EE696B0E78988E69CACE58685E5AEB93C2F703E, '0', 'admin', '2022-07-30 12:09:03', 'admin', '2023-03-24 14:07:01', '');
INSERT INTO `sys_notice` VALUES (2, '2018-07-01 ', '1', 0xE7BBB4E68AA4E58685E5AEB9, '0', 'admin', '2022-07-30 12:09:03', '', NULL, '');
INSERT INTO `sys_notice` VALUES (3, '', '1', 0x3C703E3C696D67207372633D222F6465762D6170692F70726F66696C652F75706C6F61642F323032332F30332F32382F3031313533302D31363438383333333330303238315F3230323330333238323031393236413030322E6A706722207374796C653D22637572736F723A206E7773652D726573697A653B222077696474683D22333033223E3C2F703E, '0', 'admin', '2023-03-28 20:19:31', '', NULL, NULL);

-- ----------------------------
-- Table structure for sys_oper_log
-- ----------------------------
DROP TABLE IF EXISTS `sys_oper_log`;
CREATE TABLE `sys_oper_log`  (
  `oper_id` bigint(20) NOT NULL AUTO_INCREMENT COMMENT '',
  `title` varchar(50) CHARACTER SET utf8 COLLATE utf8_general_ci NULL DEFAULT '' COMMENT '',
  `business_type` int(11) NULL DEFAULT 0 COMMENT '0 1 2 3',
  `method` varchar(100) CHARACTER SET utf8 COLLATE utf8_general_ci NULL DEFAULT '' COMMENT '',
  `request_method` varchar(10) CHARACTER SET utf8 COLLATE utf8_general_ci NULL DEFAULT '' COMMENT '',
  `operator_type` int(11) NULL DEFAULT 0 COMMENT '0 1 2',
  `oper_name` varchar(50) CHARACTER SET utf8 COLLATE utf8_general_ci NULL DEFAULT '' COMMENT '',
  `dept_name` varchar(50) CHARACTER SET utf8 COLLATE utf8_general_ci NULL DEFAULT '' COMMENT '',
  `oper_url` varchar(255) CHARACTER SET utf8 COLLATE utf8_general_ci NULL DEFAULT '' COMMENT 'URL',
  `oper_ip` varchar(128) CHARACTER SET utf8 COLLATE utf8_general_ci NULL DEFAULT '' COMMENT '',
  `oper_location` varchar(255) CHARACTER SET utf8 COLLATE utf8_general_ci NULL DEFAULT '' COMMENT '',
  `oper_param` varchar(2000) CHARACTER SET utf8 COLLATE utf8_general_ci NULL DEFAULT '' COMMENT '',
  `json_result` varchar(2000) CHARACTER SET utf8 COLLATE utf8_general_ci NULL DEFAULT '' COMMENT '',
  `status` int(11) NULL DEFAULT 0 COMMENT '0 1',
  `error_msg` varchar(2000) CHARACTER SET utf8 COLLATE utf8_general_ci NULL DEFAULT '' COMMENT '',
  `oper_time` datetime NULL DEFAULT NULL COMMENT '',
  PRIMARY KEY (`oper_id`) USING BTREE
) ENGINE = InnoDB AUTO_INCREMENT = 267 CHARACTER SET = utf8 COLLATE = utf8_general_ci COMMENT = '' ROW_FORMAT = COMPACT;

-- ----------------------------
-- Records of sys_oper_log
-- ----------------------------
INSERT INTO `sys_oper_log` VALUES (1, '', 6, 'com.ruoyi.generator.controller.GenController.importTableSave()', 'POST', 1, 'admin', NULL, '/tool/gen/importTable', '127.0.0.1', 'IP', '\"sys_notice\"', '{\"msg\":\"\",\"code\":200}', 0, NULL, '2022-08-12 10:10:55');
INSERT INTO `sys_oper_log` VALUES (2, '', 1, 'com.ruoyi.web.controller.system.SysMenuController.add()', 'POST', 1, 'admin', NULL, '/system/menu', '127.0.0.1', 'IP', '{\"children\":[],\"createBy\":\"admin\",\"icon\":\"component\",\"isCache\":\"0\",\"isFrame\":\"1\",\"menuName\":\"\",\"menuType\":\"M\",\"orderNum\":4,\"params\":{},\"parentId\":0,\"path\":\"component\",\"status\":\"0\",\"visible\":\"0\"}', '{\"msg\":\"\",\"code\":200}', 0, NULL, '2022-08-14 12:12:25');
INSERT INTO `sys_oper_log` VALUES (3, '', 2, 'com.ruoyi.web.controller.system.SysMenuController.edit()', 'PUT', 1, 'admin', NULL, '/system/menu', '127.0.0.1', 'IP', '{\"children\":[],\"createTime\":\"2022-08-09 10:14:24\",\"icon\":\"guide\",\"isCache\":\"0\",\"isFrame\":\"0\",\"menuId\":4,\"menuName\":\"\",\"menuType\":\"M\",\"orderNum\":5,\"params\":{},\"parentId\":0,\"path\":\"http://ruoyi.vip\",\"perms\":\"\",\"query\":\"\",\"status\":\"0\",\"updateBy\":\"admin\",\"visible\":\"0\"}', '{\"msg\":\"\",\"code\":200}', 0, NULL, '2022-08-14 12:13:10');
INSERT INTO `sys_oper_log` VALUES (4, '', 2, 'com.ruoyi.web.controller.system.SysDeptController.edit()', 'PUT', 1, 'admin', NULL, '/system/dept', '127.0.0.1', 'IP', '{\"ancestors\":\"0,100\",\"children\":[],\"createBy\":\"admin\",\"createTime\":\"2022-07-30 12:09:02\",\"delFlag\":\"0\",\"deptId\":101,\"deptName\":\"1\",\"email\":\"ry@qq.com\",\"leader\":\"\",\"orderNum\":1,\"params\":{},\"parentId\":100,\"phone\":\"15888888888\",\"status\":\"0\",\"updateBy\":\"admin\"}', '{\"msg\":\"\",\"code\":200}', 0, NULL, '2022-08-14 12:14:37');
INSERT INTO `sys_oper_log` VALUES (5, '', 2, 'com.ruoyi.web.controller.system.SysDeptController.edit()', 'PUT', 1, 'admin', NULL, '/system/dept', '127.0.0.1', 'IP', '{\"ancestors\":\"0,100\",\"children\":[],\"createBy\":\"admin\",\"createTime\":\"2022-07-30 12:09:02\",\"delFlag\":\"0\",\"deptId\":101,\"deptName\":\"\",\"email\":\"ry@qq.com\",\"leader\":\"\",\"orderNum\":1,\"params\":{},\"parentId\":100,\"phone\":\"15888888888\",\"status\":\"0\",\"updateBy\":\"admin\"}', '{\"msg\":\"\",\"code\":200}', 0, NULL, '2022-08-14 12:14:41');
INSERT INTO `sys_oper_log` VALUES (6, '', 1, 'com.ruoyi.web.controller.system.SysMenuController.add()', 'POST', 1, 'admin', NULL, '/system/menu', '127.0.0.1', 'IP', '{\"children\":[],\"component\":\"component/map/index\",\"createBy\":\"admin\",\"icon\":\"chart\",\"isCache\":\"0\",\"isFrame\":\"1\",\"menuName\":\"\",\"menuType\":\"C\",\"orderNum\":1,\"params\":{},\"parentId\":2000,\"path\":\"map\",\"status\":\"0\",\"visible\":\"0\"}', '{\"msg\":\"\",\"code\":200}', 0, NULL, '2022-08-14 13:28:37');
INSERT INTO `sys_oper_log` VALUES (7, '', 2, 'com.ruoyi.web.controller.system.SysMenuController.edit()', 'PUT', 1, 'admin', NULL, '/system/menu', '127.0.0.1', 'IP', '{\"children\":[],\"component\":\"map/index\",\"createTime\":\"2022-08-14 13:28:37\",\"icon\":\"chart\",\"isCache\":\"0\",\"isFrame\":\"1\",\"menuId\":2001,\"menuName\":\"\",\"menuType\":\"C\",\"orderNum\":1,\"params\":{},\"parentId\":2000,\"path\":\"map\",\"perms\":\"\",\"status\":\"0\",\"updateBy\":\"admin\",\"visible\":\"0\"}', '{\"msg\":\"\",\"code\":200}', 0, NULL, '2022-08-14 13:29:02');
INSERT INTO `sys_oper_log` VALUES (8, '', 2, 'com.ruoyi.web.controller.system.SysUserController.edit()', 'PUT', 1, 'admin', NULL, '/system/user', '127.0.0.1', 'IP', '{\"admin\":false,\"avatar\":\"\",\"createBy\":\"admin\",\"createTime\":\"2022-07-30 12:09:02\",\"delFlag\":\"0\",\"dept\":{\"ancestors\":\"0,100,101\",\"children\":[],\"deptId\":105,\"deptName\":\"\",\"leader\":\"\",\"orderNum\":3,\"params\":{},\"parentId\":101,\"status\":\"0\"},\"deptId\":105,\"email\":\"ry@qq.com\",\"loginDate\":\"2022-07-30 12:09:02\",\"loginIp\":\"127.0.0.1\",\"nickName\":\"\",\"params\":{},\"phonenumber\":\"15666666666\",\"postIds\":[2,1],\"remark\":\"\",\"roleIds\":[2],\"roles\":[{\"admin\":false,\"dataScope\":\"2\",\"deptCheckStrictly\":false,\"flag\":false,\"menuCheckStrictly\":false,\"params\":{},\"roleId\":2,\"roleKey\":\"common\",\"roleName\":\"\",\"roleSort\":\"2\",\"status\":\"0\"}],\"sex\":\"1\",\"status\":\"0\",\"updateBy\":\"admin\",\"userId\":2,\"userName\":\"ry\"}', '{\"msg\":\"\",\"code\":200}', 0, NULL, '2022-08-14 13:33:33');
INSERT INTO `sys_oper_log` VALUES (9, '', 1, 'com.ruoyi.web.controller.system.SysMenuController.add()', 'POST', 1, 'admin', NULL, '/system/menu', '127.0.0.1', 'IP', '{\"children\":[],\"createBy\":\"admin\",\"icon\":\"dict\",\"isCache\":\"0\",\"isFrame\":\"1\",\"menuName\":\"\",\"menuType\":\"M\",\"orderNum\":10,\"params\":{},\"parentId\":1,\"path\":\"system/dict/tree/index\",\"status\":\"0\",\"visible\":\"0\"}', '{\"msg\":\"\",\"code\":200}', 0, NULL, '2022-08-15 15:43:16');
INSERT INTO `sys_oper_log` VALUES (10, '', 2, 'com.ruoyi.web.controller.system.SysMenuController.edit()', 'PUT', 1, 'admin', NULL, '/system/menu', '127.0.0.1', 'IP', '{\"children\":[],\"component\":\"system/dict/tree/index\",\"createTime\":\"2022-08-15 15:43:16\",\"icon\":\"dict\",\"isCache\":\"0\",\"isFrame\":\"1\",\"menuId\":2002,\"menuName\":\"\",\"menuType\":\"C\",\"orderNum\":10,\"params\":{},\"parentId\":1,\"path\":\"tree\",\"perms\":\"\",\"status\":\"0\",\"updateBy\":\"admin\",\"visible\":\"0\"}', '{\"msg\":\"\",\"code\":200}', 0, NULL, '2022-08-15 15:44:33');
INSERT INTO `sys_oper_log` VALUES (11, '', 1, 'com.ruoyi.web.controller.system.SysDictTypeController.add()', 'POST', 1, 'admin', NULL, '/system/dict/type', '127.0.0.1', 'IP', '{\"createBy\":\"admin\",\"dictName\":\"\",\"dictType\":\"tree_dict_stru_type\",\"params\":{},\"remark\":\"\",\"status\":\"0\"}', '{\"msg\":\"\",\"code\":200}', 0, NULL, '2022-08-15 23:15:27');
INSERT INTO `sys_oper_log` VALUES (12, '', 1, 'com.ruoyi.web.controller.system.SysDictDataController.add()', 'POST', 1, 'admin', NULL, '/system/dict/data', '127.0.0.1', 'IP', '{\"createBy\":\"admin\",\"default\":false,\"dictLabel\":\"\",\"dictSort\":1,\"dictType\":\"tree_dict_stru_type\",\"dictValue\":\"0\",\"listClass\":\"default\",\"params\":{},\"status\":\"0\"}', '{\"msg\":\"\",\"code\":200}', 0, NULL, '2022-08-15 23:16:01');
INSERT INTO `sys_oper_log` VALUES (13, '', 1, 'com.ruoyi.web.controller.system.SysDictDataController.add()', 'POST', 1, 'admin', NULL, '/system/dict/data', '127.0.0.1', 'IP', '{\"createBy\":\"admin\",\"default\":false,\"dictLabel\":\"\",\"dictSort\":2,\"dictType\":\"tree_dict_stru_type\",\"dictValue\":\"1\",\"listClass\":\"default\",\"params\":{},\"status\":\"0\"}', '{\"msg\":\"\",\"code\":200}', 0, NULL, '2022-08-15 23:16:45');
INSERT INTO `sys_oper_log` VALUES (14, '', 2, 'com.ruoyi.web.controller.system.SysTreeDictController.edit()', 'PUT', 1, 'admin', NULL, '/system/dict/tree', '127.0.0.1', 'IP', '{\"code\":\"adcode\",\"createBy\":\"admin\",\"createTime\":\"2022-04-23 10:51:27\",\"delFlag\":\"0\",\"id\":\"453687cac2b011ecb05200163e087221\",\"isSysParam\":\"1\",\"name\":\"\",\"remark\":\"11\",\"struType\":\"1\"}', '{\"msg\":\"\",\"code\":200}', 0, NULL, '2022-08-15 23:17:13');
INSERT INTO `sys_oper_log` VALUES (15, '', 2, 'com.ruoyi.web.controller.system.SysTreeDictController.edit()', 'PUT', 1, 'admin', NULL, '/system/dict/tree', '127.0.0.1', 'IP', '{\"code\":\"adcode\",\"createBy\":\"admin\",\"createTime\":\"2022-04-23 10:51:27\",\"delFlag\":\"0\",\"id\":\"453687cac2b011ecb05200163e087221\",\"isSysParam\":\"1\",\"name\":\"\",\"remark\":\"\",\"struType\":\"1\"}', '{\"msg\":\"\",\"code\":200}', 0, NULL, '2022-08-15 23:18:48');
INSERT INTO `sys_oper_log` VALUES (16, '', 1, 'com.ruoyi.web.controller.system.SysTreeDictDataController.add()', 'POST', 1, 'admin', NULL, '/system/tree/dict/data', '127.0.0.1', 'IP', '{\"children\":[],\"code\":\"110000\",\"id\":\"1559201105493581825\",\"label\":\"\",\"levelCode\":\"110000\",\"levelDepth\":1,\"orderNum\":1,\"treeDict\":\"adcode\"}', '{\"msg\":\"\",\"code\":200}', 0, NULL, '2022-08-15 23:31:26');
INSERT INTO `sys_oper_log` VALUES (17, '', 1, 'com.ruoyi.web.controller.system.SysConfigController.add()', 'POST', 1, 'admin', NULL, '/system/config', '127.0.0.1', 'IP', '{\"configKey\":\"tree.dict.initCode\",\"configName\":\"\",\"configType\":\"Y\",\"configValue\":\"0\",\"createBy\":\"admin\",\"params\":{},\"remark\":\"\"}', '{\"msg\":\"\",\"code\":200}', 0, NULL, '2022-08-15 23:42:28');
INSERT INTO `sys_oper_log` VALUES (18, '', 1, 'com.ruoyi.web.controller.system.SysConfigController.add()', 'POST', 1, 'admin', NULL, '/system/config', '127.0.0.1', 'IP', '{\"configKey\":\"tree.dict.codeStep\",\"configName\":\"\",\"configType\":\"Y\",\"configValue\":\"0\",\"createBy\":\"admin\",\"params\":{},\"remark\":\"\"}', '{\"msg\":\"\",\"code\":200}', 0, NULL, '2022-08-15 23:42:57');
INSERT INTO `sys_oper_log` VALUES (19, '', 2, 'com.ruoyi.web.controller.system.SysConfigController.edit()', 'PUT', 1, 'admin', NULL, '/system/config', '127.0.0.1', 'IP', '{\"configId\":6,\"configKey\":\"tree.dict.initCode\",\"configName\":\"\",\"configType\":\"Y\",\"configValue\":\"tree\",\"createBy\":\"admin\",\"createTime\":\"2022-08-15 23:42:28\",\"params\":{},\"remark\":\"\",\"updateBy\":\"admin\"}', '{\"msg\":\"\",\"code\":200}', 0, NULL, '2022-08-15 23:43:11');
INSERT INTO `sys_oper_log` VALUES (20, '', 2, 'com.ruoyi.web.controller.system.SysConfigController.edit()', 'PUT', 1, 'admin', NULL, '/system/config', '127.0.0.1', 'IP', '{\"configId\":6,\"configKey\":\"tree.dict.initCode\",\"configName\":\"\",\"configType\":\"Y\",\"configValue\":\"0\",\"createBy\":\"admin\",\"createTime\":\"2022-08-15 23:42:28\",\"params\":{},\"remark\":\"\",\"updateBy\":\"admin\",\"updateTime\":\"2022-08-15 23:43:10\"}', '{\"msg\":\"\",\"code\":200}', 0, NULL, '2022-08-15 23:44:59');
INSERT INTO `sys_oper_log` VALUES (21, '', 2, 'com.ruoyi.web.controller.system.SysTreeDictDataController.edit()', 'PUT', 1, 'admin', NULL, '/system/tree/dict/data', '127.0.0.1', 'IP', '{\"children\":[],\"code\":\"1100000\",\"id\":\"1559201105493581825\",\"isLeaf\":\"1\",\"label\":\"\",\"levelCode\":\"110000.0\",\"levelDepth\":2,\"orderNum\":0,\"pid\":\"1559201105493581825\",\"treeDict\":\"adcode\"}', '{\"msg\":\"\",\"code\":200}', 0, NULL, '2022-08-15 23:51:19');
INSERT INTO `sys_oper_log` VALUES (22, '', 1, 'com.ruoyi.web.controller.system.SysTreeDictDataController.add()', 'POST', 1, 'admin', NULL, '/system/tree/dict/data', '127.0.0.1', 'IP', '{\"children\":[],\"code\":\"11000001\",\"id\":\"1559206320632455170\",\"label\":\"\",\"levelCode\":\"110000.0.1\",\"levelDepth\":3,\"orderNum\":1,\"pid\":\"1559201105493581825\",\"treeDict\":\"adcode\"}', '{\"msg\":\"\",\"code\":200}', 0, NULL, '2022-08-15 23:52:10');
INSERT INTO `sys_oper_log` VALUES (23, '', 2, 'com.ruoyi.web.controller.system.SysTreeDictDataController.edit()', 'PUT', 1, 'admin', NULL, '/system/tree/dict/data', '127.0.0.1', 'IP', '{\"children\":[],\"code\":\"11000001\",\"id\":\"1559206320632455170\",\"isLeaf\":\"1\",\"label\":\"\",\"levelCode\":\"110000.0.1\",\"levelDepth\":3,\"orderNum\":1,\"pid\":\"1559201105493581825\",\"treeDict\":\"adcode\"}', '{\"msg\":\"\",\"code\":200}', 0, NULL, '2022-08-15 23:52:19');
INSERT INTO `sys_oper_log` VALUES (24, '', 1, 'com.ruoyi.web.controller.system.SysTreeDictDataController.add()', 'POST', 1, 'admin', NULL, '/system/tree/dict/data', '127.0.0.1', 'IP', '{\"children\":[],\"code\":\"120000\",\"id\":\"1559208258858082306\",\"label\":\"\",\"levelCode\":\"120000\",\"levelDepth\":1,\"orderNum\":1,\"treeDict\":\"adcode\"}', '{\"msg\":\"\",\"code\":200}', 0, NULL, '2022-08-15 23:59:52');
INSERT INTO `sys_oper_log` VALUES (25, '', 1, 'com.ruoyi.web.controller.system.SysTreeDictDataController.add()', 'POST', 1, 'admin', NULL, '/system/tree/dict/data', '127.0.0.1', 'IP', '{\"children\":[],\"code\":\"120100\",\"id\":\"1559209022779252737\",\"label\":\"\",\"orderNum\":0,\"pid\":\"1559208258858082306\",\"treeDict\":\"adcode\"}', '{\"msg\":\"\",\"code\":200}', 0, NULL, '2022-08-16 00:02:54');
INSERT INTO `sys_oper_log` VALUES (26, '', 2, 'com.ruoyi.web.controller.system.SysTreeDictDataController.edit()', 'PUT', 1, 'admin', NULL, '/system/tree/dict/data', '127.0.0.1', 'IP', '{\"children\":[],\"code\":\"110100\",\"id\":\"1559206320632455170\",\"isLeaf\":\"1\",\"label\":\"\",\"levelCode\":\"\",\"orderNum\":0,\"pid\":\"1559201105493581825\",\"treeDict\":\"adcode\"}', '{\"msg\":\"\",\"code\":200}', 0, NULL, '2022-08-16 00:03:04');
INSERT INTO `sys_oper_log` VALUES (27, '', 1, 'com.ruoyi.web.controller.system.SysTreeDictDataController.add()', 'POST', 1, 'admin', NULL, '/system/tree/dict/data', '127.0.0.1', 'IP', '{\"children\":[],\"code\":\"0\",\"id\":\"1559209146855153665\",\"label\":\"\",\"orderNum\":2,\"treeDict\":\"adcode\"}', '{\"msg\":\"\",\"code\":200}', 0, NULL, '2022-08-16 00:03:24');
INSERT INTO `sys_oper_log` VALUES (28, '', 3, 'com.ruoyi.web.controller.system.SysTreeDictDataController.remove()', 'DELETE', 1, 'admin', NULL, '/system/tree/dict/data/1559209146855153665', '127.0.0.1', 'IP', '{ids=1559209146855153665}', '{\"msg\":\"\",\"code\":200}', 0, NULL, '2022-08-16 00:03:27');
INSERT INTO `sys_oper_log` VALUES (29, '', 2, 'com.ruoyi.web.controller.system.SysTreeDictDataController.edit()', 'PUT', 1, 'admin', NULL, '/system/tree/dict/data', '127.0.0.1', 'IP', '{\"children\":[{\"id\":\"1559206320632455170\",\"label\":\"\",\"code\":\"110100\",\"pid\":\"1559201105493581825\",\"orderNum\":0,\"levelCode\":\"\",\"isLeaf\":\"1\",\"treeDict\":\"adcode\"}],\"code\":\"110000\",\"id\":\"1559201105493581825\",\"isLeaf\":\"0\",\"label\":\"\",\"levelCode\":\"\",\"orderNum\":0,\"treeDict\":\"adcode\"}', '{\"msg\":\"\",\"code\":200}', 0, NULL, '2022-08-16 00:03:42');
INSERT INTO `sys_oper_log` VALUES (30, '', 1, 'com.ruoyi.web.controller.system.SysTreeDictDataController.add()', 'POST', 1, 'admin', NULL, '/system/tree/dict/data', '127.0.0.1', 'IP', '{\"children\":[],\"code\":\"110101\",\"id\":\"1559209438468333570\",\"label\":\"\",\"orderNum\":0,\"pid\":\"1559206320632455170\",\"treeDict\":\"adcode\"}', '{\"msg\":\"\",\"code\":200}', 0, NULL, '2022-08-16 00:04:33');
INSERT INTO `sys_oper_log` VALUES (31, '', 1, 'com.ruoyi.web.controller.system.SysTreeDictDataController.add()', 'POST', 1, 'admin', NULL, '/system/tree/dict/data', '127.0.0.1', 'IP', '{\"children\":[],\"code\":\"130000\",\"id\":\"1559353772735864834\",\"label\":\"\",\"orderNum\":2,\"treeDict\":\"adcode\"}', '{\"msg\":\"\",\"code\":200}', 0, NULL, '2022-08-16 09:38:05');
INSERT INTO `sys_oper_log` VALUES (32, '', 1, 'com.ruoyi.web.controller.system.SysTreeDictDataController.add()', 'POST', 1, 'admin', NULL, '/system/tree/dict/data', '127.0.0.1', 'IP', '{\"children\":[],\"code\":\"130100\",\"id\":\"1559353934648582146\",\"label\":\"\",\"orderNum\":0,\"pid\":\"1559353772735864834\",\"treeDict\":\"adcode\"}', '{\"msg\":\"\",\"code\":200}', 0, NULL, '2022-08-16 09:38:44');
INSERT INTO `sys_oper_log` VALUES (33, '', 1, 'com.ruoyi.web.controller.system.SysTreeDictDataController.add()', 'POST', 1, 'admin', NULL, '/system/tree/dict/data', '127.0.0.1', 'IP', '{\"children\":[],\"code\":\"110000\",\"id\":\"1559356421338177537\",\"label\":\"\",\"orderNum\":3,\"treeDict\":\"adcode\"}', '{\"msg\":\"\",\"code\":200}', 0, NULL, '2022-08-16 09:48:36');
INSERT INTO `sys_oper_log` VALUES (34, '', 3, 'com.ruoyi.web.controller.system.SysTreeDictDataController.remove()', 'DELETE', 1, 'admin', NULL, '/system/tree/dict/data/1559356421338177537', '127.0.0.1', 'IP', '{ids=1559356421338177537}', '{\"msg\":\"\",\"code\":200}', 0, NULL, '2022-08-16 09:48:49');
INSERT INTO `sys_oper_log` VALUES (35, '', 1, 'com.ruoyi.web.controller.system.SysTreeDictDataController.add()', 'POST', 1, 'admin', NULL, '/system/tree/dict/data', '127.0.0.1', 'IP', '{\"children\":[],\"code\":\"110000\",\"id\":\"1559356608622239746\",\"label\":\"\",\"orderNum\":0,\"treeDict\":\"adcode\"}', '{\"msg\":\"\",\"code\":200}', 0, NULL, '2022-08-16 09:49:21');
INSERT INTO `sys_oper_log` VALUES (36, '', 3, 'com.ruoyi.web.controller.system.SysTreeDictDataController.remove()', 'DELETE', 1, 'admin', NULL, '/system/tree/dict/data/1559356608622239746', '127.0.0.1', 'IP', '{ids=1559356608622239746}', '{\"msg\":\"\",\"code\":200}', 0, NULL, '2022-08-16 09:49:25');
INSERT INTO `sys_oper_log` VALUES (37, '', 3, 'com.ruoyi.web.controller.system.SysConfigController.remove()', 'DELETE', 1, 'admin', NULL, '/system/config/6', '127.0.0.1', 'IP', '{configIds=6}', NULL, 1, 'tree.dict.initCode ', '2022-08-16 09:56:43');
INSERT INTO `sys_oper_log` VALUES (38, '', 3, 'com.ruoyi.web.controller.system.SysConfigController.remove()', 'DELETE', 1, 'admin', NULL, '/system/config/7', '127.0.0.1', 'IP', '{configIds=7}', NULL, 1, 'tree.dict.codeStep ', '2022-08-16 09:56:50');
INSERT INTO `sys_oper_log` VALUES (39, '', 2, 'com.ruoyi.web.controller.system.SysConfigController.edit()', 'PUT', 1, 'admin', NULL, '/system/config', '127.0.0.1', 'IP', '{\"configId\":6,\"configKey\":\"tree.dict.initCode\",\"configName\":\"\",\"configType\":\"N\",\"configValue\":\"0\",\"createBy\":\"admin\",\"createTime\":\"2022-08-15 23:42:28\",\"params\":{},\"remark\":\"\",\"updateBy\":\"admin\",\"updateTime\":\"2022-08-15 23:44:59\"}', '{\"msg\":\"\",\"code\":200}', 0, NULL, '2022-08-16 09:56:54');
INSERT INTO `sys_oper_log` VALUES (40, '', 3, 'com.ruoyi.web.controller.system.SysConfigController.remove()', 'DELETE', 1, 'admin', NULL, '/system/config/6', '127.0.0.1', 'IP', '{configIds=6}', '{\"msg\":\"\",\"code\":200}', 0, NULL, '2022-08-16 09:56:57');
INSERT INTO `sys_oper_log` VALUES (41, '', 2, 'com.ruoyi.web.controller.system.SysConfigController.edit()', 'PUT', 1, 'admin', NULL, '/system/config', '127.0.0.1', 'IP', '{\"configId\":7,\"configKey\":\"tree.dict.codeStep\",\"configName\":\"\",\"configType\":\"N\",\"configValue\":\"0\",\"createBy\":\"admin\",\"createTime\":\"2022-08-15 23:42:57\",\"params\":{},\"remark\":\"\",\"updateBy\":\"admin\"}', '{\"msg\":\"\",\"code\":200}', 0, NULL, '2022-08-16 09:57:01');
INSERT INTO `sys_oper_log` VALUES (42, '', 3, 'com.ruoyi.web.controller.system.SysConfigController.remove()', 'DELETE', 1, 'admin', NULL, '/system/config/7', '127.0.0.1', 'IP', '{configIds=7}', '{\"msg\":\"\",\"code\":200}', 0, NULL, '2022-08-16 09:57:02');
INSERT INTO `sys_oper_log` VALUES (43, '', 1, 'com.ruoyi.web.controller.system.SysMenuController.add()', 'POST', 1, 'admin', NULL, '/system/menu', '127.0.0.1', 'IP', '{\"children\":[],\"createBy\":\"admin\",\"icon\":\"build\",\"isCache\":\"0\",\"isFrame\":\"1\",\"menuName\":\"\",\"menuType\":\"M\",\"orderNum\":5,\"params\":{},\"parentId\":0,\"path\":\"bpm\",\"status\":\"0\",\"visible\":\"0\"}', '{\"msg\":\"\",\"code\":200}', 0, NULL, '2022-08-16 21:56:25');
INSERT INTO `sys_oper_log` VALUES (44, '', 1, 'com.ruoyi.web.controller.system.SysMenuController.add()', 'POST', 1, 'admin', NULL, '/system/menu', '127.0.0.1', 'IP', '{\"children\":[],\"createBy\":\"admin\",\"icon\":\"build\",\"isCache\":\"0\",\"isFrame\":\"1\",\"menuName\":\"\",\"menuType\":\"M\",\"orderNum\":1,\"params\":{},\"parentId\":2003,\"path\":\"manager\",\"status\":\"0\",\"visible\":\"0\"}', '{\"msg\":\"\",\"code\":200}', 0, NULL, '2022-08-16 21:57:13');
INSERT INTO `sys_oper_log` VALUES (45, '', 1, 'com.ruoyi.web.controller.system.SysMenuController.add()', 'POST', 1, 'admin', NULL, '/system/menu', '127.0.0.1', 'IP', '{\"children\":[],\"component\":\"bpm/form/index\",\"createBy\":\"admin\",\"icon\":\"form\",\"isCache\":\"0\",\"isFrame\":\"1\",\"menuName\":\"\",\"menuType\":\"C\",\"orderNum\":1,\"params\":{},\"parentId\":2004,\"path\":\"form\",\"status\":\"0\",\"visible\":\"0\"}', '{\"msg\":\"\",\"code\":200}', 0, NULL, '2022-08-16 21:58:16');
INSERT INTO `sys_oper_log` VALUES (46, '', 1, 'com.ruoyi.web.controller.system.SysMenuController.add()', 'POST', 1, 'admin', NULL, '/system/menu', '127.0.0.1', 'IP', '{\"children\":[],\"createBy\":\"admin\",\"isCache\":\"0\",\"isFrame\":\"1\",\"menuName\":\"\",\"menuType\":\"F\",\"orderNum\":1,\"params\":{},\"parentId\":2005,\"perms\":\"bpm:form:query\",\"status\":\"0\",\"visible\":\"0\"}', '{\"msg\":\"\",\"code\":200}', 0, NULL, '2022-08-16 21:58:59');
INSERT INTO `sys_oper_log` VALUES (47, '', 1, 'com.ruoyi.web.controller.system.SysMenuController.add()', 'POST', 1, 'admin', NULL, '/system/menu', '127.0.0.1', 'IP', '{\"children\":[],\"createBy\":\"admin\",\"isCache\":\"0\",\"isFrame\":\"1\",\"menuName\":\"\",\"menuType\":\"F\",\"orderNum\":2,\"params\":{},\"parentId\":2005,\"perms\":\"bpm:form:create\",\"status\":\"0\",\"visible\":\"0\"}', '{\"msg\":\"\",\"code\":200}', 0, NULL, '2022-08-16 21:59:17');
INSERT INTO `sys_oper_log` VALUES (48, '', 1, 'com.ruoyi.web.controller.system.SysMenuController.add()', 'POST', 1, 'admin', NULL, '/system/menu', '127.0.0.1', 'IP', '{\"children\":[],\"createBy\":\"admin\",\"isCache\":\"0\",\"isFrame\":\"1\",\"menuName\":\"\",\"menuType\":\"F\",\"orderNum\":3,\"params\":{},\"parentId\":2005,\"perms\":\"bpm:form:update\",\"status\":\"0\",\"visible\":\"0\"}', '{\"msg\":\"\",\"code\":200}', 0, NULL, '2022-08-16 21:59:39');
INSERT INTO `sys_oper_log` VALUES (49, '', 1, 'com.ruoyi.web.controller.system.SysMenuController.add()', 'POST', 1, 'admin', NULL, '/system/menu', '127.0.0.1', 'IP', '{\"children\":[],\"createBy\":\"admin\",\"isCache\":\"0\",\"isFrame\":\"1\",\"menuName\":\"\",\"menuType\":\"F\",\"orderNum\":4,\"params\":{},\"parentId\":2005,\"perms\":\"bpm:form:delete\",\"status\":\"0\",\"visible\":\"0\"}', '{\"msg\":\"\",\"code\":200}', 0, NULL, '2022-08-16 21:59:57');
INSERT INTO `sys_oper_log` VALUES (50, '', 1, 'com.ruoyi.web.controller.system.SysMenuController.add()', 'POST', 1, 'admin', NULL, '/system/menu', '127.0.0.1', 'IP', '{\"children\":[],\"createBy\":\"admin\",\"isCache\":\"0\",\"isFrame\":\"1\",\"menuName\":\"\",\"menuType\":\"F\",\"orderNum\":5,\"params\":{},\"parentId\":2005,\"perms\":\"bpm:form:export\",\"status\":\"0\",\"visible\":\"0\"}', '{\"msg\":\"\",\"code\":200}', 0, NULL, '2022-08-16 22:00:13');
INSERT INTO `sys_oper_log` VALUES (51, '', 1, 'com.ruoyi.web.controller.system.SysMenuController.add()', 'POST', 1, 'admin', NULL, '/system/menu', '127.0.0.1', 'IP', '{\"children\":[],\"createBy\":\"admin\",\"icon\":\"build\",\"isCache\":\"0\",\"isFrame\":\"1\",\"menuName\":\"\",\"menuType\":\"M\",\"orderNum\":2,\"params\":{},\"parentId\":2004,\"path\":\"model\",\"status\":\"0\",\"visible\":\"0\"}', '{\"msg\":\"\",\"code\":200}', 0, NULL, '2022-08-18 10:44:58');
INSERT INTO `sys_oper_log` VALUES (52, '', 2, 'com.ruoyi.web.controller.system.SysMenuController.edit()', 'PUT', 1, 'admin', NULL, '/system/menu', '127.0.0.1', 'IP', '{\"children\":[],\"component\":\"bpm/model/index\",\"createTime\":\"2022-08-18 10:44:58\",\"icon\":\"build\",\"isCache\":\"0\",\"isFrame\":\"1\",\"menuId\":2011,\"menuName\":\"\",\"menuType\":\"C\",\"orderNum\":2,\"params\":{},\"parentId\":2004,\"path\":\"model\",\"perms\":\"\",\"status\":\"0\",\"updateBy\":\"admin\",\"visible\":\"0\"}', '{\"msg\":\"\",\"code\":200}', 0, NULL, '2022-08-18 10:45:52');
INSERT INTO `sys_oper_log` VALUES (53, '', 1, 'com.ruoyi.web.controller.system.SysMenuController.add()', 'POST', 1, 'admin', NULL, '/system/menu', '127.0.0.1', 'IP', '{\"children\":[],\"createBy\":\"admin\",\"isCache\":\"0\",\"isFrame\":\"1\",\"menuName\":\"\",\"menuType\":\"F\",\"orderNum\":1,\"params\":{},\"parentId\":2011,\"perms\":\"bpm:model:query\",\"status\":\"0\",\"visible\":\"0\"}', '{\"msg\":\"\",\"code\":200}', 0, NULL, '2022-08-18 10:46:18');
INSERT INTO `sys_oper_log` VALUES (54, '', 1, 'com.ruoyi.web.controller.system.SysMenuController.add()', 'POST', 1, 'admin', NULL, '/system/menu', '127.0.0.1', 'IP', '{\"children\":[],\"createBy\":\"admin\",\"isCache\":\"0\",\"isFrame\":\"1\",\"menuName\":\"\",\"menuType\":\"F\",\"orderNum\":2,\"params\":{},\"parentId\":2011,\"perms\":\"bpm:model:create\",\"status\":\"0\",\"visible\":\"0\"}', '{\"msg\":\"\",\"code\":200}', 0, NULL, '2022-08-18 10:46:36');
INSERT INTO `sys_oper_log` VALUES (55, '', 1, 'com.ruoyi.web.controller.system.SysMenuController.add()', 'POST', 1, 'admin', NULL, '/system/menu', '127.0.0.1', 'IP', '{\"children\":[],\"createBy\":\"admin\",\"isCache\":\"0\",\"isFrame\":\"1\",\"menuName\":\"\",\"menuType\":\"F\",\"orderNum\":3,\"params\":{},\"parentId\":2011,\"perms\":\"bpm:model:import\",\"status\":\"0\",\"visible\":\"0\"}', '{\"msg\":\"\",\"code\":200}', 0, NULL, '2022-08-18 10:46:52');
INSERT INTO `sys_oper_log` VALUES (56, '', 1, 'com.ruoyi.web.controller.system.SysMenuController.add()', 'POST', 1, 'admin', NULL, '/system/menu', '127.0.0.1', 'IP', '{\"children\":[],\"createBy\":\"admin\",\"isCache\":\"0\",\"isFrame\":\"1\",\"menuName\":\"\",\"menuType\":\"F\",\"orderNum\":4,\"params\":{},\"parentId\":2011,\"perms\":\"bpm:model:update\",\"status\":\"0\",\"visible\":\"0\"}', '{\"msg\":\"\",\"code\":200}', 0, NULL, '2022-08-18 10:47:09');
INSERT INTO `sys_oper_log` VALUES (57, '', 1, 'com.ruoyi.web.controller.system.SysMenuController.add()', 'POST', 1, 'admin', NULL, '/system/menu', '127.0.0.1', 'IP', '{\"children\":[],\"createBy\":\"admin\",\"isCache\":\"0\",\"isFrame\":\"1\",\"menuName\":\"\",\"menuType\":\"F\",\"orderNum\":5,\"params\":{},\"parentId\":2011,\"perms\":\"bpm:model:delete\",\"status\":\"0\",\"visible\":\"0\"}', '{\"msg\":\"\",\"code\":200}', 0, NULL, '2022-08-18 10:47:31');
INSERT INTO `sys_oper_log` VALUES (58, '', 1, 'com.ruoyi.web.controller.system.SysMenuController.add()', 'POST', 1, 'admin', NULL, '/system/menu', '127.0.0.1', 'IP', '{\"children\":[],\"createBy\":\"admin\",\"isCache\":\"0\",\"isFrame\":\"1\",\"menuName\":\"\",\"menuType\":\"F\",\"orderNum\":6,\"params\":{},\"parentId\":2011,\"perms\":\"bpm:model:deploy\",\"status\":\"0\",\"visible\":\"0\"}', '{\"msg\":\"\",\"code\":200}', 0, NULL, '2022-08-18 10:47:46');
INSERT INTO `sys_oper_log` VALUES (59, '', 1, 'com.ruoyi.web.controller.system.SysDictTypeController.add()', 'POST', 1, 'admin', NULL, '/system/dict/type', '127.0.0.1', 'IP', '{\"createBy\":\"admin\",\"dictName\":\"\",\"dictType\":\"bpm_model_category\",\"params\":{},\"remark\":\"\",\"status\":\"0\"}', '{\"msg\":\"\",\"code\":200}', 0, NULL, '2022-08-18 10:58:46');
INSERT INTO `sys_oper_log` VALUES (60, '', 1, 'com.ruoyi.web.controller.system.SysDictTypeController.add()', 'POST', 1, 'admin', NULL, '/system/dict/type', '127.0.0.1', 'IP', '{\"createBy\":\"admin\",\"dictName\":\"\",\"dictType\":\"bpm_process_instance_status\",\"params\":{},\"remark\":\"\",\"status\":\"0\"}', '{\"msg\":\"\",\"code\":200}', 0, NULL, '2022-08-18 10:58:58');
INSERT INTO `sys_oper_log` VALUES (61, '', 1, 'com.ruoyi.web.controller.system.SysDictTypeController.add()', 'POST', 1, 'admin', NULL, '/system/dict/type', '127.0.0.1', 'IP', '{\"createBy\":\"admin\",\"dictName\":\"\",\"dictType\":\"bpm_process_instance_result\",\"params\":{},\"remark\":\"\",\"status\":\"0\"}', '{\"msg\":\"\",\"code\":200}', 0, NULL, '2022-08-18 10:59:09');
INSERT INTO `sys_oper_log` VALUES (62, '', 1, 'com.ruoyi.web.controller.system.SysDictTypeController.add()', 'POST', 1, 'admin', NULL, '/system/dict/type', '127.0.0.1', 'IP', '{\"createBy\":\"admin\",\"dictName\":\"\",\"dictType\":\"bpm_model_form_type\",\"params\":{},\"remark\":\"\",\"status\":\"0\"}', '{\"msg\":\"\",\"code\":200}', 0, NULL, '2022-08-18 10:59:20');
INSERT INTO `sys_oper_log` VALUES (63, '', 1, 'com.ruoyi.web.controller.system.SysDictTypeController.add()', 'POST', 1, 'admin', NULL, '/system/dict/type', '127.0.0.1', 'IP', '{\"createBy\":\"admin\",\"dictName\":\"\",\"dictType\":\"bpm_task_assign_rule_type\",\"params\":{},\"remark\":\"\",\"status\":\"0\"}', '{\"msg\":\"\",\"code\":200}', 0, NULL, '2022-08-18 10:59:33');
INSERT INTO `sys_oper_log` VALUES (64, '', 1, 'com.ruoyi.web.controller.system.SysDictTypeController.add()', 'POST', 1, 'admin', NULL, '/system/dict/type', '127.0.0.1', 'IP', '{\"createBy\":\"admin\",\"dictName\":\"\",\"dictType\":\"bpm_task_assign_script\",\"params\":{},\"remark\":\"\",\"status\":\"0\"}', '{\"msg\":\"\",\"code\":200}', 0, NULL, '2022-08-18 10:59:45');
INSERT INTO `sys_oper_log` VALUES (65, '', 1, 'com.ruoyi.web.controller.system.SysDictDataController.add()', 'POST', 1, 'admin', NULL, '/system/dict/data', '127.0.0.1', 'IP', '{\"createBy\":\"admin\",\"cssClass\":\"\",\"default\":false,\"dictLabel\":\"\",\"dictSort\":1,\"dictType\":\"bpm_model_category\",\"dictValue\":\"1\",\"listClass\":\"primary\",\"params\":{},\"remark\":\" - \",\"status\":\"0\"}', '{\"msg\":\"\",\"code\":200}', 0, NULL, '2022-08-18 11:02:17');
INSERT INTO `sys_oper_log` VALUES (66, '', 1, 'com.ruoyi.web.controller.system.SysDictDataController.add()', 'POST', 1, 'admin', NULL, '/system/dict/data', '127.0.0.1', 'IP', '{\"createBy\":\"admin\",\"default\":false,\"dictLabel\":\"OA\",\"dictSort\":0,\"dictType\":\"bpm_model_category\",\"dictValue\":\"2\",\"listClass\":\"success\",\"params\":{},\"remark\":\" - OA\",\"status\":\"0\"}', '{\"msg\":\"\",\"code\":200}', 0, NULL, '2022-08-18 11:02:44');
INSERT INTO `sys_oper_log` VALUES (67, '', 1, 'com.ruoyi.web.controller.system.SysDictDataController.add()', 'POST', 1, 'admin', NULL, '/system/dict/data', '127.0.0.1', 'IP', '{\"createBy\":\"admin\",\"default\":false,\"dictLabel\":\"\",\"dictSort\":0,\"dictType\":\"bpm_process_instance_status\",\"dictValue\":\"1\",\"listClass\":\"primary\",\"params\":{},\"remark\":\" - \",\"status\":\"0\"}', '{\"msg\":\"\",\"code\":200}', 0, NULL, '2022-08-18 11:04:17');
INSERT INTO `sys_oper_log` VALUES (68, '', 1, 'com.ruoyi.web.controller.system.SysDictDataController.add()', 'POST', 1, 'admin', NULL, '/system/dict/data', '127.0.0.1', 'IP', '{\"createBy\":\"admin\",\"default\":false,\"dictLabel\":\"\",\"dictSort\":2,\"dictType\":\"bpm_process_instance_status\",\"dictValue\":\"2\",\"listClass\":\"success\",\"params\":{},\"remark\":\" - \",\"status\":\"0\"}', '{\"msg\":\"\",\"code\":200}', 0, NULL, '2022-08-18 11:04:44');
INSERT INTO `sys_oper_log` VALUES (69, '', 2, 'com.ruoyi.web.controller.system.SysDictDataController.edit()', 'PUT', 1, 'admin', NULL, '/system/dict/data', '127.0.0.1', 'IP', '{\"createBy\":\"admin\",\"createTime\":\"2022-08-18 11:04:17\",\"default\":false,\"dictCode\":33,\"dictLabel\":\"\",\"dictSort\":1,\"dictType\":\"bpm_process_instance_status\",\"dictValue\":\"1\",\"isDefault\":\"N\",\"listClass\":\"primary\",\"params\":{},\"remark\":\" - \",\"status\":\"0\",\"updateBy\":\"admin\"}', '{\"msg\":\"\",\"code\":200}', 0, NULL, '2022-08-18 11:04:50');
INSERT INTO `sys_oper_log` VALUES (70, '', 1, 'com.ruoyi.web.controller.system.SysDictDataController.add()', 'POST', 1, 'admin', NULL, '/system/dict/data', '127.0.0.1', 'IP', '{\"createBy\":\"admin\",\"default\":false,\"dictLabel\":\"\",\"dictSort\":1,\"dictType\":\"bpm_process_instance_result\",\"dictValue\":\"1\",\"listClass\":\"primary\",\"params\":{},\"remark\":\" - \",\"status\":\"0\"}', '{\"msg\":\"\",\"code\":200}', 0, NULL, '2022-08-18 11:05:24');
INSERT INTO `sys_oper_log` VALUES (71, '', 1, 'com.ruoyi.web.controller.system.SysDictDataController.add()', 'POST', 1, 'admin', NULL, '/system/dict/data', '127.0.0.1', 'IP', '{\"createBy\":\"admin\",\"default\":false,\"dictLabel\":\"\",\"dictSort\":2,\"dictType\":\"bpm_process_instance_result\",\"dictValue\":\"2\",\"listClass\":\"success\",\"params\":{},\"remark\":\" - \",\"status\":\"0\"}', '{\"msg\":\"\",\"code\":200}', 0, NULL, '2022-08-18 11:05:37');
INSERT INTO `sys_oper_log` VALUES (72, '', 1, 'com.ruoyi.web.controller.system.SysDictDataController.add()', 'POST', 1, 'admin', NULL, '/system/dict/data', '127.0.0.1', 'IP', '{\"createBy\":\"admin\",\"default\":false,\"dictLabel\":\"\",\"dictSort\":3,\"dictType\":\"bpm_process_instance_result\",\"dictValue\":\"3\",\"listClass\":\"danger\",\"params\":{},\"remark\":\" - \",\"status\":\"0\"}', '{\"msg\":\"\",\"code\":200}', 0, NULL, '2022-08-18 11:06:10');
INSERT INTO `sys_oper_log` VALUES (73, '', 1, 'com.ruoyi.web.controller.system.SysDictDataController.add()', 'POST', 1, 'admin', NULL, '/system/dict/data', '127.0.0.1', 'IP', '{\"createBy\":\"admin\",\"default\":false,\"dictLabel\":\"\",\"dictSort\":4,\"dictType\":\"bpm_process_instance_result\",\"dictValue\":\"4\",\"listClass\":\"info\",\"params\":{},\"remark\":\" - \",\"status\":\"0\"}', '{\"msg\":\"\",\"code\":200}', 0, NULL, '2022-08-18 11:06:33');
INSERT INTO `sys_oper_log` VALUES (74, '', 1, 'com.ruoyi.web.controller.system.SysDictDataController.add()', 'POST', 1, 'admin', NULL, '/system/dict/data', '127.0.0.1', 'IP', '{\"createBy\":\"admin\",\"default\":false,\"dictLabel\":\"\",\"dictSort\":1,\"dictType\":\"bpm_model_form_type\",\"dictValue\":\"1\",\"listClass\":\"default\",\"params\":{},\"remark\":\" - \",\"status\":\"0\"}', '{\"msg\":\"\",\"code\":200}', 0, NULL, '2022-08-18 11:07:54');
INSERT INTO `sys_oper_log` VALUES (75, '', 1, 'com.ruoyi.web.controller.system.SysDictDataController.add()', 'POST', 1, 'admin', NULL, '/system/dict/data', '127.0.0.1', 'IP', '{\"createBy\":\"admin\",\"default\":false,\"dictLabel\":\"\",\"dictSort\":2,\"dictType\":\"bpm_model_form_type\",\"dictValue\":\"2\",\"listClass\":\"default\",\"params\":{},\"remark\":\" - \",\"status\":\"0\"}', '{\"msg\":\"\",\"code\":200}', 0, NULL, '2022-08-18 11:08:24');
INSERT INTO `sys_oper_log` VALUES (76, '', 1, 'com.ruoyi.web.controller.system.SysDictDataController.add()', 'POST', 1, 'admin', NULL, '/system/dict/data', '127.0.0.1', 'IP', '{\"createBy\":\"admin\",\"default\":false,\"dictLabel\":\"\",\"dictSort\":1,\"dictType\":\"bpm_task_assign_rule_type\",\"dictValue\":\"1\",\"listClass\":\"default\",\"params\":{},\"remark\":\" - \",\"status\":\"0\"}', '{\"msg\":\"\",\"code\":200}', 0, NULL, '2022-08-18 11:09:32');
INSERT INTO `sys_oper_log` VALUES (77, '', 1, 'com.ruoyi.web.controller.system.SysDictDataController.add()', 'POST', 1, 'admin', NULL, '/system/dict/data', '127.0.0.1', 'IP', '{\"createBy\":\"admin\",\"default\":false,\"dictLabel\":\"\",\"dictSort\":2,\"dictType\":\"bpm_task_assign_rule_type\",\"dictValue\":\"2\",\"listClass\":\"default\",\"params\":{},\"remark\":\" - \",\"status\":\"0\"}', '{\"msg\":\"\",\"code\":200}', 0, NULL, '2022-08-18 11:10:18');
INSERT INTO `sys_oper_log` VALUES (78, '', 1, 'com.ruoyi.web.controller.system.SysDictDataController.add()', 'POST', 1, 'admin', NULL, '/system/dict/data', '127.0.0.1', 'IP', '{\"createBy\":\"admin\",\"default\":false,\"dictLabel\":\"\",\"dictSort\":3,\"dictType\":\"bpm_task_assign_rule_type\",\"dictValue\":\"3\",\"listClass\":\"default\",\"params\":{},\"remark\":\" - \",\"status\":\"0\"}', '{\"msg\":\"\",\"code\":200}', 0, NULL, '2022-08-18 11:10:39');
INSERT INTO `sys_oper_log` VALUES (79, '', 1, 'com.ruoyi.web.controller.system.SysDictDataController.add()', 'POST', 1, 'admin', NULL, '/system/dict/data', '127.0.0.1', 'IP', '{\"createBy\":\"admin\",\"default\":false,\"dictLabel\":\"\",\"dictSort\":4,\"dictType\":\"bpm_task_assign_rule_type\",\"dictValue\":\"4\",\"listClass\":\"default\",\"params\":{},\"remark\":\" - \",\"status\":\"0\"}', '{\"msg\":\"\",\"code\":200}', 0, NULL, '2022-08-18 11:10:53');
INSERT INTO `sys_oper_log` VALUES (80, '', 1, 'com.ruoyi.web.controller.system.SysDictDataController.add()', 'POST', 1, 'admin', NULL, '/system/dict/data', '127.0.0.1', 'IP', '{\"createBy\":\"admin\",\"default\":false,\"dictLabel\":\"\",\"dictSort\":5,\"dictType\":\"bpm_task_assign_rule_type\",\"dictValue\":\"5\",\"listClass\":\"default\",\"params\":{},\"remark\":\" - \",\"status\":\"0\"}', '{\"msg\":\"\",\"code\":200}', 0, NULL, '2022-08-18 11:11:11');
INSERT INTO `sys_oper_log` VALUES (81, '', 1, 'com.ruoyi.web.controller.system.SysDictDataController.add()', 'POST', 1, 'admin', NULL, '/system/dict/data', '127.0.0.1', 'IP', '{\"createBy\":\"admin\",\"default\":false,\"dictLabel\":\"\",\"dictSort\":6,\"dictType\":\"bpm_task_assign_rule_type\",\"dictValue\":\"6\",\"listClass\":\"default\",\"params\":{},\"remark\":\" - \",\"status\":\"0\"}', '{\"msg\":\"\",\"code\":200}', 0, NULL, '2022-08-18 11:11:40');
INSERT INTO `sys_oper_log` VALUES (82, '', 1, 'com.ruoyi.web.controller.system.SysDictDataController.add()', 'POST', 1, 'admin', NULL, '/system/dict/data', '127.0.0.1', 'IP', '{\"createBy\":\"admin\",\"default\":false,\"dictLabel\":\"\",\"dictSort\":7,\"dictType\":\"bpm_task_assign_rule_type\",\"dictValue\":\"7\",\"listClass\":\"default\",\"params\":{},\"remark\":\" - \",\"status\":\"0\"}', '{\"msg\":\"\",\"code\":200}', 0, NULL, '2022-08-18 11:11:57');
INSERT INTO `sys_oper_log` VALUES (83, '', 2, 'com.ruoyi.web.controller.system.SysDictDataController.edit()', 'PUT', 1, 'admin', NULL, '/system/dict/data', '127.0.0.1', 'IP', '{\"createBy\":\"admin\",\"createTime\":\"2022-08-18 11:09:32\",\"default\":false,\"dictCode\":41,\"dictLabel\":\"\",\"dictSort\":1,\"dictType\":\"bpm_task_assign_rule_type\",\"dictValue\":\"1\",\"isDefault\":\"N\",\"listClass\":\"info\",\"params\":{},\"remark\":\" - \",\"status\":\"0\",\"updateBy\":\"admin\"}', '{\"msg\":\"\",\"code\":200}', 0, NULL, '2022-08-18 11:12:07');
INSERT INTO `sys_oper_log` VALUES (84, '', 2, 'com.ruoyi.web.controller.system.SysDictDataController.edit()', 'PUT', 1, 'admin', NULL, '/system/dict/data', '127.0.0.1', 'IP', '{\"createBy\":\"admin\",\"createTime\":\"2022-08-18 11:10:18\",\"default\":false,\"dictCode\":42,\"dictLabel\":\"\",\"dictSort\":2,\"dictType\":\"bpm_task_assign_rule_type\",\"dictValue\":\"2\",\"isDefault\":\"N\",\"listClass\":\"primary\",\"params\":{},\"remark\":\" - \",\"status\":\"0\",\"updateBy\":\"admin\"}', '{\"msg\":\"\",\"code\":200}', 0, NULL, '2022-08-18 11:12:15');
INSERT INTO `sys_oper_log` VALUES (85, '', 2, 'com.ruoyi.web.controller.system.SysDictDataController.edit()', 'PUT', 1, 'admin', NULL, '/system/dict/data', '127.0.0.1', 'IP', '{\"createBy\":\"admin\",\"createTime\":\"2022-08-18 11:10:39\",\"default\":false,\"dictCode\":43,\"dictLabel\":\"\",\"dictSort\":3,\"dictType\":\"bpm_task_assign_rule_type\",\"dictValue\":\"3\",\"isDefault\":\"N\",\"listClass\":\"primary\",\"params\":{},\"remark\":\" - \",\"status\":\"0\",\"updateBy\":\"admin\"}', '{\"msg\":\"\",\"code\":200}', 0, NULL, '2022-08-18 11:12:20');
INSERT INTO `sys_oper_log` VALUES (86, '', 2, 'com.ruoyi.web.controller.system.SysDictDataController.edit()', 'PUT', 1, 'admin', NULL, '/system/dict/data', '127.0.0.1', 'IP', '{\"createBy\":\"admin\",\"createTime\":\"2022-08-18 11:10:53\",\"default\":false,\"dictCode\":44,\"dictLabel\":\"\",\"dictSort\":4,\"dictType\":\"bpm_task_assign_rule_type\",\"dictValue\":\"4\",\"isDefault\":\"N\",\"listClass\":\"info\",\"params\":{},\"remark\":\" - \",\"status\":\"0\",\"updateBy\":\"admin\"}', '{\"msg\":\"\",\"code\":200}', 0, NULL, '2022-08-18 11:12:31');
INSERT INTO `sys_oper_log` VALUES (87, '', 2, 'com.ruoyi.web.controller.system.SysDictDataController.edit()', 'PUT', 1, 'admin', NULL, '/system/dict/data', '127.0.0.1', 'IP', '{\"createBy\":\"admin\",\"createTime\":\"2022-08-18 11:11:11\",\"default\":false,\"dictCode\":45,\"dictLabel\":\"\",\"dictSort\":5,\"dictType\":\"bpm_task_assign_rule_type\",\"dictValue\":\"5\",\"isDefault\":\"N\",\"listClass\":\"warning\",\"params\":{},\"remark\":\" - \",\"status\":\"0\",\"updateBy\":\"admin\"}', '{\"msg\":\"\",\"code\":200}', 0, NULL, '2022-08-18 11:12:36');
INSERT INTO `sys_oper_log` VALUES (88, '', 2, 'com.ruoyi.web.controller.system.SysDictDataController.edit()', 'PUT', 1, 'admin', NULL, '/system/dict/data', '127.0.0.1', 'IP', '{\"createBy\":\"admin\",\"createTime\":\"2022-08-18 11:11:40\",\"default\":false,\"dictCode\":46,\"dictLabel\":\"\",\"dictSort\":6,\"dictType\":\"bpm_task_assign_rule_type\",\"dictValue\":\"6\",\"isDefault\":\"N\",\"listClass\":\"danger\",\"params\":{},\"remark\":\" - \",\"status\":\"0\",\"updateBy\":\"admin\"}', '{\"msg\":\"\",\"code\":200}', 0, NULL, '2022-08-18 11:12:42');
INSERT INTO `sys_oper_log` VALUES (89, '', 2, 'com.ruoyi.web.controller.system.SysDictDataController.edit()', 'PUT', 1, 'admin', NULL, '/system/dict/data', '127.0.0.1', 'IP', '{\"createBy\":\"admin\",\"createTime\":\"2022-08-18 11:11:57\",\"default\":false,\"dictCode\":47,\"dictLabel\":\"\",\"dictSort\":7,\"dictType\":\"bpm_task_assign_rule_type\",\"dictValue\":\"7\",\"isDefault\":\"N\",\"listClass\":\"success\",\"params\":{},\"remark\":\" - \",\"status\":\"0\",\"updateBy\":\"admin\"}', '{\"msg\":\"\",\"code\":200}', 0, NULL, '2022-08-18 11:12:46');
INSERT INTO `sys_oper_log` VALUES (90, '', 1, 'com.ruoyi.web.controller.system.SysDictDataController.add()', 'POST', 1, 'admin', NULL, '/system/dict/data', '127.0.0.1', 'IP', '{\"createBy\":\"admin\",\"default\":false,\"dictLabel\":\"\",\"dictSort\":1,\"dictType\":\"bpm_task_assign_script\",\"dictValue\":\"1\",\"listClass\":\"default\",\"params\":{},\"remark\":\" - \",\"status\":\"0\"}', '{\"msg\":\"\",\"code\":200}', 0, NULL, '2022-08-18 11:13:28');
INSERT INTO `sys_oper_log` VALUES (91, '', 1, 'com.ruoyi.web.controller.system.SysDictDataController.add()', 'POST', 1, 'admin', NULL, '/system/dict/data', '127.0.0.1', 'IP', '{\"createBy\":\"admin\",\"default\":false,\"dictLabel\":\"\",\"dictSort\":2,\"dictType\":\"bpm_task_assign_script\",\"dictValue\":\"2\",\"listClass\":\"default\",\"params\":{},\"remark\":\" - \",\"status\":\"0\"}', '{\"msg\":\"\",\"code\":200}', 0, NULL, '2022-08-18 11:13:44');
INSERT INTO `sys_oper_log` VALUES (92, '', 1, 'com.ruoyi.web.controller.system.SysDictDataController.add()', 'POST', 1, 'admin', NULL, '/system/dict/data', '127.0.0.1', 'IP', '{\"createBy\":\"admin\",\"default\":false,\"dictLabel\":\"\",\"dictSort\":3,\"dictType\":\"bpm_task_assign_script\",\"dictValue\":\"3\",\"listClass\":\"default\",\"params\":{},\"remark\":\" - \",\"status\":\"0\"}', '{\"msg\":\"\",\"code\":200}', 0, NULL, '2022-08-18 11:13:56');
INSERT INTO `sys_oper_log` VALUES (93, '', 2, 'com.ruoyi.web.controller.system.SysDictDataController.edit()', 'PUT', 1, 'admin', NULL, '/system/dict/data', '127.0.0.1', 'IP', '{\"createBy\":\"admin\",\"createTime\":\"2022-08-18 11:09:32\",\"default\":false,\"dictCode\":41,\"dictLabel\":\"\",\"dictSort\":1,\"dictType\":\"bpm_task_assign_rule_type\",\"dictValue\":\"10\",\"isDefault\":\"N\",\"listClass\":\"info\",\"params\":{},\"remark\":\" - \",\"status\":\"0\",\"updateBy\":\"admin\"}', '{\"msg\":\"\",\"code\":200}', 0, NULL, '2022-08-18 14:03:53');
INSERT INTO `sys_oper_log` VALUES (94, '', 2, 'com.ruoyi.web.controller.system.SysDictDataController.edit()', 'PUT', 1, 'admin', NULL, '/system/dict/data', '127.0.0.1', 'IP', '{\"createBy\":\"admin\",\"createTime\":\"2022-08-18 11:10:18\",\"default\":false,\"dictCode\":42,\"dictLabel\":\"\",\"dictSort\":2,\"dictType\":\"bpm_task_assign_rule_type\",\"dictValue\":\"20\",\"isDefault\":\"N\",\"listClass\":\"primary\",\"params\":{},\"remark\":\" - \",\"status\":\"0\",\"updateBy\":\"admin\"}', '{\"msg\":\"\",\"code\":200}', 0, NULL, '2022-08-18 14:04:02');
INSERT INTO `sys_oper_log` VALUES (95, '', 2, 'com.ruoyi.web.controller.system.SysDictDataController.edit()', 'PUT', 1, 'admin', NULL, '/system/dict/data', '127.0.0.1', 'IP', '{\"createBy\":\"admin\",\"createTime\":\"2022-08-18 11:10:39\",\"default\":false,\"dictCode\":43,\"dictLabel\":\"\",\"dictSort\":3,\"dictType\":\"bpm_task_assign_rule_type\",\"dictValue\":\"21\",\"isDefault\":\"N\",\"listClass\":\"primary\",\"params\":{},\"remark\":\" - \",\"status\":\"0\",\"updateBy\":\"admin\"}', '{\"msg\":\"\",\"code\":200}', 0, NULL, '2022-08-18 14:04:58');
INSERT INTO `sys_oper_log` VALUES (96, '', 2, 'com.ruoyi.web.controller.system.SysDictDataController.edit()', 'PUT', 1, 'admin', NULL, '/system/dict/data', '127.0.0.1', 'IP', '{\"createBy\":\"admin\",\"createTime\":\"2022-08-18 11:10:53\",\"default\":false,\"dictCode\":44,\"dictLabel\":\"\",\"dictSort\":4,\"dictType\":\"bpm_task_assign_rule_type\",\"dictValue\":\"30\",\"isDefault\":\"N\",\"listClass\":\"info\",\"params\":{},\"remark\":\" - \",\"status\":\"0\",\"updateBy\":\"admin\"}', '{\"msg\":\"\",\"code\":200}', 0, NULL, '2022-08-18 14:05:12');
INSERT INTO `sys_oper_log` VALUES (97, '', 2, 'com.ruoyi.web.controller.system.SysDictDataController.edit()', 'PUT', 1, 'admin', NULL, '/system/dict/data', '127.0.0.1', 'IP', '{\"createBy\":\"admin\",\"createTime\":\"2022-08-18 11:11:11\",\"default\":false,\"dictCode\":45,\"dictLabel\":\"\",\"dictSort\":5,\"dictType\":\"bpm_task_assign_rule_type\",\"dictValue\":\"40\",\"isDefault\":\"N\",\"listClass\":\"warning\",\"params\":{},\"remark\":\" - \",\"status\":\"0\",\"updateBy\":\"admin\"}', '{\"msg\":\"\",\"code\":200}', 0, NULL, '2022-08-18 14:05:16');
INSERT INTO `sys_oper_log` VALUES (98, '', 2, 'com.ruoyi.web.controller.system.SysDictDataController.edit()', 'PUT', 1, 'admin', NULL, '/system/dict/data', '127.0.0.1', 'IP', '{\"createBy\":\"admin\",\"createTime\":\"2022-08-18 11:11:40\",\"default\":false,\"dictCode\":46,\"dictLabel\":\"\",\"dictSort\":6,\"dictType\":\"bpm_task_assign_rule_type\",\"dictValue\":\"50\",\"isDefault\":\"N\",\"listClass\":\"danger\",\"params\":{},\"remark\":\" - \",\"status\":\"0\",\"updateBy\":\"admin\"}', '{\"msg\":\"\",\"code\":200}', 0, NULL, '2022-08-18 14:05:20');
INSERT INTO `sys_oper_log` VALUES (99, '', 2, 'com.ruoyi.web.controller.system.SysDictDataController.edit()', 'PUT', 1, 'admin', NULL, '/system/dict/data', '127.0.0.1', 'IP', '{\"createBy\":\"admin\",\"createTime\":\"2022-08-18 11:11:57\",\"default\":false,\"dictCode\":47,\"dictLabel\":\"\",\"dictSort\":7,\"dictType\":\"bpm_task_assign_rule_type\",\"dictValue\":\"22\",\"isDefault\":\"N\",\"listClass\":\"success\",\"params\":{},\"remark\":\" - \",\"status\":\"0\",\"updateBy\":\"admin\"}', '{\"msg\":\"\",\"code\":200}', 0, NULL, '2022-08-18 14:05:24');
INSERT INTO `sys_oper_log` VALUES (100, '', 2, 'com.ruoyi.web.controller.system.SysDictDataController.edit()', 'PUT', 1, 'admin', NULL, '/system/dict/data', '192.168.1.113', 'IP', '{\"createBy\":\"admin\",\"createTime\":\"2022-08-18 11:07:53\",\"default\":false,\"dictCode\":39,\"dictLabel\":\"\",\"dictSort\":1,\"dictType\":\"bpm_model_form_type\",\"dictValue\":\"10\",\"isDefault\":\"N\",\"listClass\":\"default\",\"params\":{},\"remark\":\" - \",\"status\":\"0\",\"updateBy\":\"admin\"}', '{\"msg\":\"\",\"code\":200}', 0, NULL, '2022-08-18 14:50:34');
INSERT INTO `sys_oper_log` VALUES (101, '', 2, 'com.ruoyi.web.controller.system.SysDictDataController.edit()', 'PUT', 1, 'admin', NULL, '/system/dict/data', '192.168.1.113', 'IP', '{\"createBy\":\"admin\",\"createTime\":\"2022-08-18 11:08:24\",\"default\":false,\"dictCode\":40,\"dictLabel\":\"\",\"dictSort\":2,\"dictType\":\"bpm_model_form_type\",\"dictValue\":\"20\",\"isDefault\":\"N\",\"listClass\":\"default\",\"params\":{},\"remark\":\" - \",\"status\":\"0\",\"updateBy\":\"admin\"}', '{\"msg\":\"\",\"code\":200}', 0, NULL, '2022-08-18 14:50:37');
INSERT INTO `sys_oper_log` VALUES (102, '', 2, 'com.ruoyi.web.controller.system.SysUserController.edit()', 'PUT', 1, 'admin', NULL, '/system/user', '192.168.1.113', 'IP', '{\"admin\":false,\"avatar\":\"\",\"createBy\":\"admin\",\"createTime\":\"2022-07-30 12:09:02\",\"delFlag\":\"0\",\"dept\":{\"ancestors\":\"0,100,101\",\"children\":[],\"deptId\":105,\"deptName\":\"\",\"leader\":\"\",\"orderNum\":3,\"params\":{},\"parentId\":101,\"status\":\"0\"},\"deptId\":101,\"email\":\"ry@qq.com\",\"loginDate\":\"2022-07-30 12:09:02\",\"loginIp\":\"127.0.0.1\",\"nickName\":\"\",\"params\":{},\"phonenumber\":\"15666666666\",\"postIds\":[2],\"remark\":\"\",\"roleIds\":[2],\"roles\":[{\"admin\":false,\"dataScope\":\"2\",\"deptCheckStrictly\":false,\"flag\":false,\"menuCheckStrictly\":false,\"params\":{},\"roleId\":2,\"roleKey\":\"common\",\"roleName\":\"\",\"roleSort\":\"2\",\"status\":\"0\"}],\"sex\":\"1\",\"status\":\"0\",\"updateBy\":\"admin\",\"userId\":2,\"userName\":\"ry\"}', '{\"msg\":\"\",\"code\":200}', 0, NULL, '2022-08-18 14:58:03');
INSERT INTO `sys_oper_log` VALUES (103, '', 1, 'com.ruoyi.web.controller.system.SysUserController.add()', 'POST', 1, 'admin', NULL, '/system/user', '192.168.1.113', 'IP', '{\"admin\":false,\"createBy\":\"admin\",\"deptId\":103,\"nickName\":\"\",\"params\":{},\"phonenumber\":\"15666668888\",\"postIds\":[4],\"remark\":\"\",\"roleIds\":[2],\"sex\":\"0\",\"status\":\"0\",\"userId\":3,\"userName\":\"puyg\"}', '{\"msg\":\"\",\"code\":200}', 0, NULL, '2022-08-18 14:59:06');
INSERT INTO `sys_oper_log` VALUES (104, '', 1, 'com.ruoyi.web.controller.system.SysUserController.add()', 'POST', 1, 'admin', NULL, '/system/user', '192.168.1.113', 'IP', '{\"admin\":false,\"createBy\":\"admin\",\"deptId\":100,\"nickName\":\"\",\"params\":{},\"phonenumber\":\"16688886666\",\"postIds\":[3],\"remark\":\"\",\"roleIds\":[2],\"sex\":\"1\",\"status\":\"0\",\"userId\":4,\"userName\":\"rl\"}', '{\"msg\":\"\",\"code\":200}', 0, NULL, '2022-08-18 14:59:59');
INSERT INTO `sys_oper_log` VALUES (105, '', 1, 'com.ruoyi.web.controller.system.SysMenuController.add()', 'POST', 1, 'admin', NULL, '/system/menu', '127.0.0.1', 'IP', '{\"children\":[],\"createBy\":\"admin\",\"isCache\":\"0\",\"isFrame\":\"1\",\"menuName\":\"\",\"menuType\":\"F\",\"orderNum\":7,\"params\":{},\"parentId\":2011,\"perms\":\"bpm:process-definition:query\",\"status\":\"0\",\"visible\":\"0\"}', '{\"msg\":\"\",\"code\":200}', 0, NULL, '2022-08-18 17:09:30');
INSERT INTO `sys_oper_log` VALUES (106, '', 1, 'com.ruoyi.web.controller.system.SysMenuController.add()', 'POST', 1, 'admin', NULL, '/system/menu', '127.0.0.1', 'IP', '{\"children\":[],\"createBy\":\"admin\",\"isCache\":\"0\",\"isFrame\":\"1\",\"menuName\":\"\",\"menuType\":\"F\",\"orderNum\":8,\"params\":{},\"parentId\":2011,\"perms\":\"bpm:task-assign-rule:query\",\"status\":\"0\",\"visible\":\"0\"}', '{\"msg\":\"\",\"code\":200}', 0, NULL, '2022-08-18 17:09:50');
INSERT INTO `sys_oper_log` VALUES (107, '', 1, 'com.ruoyi.web.controller.system.SysMenuController.add()', 'POST', 1, 'admin', NULL, '/system/menu', '127.0.0.1', 'IP', '{\"children\":[],\"createBy\":\"admin\",\"isCache\":\"0\",\"isFrame\":\"1\",\"menuName\":\"\",\"menuType\":\"F\",\"orderNum\":9,\"params\":{},\"parentId\":2011,\"perms\":\"bpm:task-assign-rule:create\",\"status\":\"0\",\"visible\":\"0\"}', '{\"msg\":\"\",\"code\":200}', 0, NULL, '2022-08-18 17:10:10');
INSERT INTO `sys_oper_log` VALUES (108, '', 1, 'com.ruoyi.web.controller.system.SysMenuController.add()', 'POST', 1, 'admin', NULL, '/system/menu', '127.0.0.1', 'IP', '{\"children\":[],\"createBy\":\"admin\",\"isCache\":\"0\",\"isFrame\":\"1\",\"menuName\":\"\",\"menuType\":\"F\",\"orderNum\":10,\"params\":{},\"parentId\":2011,\"perms\":\"bpm:task-assign-rule:update\",\"status\":\"0\",\"visible\":\"0\"}', '{\"msg\":\"\",\"code\":200}', 0, NULL, '2022-08-18 17:10:30');
INSERT INTO `sys_oper_log` VALUES (109, '', 1, 'com.ruoyi.web.controller.system.SysMenuController.add()', 'POST', 1, 'admin', NULL, '/system/menu', '127.0.0.1', 'IP', '{\"children\":[],\"component\":\"bpm/group/index\",\"createBy\":\"admin\",\"icon\":\"peoples\",\"isCache\":\"0\",\"isFrame\":\"1\",\"menuName\":\"\",\"menuType\":\"C\",\"orderNum\":3,\"params\":{},\"parentId\":2004,\"path\":\"user-group\",\"status\":\"0\",\"visible\":\"0\"}', '{\"msg\":\"\",\"code\":200}', 0, NULL, '2022-08-18 17:12:49');
INSERT INTO `sys_oper_log` VALUES (110, '', 1, 'com.ruoyi.web.controller.system.SysMenuController.add()', 'POST', 1, 'admin', NULL, '/system/menu', '127.0.0.1', 'IP', '{\"children\":[],\"createBy\":\"admin\",\"isCache\":\"0\",\"isFrame\":\"1\",\"menuName\":\"\",\"menuType\":\"F\",\"orderNum\":1,\"params\":{},\"parentId\":2022,\"perms\":\"bpm:user-group:query\",\"status\":\"0\",\"visible\":\"0\"}', '{\"msg\":\"\",\"code\":200}', 0, NULL, '2022-08-18 17:13:08');
INSERT INTO `sys_oper_log` VALUES (111, '', 1, 'com.ruoyi.web.controller.system.SysMenuController.add()', 'POST', 1, 'admin', NULL, '/system/menu', '127.0.0.1', 'IP', '{\"children\":[],\"createBy\":\"admin\",\"isCache\":\"0\",\"isFrame\":\"1\",\"menuName\":\"\",\"menuType\":\"F\",\"orderNum\":2,\"params\":{},\"parentId\":2022,\"perms\":\"bpm:user-group:create\",\"status\":\"0\",\"visible\":\"0\"}', '{\"msg\":\"\",\"code\":200}', 0, NULL, '2022-08-18 17:13:27');
INSERT INTO `sys_oper_log` VALUES (112, '', 1, 'com.ruoyi.web.controller.system.SysMenuController.add()', 'POST', 1, 'admin', NULL, '/system/menu', '127.0.0.1', 'IP', '{\"children\":[],\"createBy\":\"admin\",\"isCache\":\"0\",\"isFrame\":\"1\",\"menuName\":\"\",\"menuType\":\"F\",\"orderNum\":3,\"params\":{},\"parentId\":2022,\"perms\":\"bpm:user-group:update\",\"status\":\"0\",\"visible\":\"0\"}', '{\"msg\":\"\",\"code\":200}', 0, NULL, '2022-08-18 17:13:42');
INSERT INTO `sys_oper_log` VALUES (113, '', 1, 'com.ruoyi.web.controller.system.SysMenuController.add()', 'POST', 1, 'admin', NULL, '/system/menu', '127.0.0.1', 'IP', '{\"children\":[],\"createBy\":\"admin\",\"isCache\":\"0\",\"isFrame\":\"1\",\"menuName\":\"\",\"menuType\":\"F\",\"orderNum\":4,\"params\":{},\"parentId\":2022,\"perms\":\"bpm:user-group:delete\",\"status\":\"0\",\"visible\":\"0\"}', '{\"msg\":\"\",\"code\":200}', 0, NULL, '2022-08-18 17:13:57');
INSERT INTO `sys_oper_log` VALUES (114, '', 1, 'com.ruoyi.web.controller.system.SysMenuController.add()', 'POST', 1, 'admin', NULL, '/system/menu', '127.0.0.1', 'IP', '{\"children\":[],\"createBy\":\"admin\",\"icon\":\"build\",\"isCache\":\"0\",\"isFrame\":\"1\",\"menuName\":\"\",\"menuType\":\"M\",\"orderNum\":2,\"params\":{},\"parentId\":2003,\"path\":\"task\",\"status\":\"0\",\"visible\":\"0\"}', '{\"msg\":\"\",\"code\":200}', 0, NULL, '2022-08-18 17:45:51');
INSERT INTO `sys_oper_log` VALUES (115, '', 1, 'com.ruoyi.web.controller.system.SysMenuController.add()', 'POST', 1, 'admin', NULL, '/system/menu', '127.0.0.1', 'IP', '{\"children\":[],\"component\":\"bpm/processInstance/index\",\"createBy\":\"admin\",\"icon\":\"people\",\"isCache\":\"0\",\"isFrame\":\"1\",\"menuName\":\"\",\"menuType\":\"C\",\"orderNum\":1,\"params\":{},\"parentId\":2027,\"path\":\"my\",\"status\":\"0\",\"visible\":\"0\"}', '{\"msg\":\"\",\"code\":200}', 0, NULL, '2022-08-18 17:46:52');
INSERT INTO `sys_oper_log` VALUES (116, '', 1, 'com.ruoyi.web.controller.system.SysMenuController.add()', 'POST', 1, 'admin', NULL, '/system/menu', '127.0.0.1', 'IP', '{\"children\":[],\"component\":\"bpm/task/todo\",\"createBy\":\"admin\",\"icon\":\"eye-open\",\"isCache\":\"0\",\"isFrame\":\"1\",\"menuName\":\"\",\"menuType\":\"C\",\"orderNum\":2,\"params\":{},\"parentId\":2027,\"path\":\"todo\",\"status\":\"0\",\"visible\":\"0\"}', '{\"msg\":\"\",\"code\":200}', 0, NULL, '2022-08-18 17:47:56');
INSERT INTO `sys_oper_log` VALUES (117, '', 1, 'com.ruoyi.web.controller.system.SysMenuController.add()', 'POST', 1, 'admin', NULL, '/system/menu', '127.0.0.1', 'IP', '{\"children\":[],\"component\":\"bpm/task/done\",\"createBy\":\"admin\",\"icon\":\"eye\",\"isCache\":\"0\",\"isFrame\":\"1\",\"menuName\":\"\",\"menuType\":\"C\",\"orderNum\":3,\"params\":{},\"parentId\":2027,\"path\":\"done\",\"status\":\"0\",\"visible\":\"0\"}', '{\"msg\":\"\",\"code\":200}', 0, NULL, '2022-08-18 17:48:33');
INSERT INTO `sys_oper_log` VALUES (118, '', 1, 'com.ruoyi.web.controller.system.SysMenuController.add()', 'POST', 1, 'admin', NULL, '/system/menu', '127.0.0.1', 'IP', '{\"children\":[],\"createBy\":\"admin\",\"isCache\":\"0\",\"isFrame\":\"1\",\"menuName\":\"\",\"menuType\":\"F\",\"orderNum\":1,\"params\":{},\"parentId\":2028,\"perms\":\"bpm:process-instance:query\",\"status\":\"0\",\"visible\":\"0\"}', '{\"msg\":\"\",\"code\":200}', 0, NULL, '2022-08-18 17:49:42');
INSERT INTO `sys_oper_log` VALUES (119, '', 1, 'com.ruoyi.web.controller.system.SysMenuController.add()', 'POST', 1, 'admin', NULL, '/system/menu', '127.0.0.1', 'IP', '{\"children\":[],\"createBy\":\"admin\",\"isCache\":\"0\",\"isFrame\":\"1\",\"menuName\":\"\",\"menuType\":\"F\",\"orderNum\":2,\"params\":{},\"parentId\":2028,\"perms\":\"bpm:process-instance:create\",\"status\":\"0\",\"visible\":\"0\"}', '{\"msg\":\"\",\"code\":200}', 0, NULL, '2022-08-18 17:50:04');
INSERT INTO `sys_oper_log` VALUES (120, '', 1, 'com.ruoyi.web.controller.system.SysMenuController.add()', 'POST', 1, 'admin', NULL, '/system/menu', '127.0.0.1', 'IP', '{\"children\":[],\"createBy\":\"admin\",\"isCache\":\"0\",\"isFrame\":\"1\",\"menuName\":\"\",\"menuType\":\"F\",\"orderNum\":3,\"params\":{},\"parentId\":2028,\"perms\":\"bpm:process-instance:cancel\",\"status\":\"0\",\"visible\":\"0\"}', '{\"msg\":\"\",\"code\":200}', 0, NULL, '2022-08-18 17:50:21');
INSERT INTO `sys_oper_log` VALUES (121, '', 1, 'com.ruoyi.web.controller.system.SysMenuController.add()', 'POST', 1, 'admin', NULL, '/system/menu', '127.0.0.1', 'IP', '{\"children\":[],\"createBy\":\"admin\",\"isCache\":\"0\",\"isFrame\":\"1\",\"menuName\":\"\",\"menuType\":\"F\",\"orderNum\":1,\"params\":{},\"parentId\":2029,\"perms\":\"bpm:task:query\",\"status\":\"0\",\"visible\":\"0\"}', '{\"msg\":\"\",\"code\":200}', 0, NULL, '2022-08-18 17:51:17');
INSERT INTO `sys_oper_log` VALUES (122, '', 1, 'com.ruoyi.web.controller.system.SysMenuController.add()', 'POST', 1, 'admin', NULL, '/system/menu', '127.0.0.1', 'IP', '{\"children\":[],\"createBy\":\"admin\",\"isCache\":\"0\",\"isFrame\":\"1\",\"menuName\":\"\",\"menuType\":\"F\",\"orderNum\":2,\"params\":{},\"parentId\":2029,\"perms\":\"bpm:task:update\",\"status\":\"0\",\"visible\":\"0\"}', '{\"msg\":\"\",\"code\":200}', 0, NULL, '2022-08-18 17:51:35');
INSERT INTO `sys_oper_log` VALUES (123, '', 2, 'com.ruoyi.web.controller.system.SysUserController.edit()', 'PUT', 1, 'admin', NULL, '/system/user', '127.0.0.1', 'IP', '{\"admin\":false,\"avatar\":\"\",\"createBy\":\"admin\",\"createTime\":\"2022-07-30 12:09:02\",\"delFlag\":\"0\",\"dept\":{\"ancestors\":\"0,100\",\"children\":[],\"deptId\":101,\"deptName\":\"\",\"leader\":\"\",\"orderNum\":1,\"params\":{},\"parentId\":100,\"status\":\"0\"},\"deptId\":101,\"email\":\"ry@qq.com\",\"loginDate\":\"2022-07-30 12:09:02\",\"loginIp\":\"127.0.0.1\",\"nickName\":\"\",\"params\":{},\"phonenumber\":\"15666666666\",\"postIds\":[2],\"remark\":\"1\",\"roleIds\":[2],\"roles\":[{\"admin\":false,\"dataScope\":\"2\",\"deptCheckStrictly\":false,\"flag\":false,\"menuCheckStrictly\":false,\"params\":{},\"roleId\":2,\"roleKey\":\"common\",\"roleName\":\"\",\"roleSort\":\"2\",\"status\":\"0\"}],\"sex\":\"1\",\"status\":\"0\",\"updateBy\":\"admin\",\"userId\":2,\"userName\":\"ry\"}', '{\"msg\":\"\",\"code\":200}', 0, NULL, '2022-08-19 15:29:31');
INSERT INTO `sys_oper_log` VALUES (124, '', 2, 'com.ruoyi.web.controller.system.SysUserController.edit()', 'PUT', 1, 'admin', NULL, '/system/user', '127.0.0.1', 'IP', '{\"admin\":false,\"avatar\":\"\",\"createBy\":\"admin\",\"createTime\":\"2022-07-30 12:09:02\",\"delFlag\":\"0\",\"dept\":{\"ancestors\":\"0,100\",\"children\":[],\"deptId\":101,\"deptName\":\"\",\"leader\":\"\",\"orderNum\":1,\"params\":{},\"parentId\":100,\"status\":\"0\"},\"deptId\":101,\"email\":\"ry@qq.com\",\"loginDate\":\"2022-07-30 12:09:02\",\"loginIp\":\"127.0.0.1\",\"nickName\":\"\",\"params\":{},\"phonenumber\":\"15666666666\",\"postIds\":[2],\"remark\":\"\",\"roleIds\":[2],\"roles\":[{\"admin\":false,\"dataScope\":\"2\",\"deptCheckStrictly\":false,\"flag\":false,\"menuCheckStrictly\":false,\"params\":{},\"roleId\":2,\"roleKey\":\"common\",\"roleName\":\"\",\"roleSort\":\"2\",\"status\":\"0\"}],\"sex\":\"1\",\"status\":\"0\",\"updateBy\":\"admin\",\"userId\":2,\"userName\":\"ry\"}', '{\"msg\":\"\",\"code\":200}', 0, NULL, '2022-08-19 15:29:36');
INSERT INTO `sys_oper_log` VALUES (125, '', 3, 'com.ruoyi.web.controller.system.SysMenuController.remove()', 'DELETE', 1, 'admin', NULL, '/system/menu/4', '127.0.0.1', 'IP', '{menuId=4}', '{\"msg\":\",\",\"code\":500}', 0, NULL, '2022-08-19 22:41:52');
INSERT INTO `sys_oper_log` VALUES (126, '', 2, 'com.ruoyi.web.controller.system.SysRoleController.edit()', 'PUT', 1, 'admin', NULL, '/system/role', '127.0.0.1', 'IP', '{\"admin\":false,\"createTime\":\"2022-07-30 12:09:02\",\"dataScope\":\"2\",\"delFlag\":\"0\",\"deptCheckStrictly\":true,\"flag\":false,\"menuCheckStrictly\":true,\"menuIds\":[1,100,1000,1001,1002,1003,1004,1005,1006,101,1007,1008,1009,1010,1011,102,1012,1013,1014,1015,103,1016,1017,1018,1019,104,1020,1021,1022,1023,1024,105,1025,1026,1027,1028,1029,106,1030,1031,1032,1033,1034,107,1035,1036,1037,1038,108,500,1039,1040,1041,501,1042,1043,1044,1045,2,109,1046,1047,1048,110,1049,1050,1051,1052,1053,1054,111,112,113,114,3,115,1055,1056,1058,1057,1059,1060,116,117],\"params\":{},\"remark\":\"\",\"roleId\":2,\"roleKey\":\"common\",\"roleName\":\"\",\"roleSort\":\"2\",\"status\":\"0\",\"updateBy\":\"admin\"}', '{\"msg\":\"\",\"code\":200}', 0, NULL, '2022-08-19 22:42:08');
INSERT INTO `sys_oper_log` VALUES (127, '', 3, 'com.ruoyi.web.controller.system.SysMenuController.remove()', 'DELETE', 1, 'admin', NULL, '/system/menu/4', '127.0.0.1', 'IP', '{menuId=4}', '{\"msg\":\"\",\"code\":200}', 0, NULL, '2022-08-19 22:42:13');
INSERT INTO `sys_oper_log` VALUES (128, '', 2, 'com.ruoyi.web.controller.system.SysMenuController.edit()', 'PUT', 1, 'admin', NULL, '/system/menu', '127.0.0.1', 'IP', '{\"children\":[],\"component\":\"example/map/index\",\"createTime\":\"2022-08-14 13:28:37\",\"icon\":\"chart\",\"isCache\":\"0\",\"isFrame\":\"1\",\"menuId\":2001,\"menuName\":\"\",\"menuType\":\"C\",\"orderNum\":1,\"params\":{},\"parentId\":2000,\"path\":\"map\",\"perms\":\"\",\"status\":\"0\",\"updateBy\":\"admin\",\"visible\":\"0\"}', '{\"msg\":\"\",\"code\":200}', 0, NULL, '2022-08-19 22:45:58');
INSERT INTO `sys_oper_log` VALUES (129, '', 1, 'com.ruoyi.web.controller.system.SysMenuController.add()', 'POST', 1, 'admin', NULL, '/system/menu', '127.0.0.1', 'IP', '{\"children\":[],\"component\":\"example/websocket/index\",\"createBy\":\"admin\",\"icon\":\"email\",\"isCache\":\"0\",\"isFrame\":\"1\",\"menuName\":\"websocket\",\"menuType\":\"C\",\"orderNum\":2,\"params\":{},\"parentId\":2000,\"path\":\"websocket\",\"status\":\"0\",\"visible\":\"0\"}', '{\"msg\":\"\",\"code\":200}', 0, NULL, '2022-08-19 22:47:00');
INSERT INTO `sys_oper_log` VALUES (130, '', 2, 'com.ruoyi.web.controller.system.SysMenuController.edit()', 'PUT', 1, 'admin', NULL, '/system/menu', '127.0.0.1', 'IP', '{\"children\":[],\"component\":\"example/websocket/index\",\"createTime\":\"2022-08-19 22:47:00\",\"icon\":\"email\",\"isCache\":\"0\",\"isFrame\":\"1\",\"menuId\":2036,\"menuName\":\"websocket\",\"menuType\":\"C\",\"orderNum\":2,\"params\":{},\"parentId\":2000,\"path\":\"websocket\",\"perms\":\"\",\"status\":\"0\",\"updateBy\":\"admin\",\"visible\":\"0\"}', '{\"msg\":\"\",\"code\":200}', 0, NULL, '2022-08-19 22:47:44');
INSERT INTO `sys_oper_log` VALUES (131, '', 1, 'com.ruoyi.web.controller.system.SysUserController.add()', 'POST', 1, 'admin', NULL, '/system/user', '192.168.3.44', 'IP', '{\"admin\":false,\"createBy\":\"admin\",\"deptId\":100,\"nickName\":\"\",\"params\":{},\"phonenumber\":\"18888888888\",\"postIds\":[1],\"remark\":\"\",\"roleIds\":[2],\"sex\":\"0\",\"status\":\"0\",\"userId\":5,\"userName\":\"zhangsan\"}', '{\"msg\":\"\",\"code\":200}', 0, NULL, '2022-08-20 20:44:07');
INSERT INTO `sys_oper_log` VALUES (132, '', 3, 'com.ruoyi.web.controller.system.SysUserController.remove()', 'DELETE', 1, 'admin', NULL, '/system/user/5', '192.168.3.44', 'IP', '{userIds=5}', '{\"msg\":\"\",\"code\":200}', 0, NULL, '2022-08-20 20:44:16');
INSERT INTO `sys_oper_log` VALUES (133, '', 1, 'com.ruoyi.web.controller.system.SysUserController.add()', 'POST', 1, 'admin', NULL, '/system/user', '192.168.3.44', 'IP', '{\"admin\":false,\"createBy\":\"admin\",\"deptId\":100,\"nickName\":\"zhangsan\",\"params\":{},\"phonenumber\":\"18888888888\",\"postIds\":[1],\"remark\":\"\",\"roleIds\":[2],\"sex\":\"0\",\"status\":\"0\",\"userId\":6,\"userName\":\"\"}', '{\"msg\":\"\",\"code\":200}', 0, NULL, '2022-08-20 20:45:30');
INSERT INTO `sys_oper_log` VALUES (134, '', 3, 'com.ruoyi.web.controller.system.SysUserController.remove()', 'DELETE', 1, 'admin', NULL, '/system/user/6', '192.168.3.44', 'IP', '{userIds=6}', '{\"msg\":\"\",\"code\":200}', 0, NULL, '2022-08-20 20:45:43');
INSERT INTO `sys_oper_log` VALUES (135, '', 2, 'com.ruoyi.web.controller.system.SysPostController.edit()', 'PUT', 1, 'admin', NULL, '/system/post', '192.168.3.44', 'IP', '{\"createBy\":\"admin\",\"createTime\":\"2022-07-30 12:09:02\",\"flag\":false,\"params\":{},\"postCode\":\"user\",\"postId\":4,\"postName\":\"\",\"postSort\":\"4\",\"remark\":\"\",\"status\":\"0\",\"updateBy\":\"admin\"}', '{\"msg\":\"\",\"code\":200}', 0, NULL, '2022-08-20 21:34:24');
INSERT INTO `sys_oper_log` VALUES (136, '', 2, 'com.ruoyi.web.controller.system.SysUserController.resetPwd()', 'PUT', 1, 'admin', NULL, '/system/user/resetPwd', '192.168.3.44', 'IP', '{\"admin\":false,\"params\":{},\"updateBy\":\"admin\",\"userId\":2}', '{\"msg\":\"\",\"code\":200}', 0, NULL, '2022-08-20 22:58:53');
INSERT INTO `sys_oper_log` VALUES (137, '', 2, 'com.ruoyi.web.controller.system.SysUserController.resetPwd()', 'PUT', 1, 'admin', NULL, '/system/user/resetPwd', '192.168.3.44', 'IP', '{\"admin\":false,\"params\":{},\"updateBy\":\"admin\",\"userId\":3}', '{\"msg\":\"\",\"code\":200}', 0, NULL, '2022-08-20 22:59:00');
INSERT INTO `sys_oper_log` VALUES (138, '', 2, 'com.ruoyi.web.controller.system.SysUserController.resetPwd()', 'PUT', 1, 'admin', NULL, '/system/user/resetPwd', '192.168.3.44', 'IP', '{\"admin\":false,\"params\":{},\"updateBy\":\"admin\",\"userId\":4}', '{\"msg\":\"\",\"code\":200}', 0, NULL, '2022-08-20 22:59:06');
INSERT INTO `sys_oper_log` VALUES (139, '', 2, 'com.ruoyi.web.controller.system.SysRoleController.edit()', 'PUT', 1, 'admin', NULL, '/system/role', '192.168.3.44', 'IP', '{\"admin\":false,\"createTime\":\"2022-07-30 12:09:02\",\"dataScope\":\"2\",\"delFlag\":\"0\",\"deptCheckStrictly\":true,\"flag\":false,\"menuCheckStrictly\":true,\"menuIds\":[1,2003,100,1000,1001,1002,1003,1004,1005,1006,101,1007,1008,1009,1010,1011,102,1012,1013,1014,1015,103,1016,1017,1018,1019,104,1020,1021,1022,1023,1024,105,1025,1026,1027,1028,1029,106,1030,1031,1032,1033,1034,107,1035,1036,1037,1038,108,500,1039,1040,1041,501,1042,1043,1044,1045,2,109,1046,1047,1048,110,1049,1050,1051,1052,1053,1054,111,112,113,114,3,115,1055,1056,1058,1057,1059,1060,116,117,2027,2028,2031,2032,2033,2029,2034,2035,2030],\"params\":{},\"remark\":\"\",\"roleId\":2,\"roleKey\":\"common\",\"roleName\":\"\",\"roleSort\":\"2\",\"status\":\"0\",\"updateBy\":\"admin\"}', '{\"msg\":\"\",\"code\":200}', 0, NULL, '2022-08-20 22:59:56');
INSERT INTO `sys_oper_log` VALUES (140, '', 2, 'com.ruoyi.web.controller.system.SysRoleController.edit()', 'PUT', 1, 'admin', NULL, '/system/role', '192.168.3.44', 'IP', '{\"admin\":false,\"createTime\":\"2022-07-30 12:09:02\",\"dataScope\":\"2\",\"delFlag\":\"0\",\"deptCheckStrictly\":true,\"flag\":false,\"menuCheckStrictly\":true,\"menuIds\":[1,2003,2004,2011,100,1000,1001,1002,1003,1004,1005,1006,101,1007,1008,1009,1010,1011,102,1012,1013,1014,1015,103,1016,1017,1018,1019,104,1020,1021,1022,1023,1024,105,1025,1026,1027,1028,1029,106,1030,1031,1032,1033,1034,107,1035,1036,1037,1038,108,500,1039,1040,1041,501,1042,1043,1044,1045,2,109,1046,1047,1048,110,1049,1050,1051,1052,1053,1054,111,112,113,114,3,115,1055,1056,1058,1057,1059,1060,116,117,2018,2027,2028,2031,2032,2033,2029,2034,2035,2030],\"params\":{},\"remark\":\"\",\"roleId\":2,\"roleKey\":\"common\",\"roleName\":\"\",\"roleSort\":\"2\",\"status\":\"0\",\"updateBy\":\"admin\"}', '{\"msg\":\"\",\"code\":200}', 0, NULL, '2022-08-20 23:04:42');
INSERT INTO `sys_oper_log` VALUES (141, '', 2, 'com.ruoyi.web.controller.system.SysRoleController.edit()', 'PUT', 1, 'admin', NULL, '/system/role', '192.168.3.44', 'IP', '{\"admin\":false,\"createTime\":\"2022-07-30 12:09:02\",\"dataScope\":\"2\",\"delFlag\":\"0\",\"deptCheckStrictly\":true,\"flag\":false,\"menuCheckStrictly\":true,\"menuIds\":[1,100,1000,1001,1002,1003,1004,1005,1006,101,1007,1008,1009,1010,1011,102,1012,1013,1014,1015,103,1016,1017,1018,1019,104,1020,1021,1022,1023,1024,105,1025,1026,1027,1028,1029,106,1030,1031,1032,1033,1034,107,1035,1036,1037,1038,108,500,1039,1040,1041,501,1042,1043,1044,1045,2,109,1046,1047,1048,110,1049,1050,1051,1052,1053,1054,111,112,113,114,3,115,1055,1056,1058,1057,1059,1060,116,117,2003,2004,2005,2006,2007,2008,2009,2010,2011,2012,2013,2014,2015,2016,2017,2018,2019,2020,2021,2022,2023,2024,2025,2026,2027,2028,2031,2032,2033,2029,2034,2035,2030],\"params\":{},\"remark\":\"\",\"roleId\":2,\"roleKey\":\"common\",\"roleName\":\"\",\"roleSort\":\"2\",\"status\":\"0\",\"updateBy\":\"admin\"}', '{\"msg\":\"\",\"code\":200}', 0, NULL, '2022-08-20 23:19:22');
INSERT INTO `sys_oper_log` VALUES (142, '', 6, 'com.ruoyi.generator.controller.GenController.importTableSave()', 'POST', 1, 'admin', NULL, '/tool/gen/importTable', '127.0.0.1', 'IP', '\"dic_rs_zb01\"', '{\"msg\":\"\",\"code\":200}', 0, NULL, '2022-08-24 15:09:27');
INSERT INTO `sys_oper_log` VALUES (143, '', 1, 'com.ruoyi.web.controller.system.SysMenuController.add()', 'POST', 1, 'admin', NULL, '/system/menu', '127.0.0.1', 'IP', '{\"children\":[],\"createBy\":\"admin\",\"icon\":\"build\",\"isCache\":\"0\",\"isFrame\":\"1\",\"menuName\":\"OA \",\"menuType\":\"M\",\"orderNum\":3,\"params\":{},\"parentId\":2003,\"path\":\"oa\",\"status\":\"0\",\"visible\":\"0\"}', '{\"msg\":\"\",\"code\":200}', 0, NULL, '2022-09-01 09:23:35');
INSERT INTO `sys_oper_log` VALUES (144, '', 1, 'com.ruoyi.web.controller.system.SysMenuController.add()', 'POST', 1, 'admin', NULL, '/system/menu', '127.0.0.1', 'IP', '{\"children\":[],\"component\":\"bpm/oa/leave/index\",\"createBy\":\"admin\",\"icon\":\"build\",\"isCache\":\"0\",\"isFrame\":\"1\",\"menuName\":\"\",\"menuType\":\"C\",\"orderNum\":1,\"params\":{},\"parentId\":2037,\"path\":\"leave\",\"status\":\"0\",\"visible\":\"0\"}', '{\"msg\":\"\",\"code\":200}', 0, NULL, '2022-09-01 09:24:20');
INSERT INTO `sys_oper_log` VALUES (145, '', 1, 'com.ruoyi.web.controller.system.SysMenuController.add()', 'POST', 1, 'admin', NULL, '/system/menu', '127.0.0.1', 'IP', '{\"children\":[],\"createBy\":\"admin\",\"isCache\":\"0\",\"isFrame\":\"1\",\"menuName\":\"\",\"menuType\":\"F\",\"orderNum\":1,\"params\":{},\"parentId\":2038,\"perms\":\"bpm:oa-leave:query\",\"status\":\"0\",\"visible\":\"0\"}', '{\"msg\":\"\",\"code\":200}', 0, NULL, '2022-09-01 09:25:06');
INSERT INTO `sys_oper_log` VALUES (146, '', 1, 'com.ruoyi.web.controller.system.SysMenuController.add()', 'POST', 1, 'admin', NULL, '/system/menu', '127.0.0.1', 'IP', '{\"children\":[],\"createBy\":\"admin\",\"isCache\":\"0\",\"isFrame\":\"1\",\"menuName\":\"\",\"menuType\":\"F\",\"orderNum\":2,\"params\":{},\"parentId\":2038,\"perms\":\"bpm:oa-leave:create\",\"status\":\"0\",\"visible\":\"0\"}', '{\"msg\":\"\",\"code\":200}', 0, NULL, '2022-09-01 09:25:23');
INSERT INTO `sys_oper_log` VALUES (147, '', 1, 'com.ruoyi.web.controller.system.SysDictTypeController.add()', 'POST', 1, 'admin', NULL, '/system/dict/type', '127.0.0.1', 'IP', '{\"createBy\":\"admin\",\"dictName\":\"OA \",\"dictType\":\"bpm_oa_leave_type\",\"params\":{},\"remark\":\"OA \",\"status\":\"0\"}', '{\"msg\":\"\",\"code\":200}', 0, NULL, '2022-09-01 09:42:32');
INSERT INTO `sys_oper_log` VALUES (148, '', 1, 'com.ruoyi.web.controller.system.SysDictDataController.add()', 'POST', 1, 'admin', NULL, '/system/dict/data', '127.0.0.1', 'IP', '{\"createBy\":\"admin\",\"default\":false,\"dictLabel\":\"\",\"dictSort\":1,\"dictType\":\"bpm_oa_leave_type\",\"dictValue\":\"1\",\"listClass\":\"primary\",\"params\":{},\"remark\":\"\",\"status\":\"0\"}', '{\"msg\":\"\",\"code\":200}', 0, NULL, '2022-09-01 09:43:06');
INSERT INTO `sys_oper_log` VALUES (149, '', 1, 'com.ruoyi.web.controller.system.SysDictDataController.add()', 'POST', 1, 'admin', NULL, '/system/dict/data', '127.0.0.1', 'IP', '{\"createBy\":\"admin\",\"default\":false,\"dictLabel\":\"\",\"dictSort\":2,\"dictType\":\"bpm_oa_leave_type\",\"dictValue\":\"2\",\"listClass\":\"info\",\"params\":{},\"remark\":\"\",\"status\":\"0\"}', '{\"msg\":\"\",\"code\":200}', 0, NULL, '2022-09-01 09:43:22');
INSERT INTO `sys_oper_log` VALUES (150, '', 1, 'com.ruoyi.web.controller.system.SysDictDataController.add()', 'POST', 1, 'admin', NULL, '/system/dict/data', '127.0.0.1', 'IP', '{\"createBy\":\"admin\",\"default\":false,\"dictLabel\":\"\",\"dictSort\":3,\"dictType\":\"bpm_oa_leave_type\",\"dictValue\":\"3\",\"listClass\":\"warning\",\"params\":{},\"remark\":\"\",\"status\":\"0\"}', '{\"msg\":\"\",\"code\":200}', 0, NULL, '2022-09-01 09:43:39');
INSERT INTO `sys_oper_log` VALUES (151, '', 2, 'com.ruoyi.web.controller.system.SysMenuController.edit()', 'PUT', 1, 'admin', NULL, '/system/menu', '127.0.0.1', 'IP', '{\"children\":[],\"createTime\":\"2022-09-01 09:23:35\",\"icon\":\"build\",\"isCache\":\"0\",\"isFrame\":\"1\",\"menuId\":2037,\"menuName\":\"OA \",\"menuType\":\"M\",\"orderNum\":3,\"parentId\":0,\"path\":\"oa\",\"perms\":\"\",\"status\":\"0\",\"updateBy\":\"admin\",\"updateTime\":\"2023-03-23 23:49:41.065\",\"visible\":\"0\"}', '{\"msg\":\"\",\"code\":200}', 0, NULL, '2023-03-23 23:49:41');
INSERT INTO `sys_oper_log` VALUES (152, '', 2, 'com.ruoyi.web.controller.system.SysConfigController.edit()', 'PUT', 1, 'admin', NULL, '/system/config', '127.0.0.1', 'IP', '{\"configId\":4,\"configKey\":\"sys.account.captchaEnabled\",\"configName\":\"-\",\"configType\":\"Y\",\"configValue\":\"false\",\"createBy\":\"admin\",\"createTime\":\"2022-07-30 12:09:03\",\"remark\":\"truefalse\",\"updateBy\":\"admin\"}', '{\"msg\":\"\",\"code\":200}', 0, NULL, '2023-03-24 13:48:58');
INSERT INTO `sys_oper_log` VALUES (153, '', 2, 'com.ruoyi.web.controller.system.SysConfigController.edit()', 'PUT', 1, 'admin', NULL, '/system/config', '127.0.0.1', 'IP', '{\"configId\":5,\"configKey\":\"sys.account.registerUser\",\"configName\":\"-\",\"configType\":\"Y\",\"configValue\":\"true\",\"createBy\":\"admin\",\"createTime\":\"2022-07-30 12:09:03\",\"remark\":\"truefalse\",\"updateBy\":\"admin\"}', '{\"msg\":\"\",\"code\":200}', 0, NULL, '2023-03-24 13:49:08');
INSERT INTO `sys_oper_log` VALUES (154, '', 2, 'com.ruoyi.web.controller.system.SysNoticeController.edit()', 'PUT', 1, 'admin', NULL, '/system/notice', '127.0.0.1', 'IP', '{\"createBy\":\"admin\",\"createTime\":\"2022-07-30 12:09:03\",\"noticeContent\":\"<p><img src=\\\"/dev-api/profile/upload/2023/03/24/000930-1661184570f91a_20230324140656A001.jpg\\\" style=\\\"cursor: nwse-resize;\\\" width=\\\"273\\\"></p>\",\"noticeId\":1,\"noticeTitle\":\"2018-07-01 \",\"noticeType\":\"2\",\"remark\":\"\",\"status\":\"0\",\"updateBy\":\"admin\"}', '{\"msg\":\"\",\"code\":200}', 0, NULL, '2023-03-24 14:07:01');
INSERT INTO `sys_oper_log` VALUES (155, '', 2, 'com.ruoyi.web.controller.system.SysMenuController.edit()', 'PUT', 1, 'admin', NULL, '/system/menu', '127.0.0.1', 'IP', '{\"children\":[],\"createTime\":\"2022-08-18 17:45:51\",\"icon\":\"build\",\"isCache\":\"0\",\"isFrame\":\"1\",\"menuId\":2027,\"menuName\":\"\",\"menuType\":\"M\",\"orderNum\":20,\"parentId\":0,\"path\":\"task\",\"perms\":\"\",\"status\":\"0\",\"updateBy\":\"admin\",\"updateTime\":\"2023-03-24 14:08:18.193\",\"visible\":\"0\"}', '{\"msg\":\"\",\"code\":200}', 0, NULL, '2023-03-24 14:08:18');
INSERT INTO `sys_oper_log` VALUES (156, '', 2, 'com.ruoyi.web.controller.system.SysMenuController.edit()', 'PUT', 1, 'admin', NULL, '/system/menu', '127.0.0.1', 'IP', '{\"children\":[],\"createTime\":\"2022-08-16 21:57:13\",\"icon\":\"build\",\"isCache\":\"0\",\"isFrame\":\"1\",\"menuId\":2004,\"menuName\":\"\",\"menuType\":\"M\",\"orderNum\":1,\"parentId\":0,\"path\":\"manager\",\"perms\":\"\",\"status\":\"0\",\"updateBy\":\"admin\",\"updateTime\":\"2023-03-24 14:14:02.103\",\"visible\":\"0\"}', '{\"msg\":\"\",\"code\":200}', 0, NULL, '2023-03-24 14:14:02');
INSERT INTO `sys_oper_log` VALUES (157, '', 2, 'com.ruoyi.web.controller.system.SysMenuController.edit()', 'PUT', 1, 'admin', NULL, '/system/menu', '127.0.0.1', 'IP', '{\"children\":[],\"createTime\":\"2022-08-16 21:57:13\",\"icon\":\"build\",\"isCache\":\"0\",\"isFrame\":\"1\",\"menuId\":2004,\"menuName\":\"\",\"menuType\":\"M\",\"orderNum\":20,\"parentId\":0,\"path\":\"manager\",\"perms\":\"\",\"status\":\"0\",\"updateBy\":\"admin\",\"updateTime\":\"2023-03-24 14:14:24.57\",\"visible\":\"0\"}', '{\"msg\":\"\",\"code\":200}', 0, NULL, '2023-03-24 14:14:24');
INSERT INTO `sys_oper_log` VALUES (158, '', 2, 'com.ruoyi.web.controller.system.SysMenuController.edit()', 'PUT', 1, 'admin', NULL, '/system/menu', '127.0.0.1', 'IP', '{\"children\":[],\"createTime\":\"2022-08-16 21:56:25\",\"icon\":\"build\",\"isCache\":\"0\",\"isFrame\":\"1\",\"menuId\":2003,\"menuName\":\"\",\"menuType\":\"M\",\"orderNum\":5,\"parentId\":0,\"path\":\"bpm\",\"perms\":\"\",\"status\":\"0\",\"updateBy\":\"admin\",\"updateTime\":\"2023-03-24 14:30:17.398\",\"visible\":\"1\"}', '{\"msg\":\"\",\"code\":200}', 0, NULL, '2023-03-24 14:30:17');
INSERT INTO `sys_oper_log` VALUES (159, '', 2, 'com.ruoyi.web.controller.system.SysMenuController.edit()', 'PUT', 1, 'admin', NULL, '/system/menu', '127.0.0.1', 'IP', '{\"children\":[],\"component\":\"system/post/index\",\"createTime\":\"2022-08-09 10:14:24\",\"icon\":\"post\",\"isCache\":\"0\",\"isFrame\":\"1\",\"menuId\":104,\"menuName\":\"\",\"menuType\":\"C\",\"orderNum\":5,\"parentId\":1,\"path\":\"post\",\"perms\":\"system:post:list\",\"query\":\"\",\"status\":\"1\",\"updateBy\":\"admin\",\"updateTime\":\"2023-03-24 14:30:37.44\",\"visible\":\"1\"}', '{\"msg\":\"\",\"code\":200}', 0, NULL, '2023-03-24 14:30:37');
INSERT INTO `sys_oper_log` VALUES (160, '', 2, 'com.ruoyi.web.controller.system.SysMenuController.edit()', 'PUT', 1, 'admin', NULL, '/system/menu', '127.0.0.1', 'IP', '{\"children\":[],\"createTime\":\"2022-09-01 09:23:35\",\"icon\":\"build\",\"isCache\":\"0\",\"isFrame\":\"1\",\"menuId\":2037,\"menuName\":\"OA \",\"menuType\":\"M\",\"orderNum\":3,\"parentId\":0,\"path\":\"oa\",\"perms\":\"\",\"status\":\"1\",\"updateBy\":\"admin\",\"updateTime\":\"2023-03-24 14:35:11.709\",\"visible\":\"0\"}', '{\"msg\":\"\",\"code\":200}', 0, NULL, '2023-03-24 14:35:11');
INSERT INTO `sys_oper_log` VALUES (161, '', 2, 'com.ruoyi.web.controller.system.SysMenuController.edit()', 'PUT', 1, 'admin', NULL, '/system/menu', '127.0.0.1', 'IP', '{\"children\":[],\"createTime\":\"2022-08-16 21:56:25\",\"icon\":\"build\",\"isCache\":\"0\",\"isFrame\":\"1\",\"menuId\":2003,\"menuName\":\"\",\"menuType\":\"M\",\"orderNum\":5,\"parentId\":0,\"path\":\"bpm\",\"perms\":\"\",\"status\":\"1\",\"updateBy\":\"admin\",\"updateTime\":\"2023-03-24 14:35:30.404\",\"visible\":\"0\"}', '{\"msg\":\"\",\"code\":200}', 0, NULL, '2023-03-24 14:35:30');
INSERT INTO `sys_oper_log` VALUES (162, '', 2, 'com.ruoyi.web.controller.system.SysRoleController.edit()', 'PUT', 1, 'admin', NULL, '/system/role', '127.0.0.1', 'IP', '{\"admin\":false,\"createTime\":\"2022-07-30 12:09:02\",\"dataScope\":\"2\",\"delFlag\":\"0\",\"deptCheckStrictly\":true,\"flag\":false,\"menuCheckStrictly\":true,\"menuIds\":[1,100,1000,1001,1002,1003,1004,1005,1006,101,1007,1008,1009,1010,1011,102,1012,1013,1014,1015,103,1016,1017,1018,1019,104,1020,1021,1022,1023,1024,105,1025,1026,1027,1028,1029,106,1030,1031,1032,1033,1034,107,1035,1036,1037,1038,108,500,1039,1040,1041,501,1042,1043,1044,1045,2,109,1046,1047,1048,110,1049,1050,1051,1052,1053,1054,111,112,113,114,3,115,1055,1056,1058,1057,1059,1060,116,117,2003,2004,2005,2006,2007,2008,2009,2010,2011,2012,2013,2014,2015,2016,2017,2018,2019,2020,2021,2022,2023,2024,2025,2026,2027,2028,2031,2032,2033,2029,2034,2035,2030],\"remark\":\"\",\"roleId\":2,\"roleKey\":\"user\",\"roleName\":\"\",\"roleSort\":4,\"status\":\"0\",\"updateBy\":\"admin\",\"updateTime\":\"2023-03-24 14:46:39.992\"}', '{\"msg\":\"\",\"code\":200}', 0, NULL, '2023-03-24 14:46:40');
INSERT INTO `sys_oper_log` VALUES (163, '', 1, 'com.ruoyi.web.controller.system.SysRoleController.add()', 'POST', 1, 'admin', NULL, '/system/role', '127.0.0.1', 'IP', '{\"admin\":false,\"createBy\":\"admin\",\"deptCheckStrictly\":true,\"deptIds\":[],\"flag\":false,\"menuCheckStrictly\":true,\"menuIds\":[1,100,1000,1001,1002,1003,1004,1005,1006,101,1007,1008,1009,1010,1011,102,1012,1013,1014,1015,103,1016,1017,1018,1019,104,1020,1021,1022,1023,1024,105,1025,1026,1027,1028,1029,106,1030,1031,1032,1033,1034,107,1035,1036,1037,1038,108,500,1039,1040,1041,501,1042,1043,1044,1045,2002,2,109,1046,1047,1048,110,1049,1050,1051,1052,1053,1054,111,112,113,114,2004,2005,2006,2007,2008,2009,2010,2011,2012,2013,2014,2015,2016,2017,2018,2019,2020,2021,2022,2023,2024,2025,2026,2027,2028,2031,2032,2033,2029,2034,2035,2030],\"remark\":\"\",\"roleId\":3,\"roleKey\":\"manager\",\"roleName\":\"\",\"roleSort\":0,\"status\":\"0\"}', '{\"msg\":\"\",\"code\":200}', 0, NULL, '2023-03-24 14:49:10');
INSERT INTO `sys_oper_log` VALUES (164, '', 4, 'com.ruoyi.web.controller.system.SysRoleController.selectAuthUserAll()', 'PUT', 1, 'admin', NULL, '/system/role/authUser/selectAll', '127.0.0.1', 'IP', '3 [4]', '{\"msg\":\"\",\"code\":200}', 0, NULL, '2023-03-24 14:49:31');
INSERT INTO `sys_oper_log` VALUES (165, '', 1, 'com.ruoyi.web.controller.system.SysRoleController.add()', 'POST', 1, 'admin', NULL, '/system/role', '127.0.0.1', 'IP', '{\"admin\":false,\"createBy\":\"admin\",\"deptCheckStrictly\":true,\"deptIds\":[],\"flag\":false,\"menuCheckStrictly\":true,\"menuIds\":[2004,2005,2006,2007,2008,2009,2010,2011,2012,2013,2014,2015,2016,2017,2018,2019,2020,2021,2022,2023,2024,2025,2026,2027,2028,2031,2032,2033,2029,2034,2035,2030],\"remark\":\"\",\"roleId\":4,\"roleKey\":\"employee\",\"roleName\":\"\",\"roleSort\":0,\"status\":\"0\"}', '{\"msg\":\"\",\"code\":200}', 0, NULL, '2023-03-24 14:50:23');
INSERT INTO `sys_oper_log` VALUES (166, '', 2, 'com.ruoyi.web.controller.system.SysRoleController.edit()', 'PUT', 1, 'admin', NULL, '/system/role', '127.0.0.1', 'IP', '{\"admin\":false,\"createTime\":\"2023-03-24 14:49:10\",\"dataScope\":\"1\",\"delFlag\":\"0\",\"deptCheckStrictly\":true,\"flag\":false,\"menuCheckStrictly\":true,\"menuIds\":[1,100,1000,1001,1002,1003,1004,1005,1006,101,1007,1008,1009,1010,1011,102,1012,1013,1014,1015,103,1016,1017,1018,1019,104,1020,1021,1022,1023,1024,105,1025,1026,1027,1028,1029,106,1030,1031,1032,1033,1034,107,1035,1036,1037,1038,108,500,1039,1040,1041,501,1042,1043,1044,1045,2002,2,109,1046,1047,1048,110,1049,1050,1051,1052,1053,1054,111,112,113,114,2004,2005,2006,2007,2008,2009,2010,2011,2012,2013,2014,2015,2016,2017,2018,2019,2020,2021,2022,2023,2024,2025,2026,2027,2028,2031,2032,2033,2029,2034,2035,2030],\"remark\":\"\",\"roleId\":3,\"roleKey\":\"manager\",\"roleName\":\"\",\"roleSort\":5,\"status\":\"0\",\"updateBy\":\"admin\",\"updateTime\":\"2023-03-24 14:50:51.613\"}', '{\"msg\":\"\",\"code\":200}', 0, NULL, '2023-03-24 14:50:51');
INSERT INTO `sys_oper_log` VALUES (167, '', 2, 'com.ruoyi.web.controller.system.SysRoleController.edit()', 'PUT', 1, 'admin', NULL, '/system/role', '127.0.0.1', 'IP', '{\"admin\":false,\"createTime\":\"2023-03-24 14:50:23\",\"dataScope\":\"1\",\"delFlag\":\"0\",\"deptCheckStrictly\":true,\"flag\":false,\"menuCheckStrictly\":true,\"menuIds\":[2004,2005,2006,2007,2008,2009,2010,2011,2012,2013,2014,2015,2016,2017,2018,2019,2020,2021,2022,2023,2024,2025,2026,2027,2028,2031,2032,2033,2029,2034,2035,2030],\"remark\":\"\",\"roleId\":4,\"roleKey\":\"employee\",\"roleName\":\"\",\"roleSort\":10,\"status\":\"0\",\"updateBy\":\"admin\",\"updateTime\":\"2023-03-24 14:51:05.547\"}', '{\"msg\":\"\",\"code\":200}', 0, NULL, '2023-03-24 14:51:05');
INSERT INTO `sys_oper_log` VALUES (168, '', 2, 'com.ruoyi.web.controller.system.SysRoleController.edit()', 'PUT', 1, 'admin', NULL, '/system/role', '127.0.0.1', 'IP', '{\"admin\":false,\"createTime\":\"2022-07-30 12:09:02\",\"dataScope\":\"2\",\"delFlag\":\"0\",\"deptCheckStrictly\":true,\"flag\":false,\"menuCheckStrictly\":true,\"menuIds\":[1,100,1000,1001,1002,1003,1004,1005,1006,101,1007,1008,1009,1010,1011,102,1012,1013,1014,1015,103,1016,1017,1018,1019,104,1020,1021,1022,1023,1024,105,1025,1026,1027,1028,1029,106,1030,1031,1032,1033,1034,107,1035,1036,1037,1038,108,500,1039,1040,1041,501,1042,1043,1044,1045,2,109,1046,1047,1048,110,1049,1050,1051,1052,1053,1054,111,112,113,114,3,115,1055,1056,1058,1057,1059,1060,116,117,2003,2004,2005,2006,2007,2008,2009,2010,2011,2012,2013,2014,2015,2016,2017,2018,2019,2020,2021,2022,2023,2024,2025,2026,2027,2028,2031,2032,2033,2029,2034,2035,2030],\"remark\":\"\",\"roleId\":2,\"roleKey\":\"user\",\"roleName\":\"\",\"roleSort\":20,\"status\":\"0\",\"updateBy\":\"admin\",\"updateTime\":\"2023-03-24 14:51:20.178\"}', '{\"msg\":\"\",\"code\":200}', 0, NULL, '2023-03-24 14:51:20');
INSERT INTO `sys_oper_log` VALUES (169, '', 2, 'com.ruoyi.web.controller.system.SysRoleController.edit()', 'PUT', 1, 'admin', NULL, '/system/role', '127.0.0.1', 'IP', '{\"admin\":false,\"createTime\":\"2022-07-30 12:09:02\",\"dataScope\":\"2\",\"delFlag\":\"0\",\"deptCheckStrictly\":true,\"flag\":false,\"menuCheckStrictly\":true,\"menuIds\":[1,100,1000,1001,1002,1003,1004,1005,1006,101,1007,1008,1009,1010,1011,102,1012,1013,1014,1015,103,1016,1017,1018,1019,104,1020,1021,1022,1023,1024,105,1025,1026,1027,1028,1029,106,1030,1031,1032,1033,1034,107,1035,1036,1037,1038,108,500,1039,1040,1041,501,1042,1043,1044,1045,2,109,1046,1047,1048,110,1049,1050,1051,1052,1053,1054,111,112,113,114,3,115,1055,1056,1058,1057,1059,1060,116,117,2003,2004,2005,2006,2007,2008,2009,2010,2011,2012,2013,2014,2015,2016,2017,2018,2019,2020,2021,2022,2023,2024,2025,2026,2027,2028,2031,2032,2033,2029,2034,2035,2030],\"remark\":\"\",\"roleId\":2,\"roleKey\":\"user\",\"roleName\":\"\",\"roleSort\":20,\"status\":\"0\",\"updateBy\":\"admin\",\"updateTime\":\"2023-03-24 14:51:42.779\"}', '{\"msg\":\"\",\"code\":200}', 0, NULL, '2023-03-24 14:51:43');
INSERT INTO `sys_oper_log` VALUES (170, '', 2, 'com.ruoyi.web.controller.system.SysMenuController.edit()', 'PUT', 1, 'admin', NULL, '/system/menu', '127.0.0.1', 'IP', '{\"children\":[],\"component\":\"system/dept/index\",\"createTime\":\"2022-08-09 10:14:24\",\"icon\":\"tree\",\"isCache\":\"0\",\"isFrame\":\"1\",\"menuId\":103,\"menuName\":\"\",\"menuType\":\"C\",\"orderNum\":4,\"parentId\":1,\"path\":\"dept\",\"perms\":\"system:dept:list\",\"query\":\"\",\"status\":\"0\",\"updateBy\":\"admin\",\"updateTime\":\"2023-03-24 14:52:27.109\",\"visible\":\"0\"}', '{\"msg\":\"\",\"code\":200}', 0, NULL, '2023-03-24 14:52:27');
INSERT INTO `sys_oper_log` VALUES (171, '', 2, 'com.ruoyi.web.controller.system.SysDeptController.edit()', 'PUT', 1, 'admin', NULL, '/system/dept', '127.0.0.1', 'IP', '{\"ancestors\":\"0\",\"children\":[],\"deptId\":100,\"deptName\":\"\",\"email\":\"ry@qq.com\",\"leader\":\"\",\"orderNum\":0,\"parentId\":0,\"phone\":\"15888888888\",\"status\":\"0\",\"updateBy\":\"admin\",\"updateTime\":\"2023-03-24 14:52:50.895\"}', '{\"msg\":\"\",\"code\":200}', 0, NULL, '2023-03-24 14:52:50');
INSERT INTO `sys_oper_log` VALUES (172, '', 2, 'com.ruoyi.web.controller.system.SysDeptController.edit()', 'PUT', 1, 'admin', NULL, '/system/dept', '127.0.0.1', 'IP', '{\"ancestors\":\"0,100\",\"children\":[],\"deptId\":101,\"deptName\":\"\",\"email\":\"ry@qq.com\",\"leader\":\"\",\"orderNum\":1,\"parentId\":100,\"parentName\":\"\",\"phone\":\"15888888888\",\"status\":\"0\",\"updateBy\":\"admin\",\"updateTime\":\"2023-03-24 14:54:52.009\"}', '{\"msg\":\"\",\"code\":200}', 0, NULL, '2023-03-24 14:54:52');
INSERT INTO `sys_oper_log` VALUES (173, '', 2, 'com.ruoyi.web.controller.system.SysDeptController.edit()', 'PUT', 1, 'admin', NULL, '/system/dept', '127.0.0.1', 'IP', '{\"ancestors\":\"0,100,101\",\"children\":[],\"deptId\":103,\"deptName\":\"1\",\"email\":\"ry@qq.com\",\"leader\":\"\",\"orderNum\":1,\"parentId\":101,\"parentName\":\"\",\"phone\":\"15888888888\",\"status\":\"0\",\"updateBy\":\"admin\",\"updateTime\":\"2023-03-24 14:55:09.55\"}', '{\"msg\":\"\",\"code\":200}', 0, NULL, '2023-03-24 14:55:09');
INSERT INTO `sys_oper_log` VALUES (174, '', 2, 'com.ruoyi.web.controller.system.SysDeptController.edit()', 'PUT', 1, 'admin', NULL, '/system/dept', '127.0.0.1', 'IP', '{\"ancestors\":\"0,100,101\",\"children\":[],\"deptId\":104,\"deptName\":\"2\",\"email\":\"ry@qq.com\",\"leader\":\"\",\"orderNum\":2,\"parentId\":101,\"parentName\":\"\",\"phone\":\"15888888888\",\"status\":\"0\",\"updateBy\":\"admin\",\"updateTime\":\"2023-03-24 14:55:21.541\"}', '{\"msg\":\"\",\"code\":200}', 0, NULL, '2023-03-24 14:55:21');
INSERT INTO `sys_oper_log` VALUES (175, '', 2, 'com.ruoyi.web.controller.system.SysDeptController.edit()', 'PUT', 1, 'admin', NULL, '/system/dept', '127.0.0.1', 'IP', '{\"ancestors\":\"0,100,101\",\"children\":[],\"deptId\":105,\"deptName\":\"3\",\"email\":\"ry@qq.com\",\"leader\":\"\",\"orderNum\":3,\"parentId\":101,\"parentName\":\"\",\"phone\":\"15888888888\",\"status\":\"0\",\"updateBy\":\"admin\",\"updateTime\":\"2023-03-24 14:55:33.801\"}', '{\"msg\":\"\",\"code\":200}', 0, NULL, '2023-03-24 14:55:33');
INSERT INTO `sys_oper_log` VALUES (176, '', 2, 'com.ruoyi.web.controller.system.SysDeptController.edit()', 'PUT', 1, 'admin', NULL, '/system/dept', '127.0.0.1', 'IP', '{\"ancestors\":\"0,100,101\",\"children\":[],\"deptId\":106,\"deptName\":\"4\",\"email\":\"ry@qq.com\",\"leader\":\"\",\"orderNum\":4,\"parentId\":101,\"parentName\":\"\",\"phone\":\"15888888888\",\"status\":\"0\",\"updateBy\":\"admin\",\"updateTime\":\"2023-03-24 14:55:51.806\"}', '{\"msg\":\"\",\"code\":200}', 0, NULL, '2023-03-24 14:55:52');
INSERT INTO `sys_oper_log` VALUES (177, '', 2, 'com.ruoyi.web.controller.system.SysDeptController.edit()', 'PUT', 1, 'admin', NULL, '/system/dept', '127.0.0.1', 'IP', '{\"ancestors\":\"0,100,101\",\"children\":[],\"deptId\":107,\"deptName\":\"5\",\"email\":\"ry@qq.com\",\"leader\":\"\",\"orderNum\":5,\"parentId\":101,\"parentName\":\"\",\"phone\":\"15888888888\",\"status\":\"0\",\"updateBy\":\"admin\",\"updateTime\":\"2023-03-24 14:56:02.583\"}', '{\"msg\":\"\",\"code\":200}', 0, NULL, '2023-03-24 14:56:02');
INSERT INTO `sys_oper_log` VALUES (178, '', 2, 'com.ruoyi.web.controller.system.SysDeptController.edit()', 'PUT', 1, 'admin', NULL, '/system/dept', '127.0.0.1', 'IP', '{\"ancestors\":\"0,100\",\"children\":[],\"deptId\":102,\"deptName\":\"\",\"email\":\"ry@qq.com\",\"leader\":\"\",\"orderNum\":2,\"parentId\":100,\"parentName\":\"\",\"phone\":\"15888888888\",\"status\":\"0\",\"updateBy\":\"admin\",\"updateTime\":\"2023-03-24 14:56:17.342\"}', '{\"msg\":\"\",\"code\":200}', 0, NULL, '2023-03-24 14:56:17');
INSERT INTO `sys_oper_log` VALUES (179, '', 2, 'com.ruoyi.web.controller.system.SysDeptController.edit()', 'PUT', 1, 'admin', NULL, '/system/dept', '127.0.0.1', 'IP', '{\"ancestors\":\"0,100,102\",\"children\":[],\"deptId\":108,\"deptName\":\"1\",\"email\":\"ry@qq.com\",\"leader\":\"\",\"orderNum\":1,\"parentId\":102,\"parentName\":\"\",\"phone\":\"15888888888\",\"status\":\"0\",\"updateBy\":\"admin\",\"updateTime\":\"2023-03-24 14:56:26.565\"}', '{\"msg\":\"\",\"code\":200}', 0, NULL, '2023-03-24 14:56:26');
INSERT INTO `sys_oper_log` VALUES (180, '', 2, 'com.ruoyi.web.controller.system.SysDeptController.edit()', 'PUT', 1, 'admin', NULL, '/system/dept', '127.0.0.1', 'IP', '{\"ancestors\":\"0,100,102\",\"children\":[],\"deptId\":109,\"deptName\":\"2\",\"email\":\"ry@qq.com\",\"leader\":\"\",\"orderNum\":2,\"parentId\":102,\"parentName\":\"\",\"phone\":\"15888888888\",\"status\":\"0\",\"updateBy\":\"admin\",\"updateTime\":\"2023-03-24 14:56:35.953\"}', '{\"msg\":\"\",\"code\":200}', 0, NULL, '2023-03-24 14:56:36');
INSERT INTO `sys_oper_log` VALUES (181, '', 6, 'com.ruoyi.generator.controller.GenController.importTableSave()', 'POST', 1, 'admin', NULL, '/tool/gen/importTable', '127.0.0.1', 'IP', '\"sys_user\"', '{\"msg\":\"\",\"code\":200}', 0, NULL, '2023-03-24 15:05:24');
INSERT INTO `sys_oper_log` VALUES (182, '', 3, 'com.ruoyi.generator.controller.GenController.remove()', 'DELETE', 1, 'admin', NULL, '/tool/gen/3', '127.0.0.1', 'IP', '{}', '{\"msg\":\"\",\"code\":200}', 0, NULL, '2023-03-24 15:11:54');
INSERT INTO `sys_oper_log` VALUES (183, '', 6, 'com.ruoyi.generator.controller.GenController.importTableSave()', 'POST', 1, 'admin', NULL, '/tool/gen/importTable', '127.0.0.1', 'IP', '\"sys_user\"', '{\"msg\":\"\",\"code\":200}', 0, NULL, '2023-03-24 15:12:23');
INSERT INTO `sys_oper_log` VALUES (184, '', 2, 'com.ruoyi.generator.controller.GenController.editSave()', 'PUT', 1, 'admin', NULL, '/tool/gen', '127.0.0.1', 'IP', '{\"businessName\":\"user\",\"className\":\"SysUser\",\"columns\":[{\"capJavaField\":\"UserId\",\"columnComment\":\"ID\",\"columnId\":40,\"columnName\":\"user_id\",\"columnType\":\"bigint(20)\",\"createBy\":\"admin\",\"createTime\":\"2023-03-24 15:12:22\",\"dictType\":\"\",\"edit\":false,\"htmlType\":\"input\",\"increment\":true,\"insert\":true,\"isIncrement\":\"1\",\"isInsert\":\"1\",\"isPk\":\"1\",\"isRequired\":\"0\",\"javaField\":\"userId\",\"javaType\":\"Long\",\"list\":false,\"pk\":true,\"query\":false,\"queryType\":\"EQ\",\"required\":false,\"sort\":1,\"superColumn\":false,\"tableId\":4,\"updateBy\":\"\",\"usableColumn\":false},{\"capJavaField\":\"DeptId\",\"columnComment\":\"ID\",\"columnId\":41,\"columnName\":\"dept_id\",\"columnType\":\"bigint(20)\",\"createBy\":\"admin\",\"createTime\":\"2023-03-24 15:12:22\",\"dictType\":\"\",\"edit\":true,\"htmlType\":\"input\",\"increment\":false,\"insert\":true,\"isEdit\":\"1\",\"isIncrement\":\"0\",\"isInsert\":\"1\",\"isList\":\"1\",\"isPk\":\"0\",\"isQuery\":\"1\",\"isRequired\":\"1\",\"javaField\":\"deptId\",\"javaType\":\"Long\",\"list\":true,\"pk\":false,\"query\":true,\"queryType\":\"EQ\",\"required\":true,\"sort\":2,\"superColumn\":false,\"tableId\":4,\"updateBy\":\"\",\"usableColumn\":false},{\"capJavaField\":\"UserName\",\"columnComment\":\"\",\"columnId\":42,\"columnName\":\"user_name\",\"columnType\":\"varchar(30)\",\"createBy\":\"admin\",\"createTime\":\"2023-03-24 15:12:22\",\"dictType\":\"\",\"edit\":true,\"htmlType\":\"input\",\"increment\":false,\"insert\":true,\"isEdit\":\"1\",\"isIncrement\":\"0\",\"isInsert\":\"1\",\"isList\":\"1\",\"isPk\":\"0\",\"isQuery\":\"1\",\"isRequired\":\"0\",\"javaField\":\"userName\",\"javaType\":\"String\",\"list\":true,\"pk\":false,\"query\":true,\"queryType\":\"LIKE\",\"required\":false,\"sort\":3,\"superColumn\":false,\"tableId\":4,\"updateBy\":\"\",\"usableColumn\":false},{\"capJavaField\":\"NickName\",\"columnComment\":\"\",\"columnId\":43,\"columnName\":\"nick_name\",\"columnType\":\"varchar(30)\",\"createBy\":\"admin\",\"createTime\":\"2023-03-24 15:12:22\",\"dictType\":\"\",\"edit\":true,\"htmlType\":\"input\",\"increment\":false,\"insert\":true,\"isEdit\":\"1\",\"isIncrement\":\"0\",\"isInsert\":\"1\",\"isList\":\"1\",\"isPk\":\"0\",\"isQuery\":\"1\",\"isRequired\":\"0\",\"javaField\":\"nickName\",\"javaType\":\"Str', '{\"msg\":\"\",\"code\":200}', 0, NULL, '2023-03-24 15:14:44');
INSERT INTO `sys_oper_log` VALUES (185, '', 8, 'com.ruoyi.generator.controller.GenController.batchGenCode()', 'GET', 1, 'admin', NULL, '/tool/gen/batchGenCode', '127.0.0.1', 'IP', '{\"tables\":\"sys_user\"}', NULL, 0, NULL, '2023-03-24 15:14:54');
INSERT INTO `sys_oper_log` VALUES (186, '', 2, 'com.ruoyi.web.controller.system.SysRoleController.dataScope()', 'PUT', 1, 'admin', NULL, '/system/role/dataScope', '127.0.0.1', 'IP', '{\"admin\":false,\"createTime\":\"2022-07-30 12:09:02\",\"dataScope\":\"5\",\"delFlag\":\"0\",\"deptCheckStrictly\":true,\"deptIds\":[],\"flag\":false,\"menuCheckStrictly\":true,\"remark\":\"\",\"roleId\":2,\"roleKey\":\"user\",\"roleName\":\"\",\"roleSort\":20,\"status\":\"0\",\"updateTime\":\"2023-03-24 16:35:46.365\"}', '{\"msg\":\"\",\"code\":200}', 0, NULL, '2023-03-24 16:35:46');
INSERT INTO `sys_oper_log` VALUES (187, '', 4, 'com.ruoyi.web.controller.system.SysUserController.insertAuthRole()', 'PUT', 1, 'admin', NULL, '/system/user/authRole', '127.0.0.1', 'IP', '2 [2,3]', '{\"msg\":\"\",\"code\":200}', 0, NULL, '2023-03-26 12:39:28');
INSERT INTO `sys_oper_log` VALUES (188, '', 4, 'com.ruoyi.web.controller.system.SysRoleController.cancelAuthUser()', 'PUT', 1, 'admin', NULL, '/system/role/authUser/cancel', '127.0.0.1', 'IP', '{\"roleId\":3,\"userId\":4}', '{\"msg\":\"\",\"code\":200}', 0, NULL, '2023-03-26 12:40:17');
INSERT INTO `sys_oper_log` VALUES (189, '', 4, 'com.ruoyi.web.controller.system.SysRoleController.selectAuthUserAll()', 'PUT', 1, 'admin', NULL, '/system/role/authUser/selectAll', '127.0.0.1', 'IP', '3 [1]', '{\"msg\":\"\",\"code\":200}', 0, NULL, '2023-03-26 12:40:22');
INSERT INTO `sys_oper_log` VALUES (190, '', 4, 'com.ruoyi.web.controller.system.SysUserController.insertAuthRole()', 'PUT', 1, 'admin', NULL, '/system/user/authRole', '127.0.0.1', 'IP', '2 [3,2,4]', '{\"msg\":\"\",\"code\":200}', 0, NULL, '2023-03-26 13:08:00');
INSERT INTO `sys_oper_log` VALUES (191, '', 4, 'com.ruoyi.web.controller.system.SysUserController.insertAuthRole()', 'PUT', 1, 'admin', NULL, '/system/user/authRole', '127.0.0.1', 'IP', '3 [2,4]', '{\"msg\":\"\",\"code\":200}', 0, NULL, '2023-03-26 13:08:31');
INSERT INTO `sys_oper_log` VALUES (192, '', 4, 'com.ruoyi.web.controller.system.SysUserController.insertAuthRole()', 'PUT', 1, 'admin', NULL, '/system/user/authRole', '127.0.0.1', 'IP', '4 [2,4]', '{\"msg\":\"\",\"code\":200}', 0, NULL, '2023-03-26 13:08:41');
INSERT INTO `sys_oper_log` VALUES (193, '', 2, 'com.ruoyi.web.controller.system.SysUserController.resetPwd()', 'PUT', 1, 'admin', NULL, '/system/user/resetPwd', '127.0.0.1', 'IP', '{\"admin\":false,\"updateBy\":\"admin\",\"updateTime\":\"2023-03-26 13:09:24.331\",\"userId\":2}', '{\"msg\":\"\",\"code\":200}', 0, NULL, '2023-03-26 13:09:24');
INSERT INTO `sys_oper_log` VALUES (194, '', 2, 'com.ruoyi.web.controller.system.SysRoleController.dataScope()', 'PUT', 1, 'admin', NULL, '/system/role/dataScope', '127.0.0.1', 'IP', '{\"admin\":false,\"createTime\":\"2023-03-24 14:49:10\",\"dataScope\":\"4\",\"delFlag\":\"0\",\"deptCheckStrictly\":true,\"deptIds\":[],\"flag\":false,\"menuCheckStrictly\":true,\"remark\":\"\",\"roleId\":3,\"roleKey\":\"manager\",\"roleName\":\"\",\"roleSort\":5,\"status\":\"0\",\"updateTime\":\"2023-03-26 13:11:58.873\"}', '{\"msg\":\"\",\"code\":200}', 0, NULL, '2023-03-26 13:11:58');
INSERT INTO `sys_oper_log` VALUES (195, '', 2, 'com.ruoyi.web.controller.system.SysRoleController.edit()', 'PUT', 1, 'admin', NULL, '/system/role', '127.0.0.1', 'IP', '{\"admin\":false,\"createTime\":\"2023-03-24 14:49:10\",\"dataScope\":\"4\",\"delFlag\":\"0\",\"deptCheckStrictly\":true,\"flag\":false,\"menuCheckStrictly\":true,\"menuIds\":[2,2004,2005,1,100,1000,1001,1002,1003,1004,1005,1006,101,1007,1008,1009,1010,1011,102,1012,1013,1014,1015,103,1016,1017,1018,1019,104,1020,1021,1022,1023,1024,105,1025,1026,1027,1028,1029,106,1030,1031,1032,1033,1034,107,1035,1036,1037,1038,108,500,1039,1040,1041,501,1042,1043,1044,1045,2002,109,1046,1047,1048,112,113,114,2006,2007,2008,2009,2011,2012,2013,2014,2015,2016,2017,2018,2019,2020,2021,2027,2028,2031,2032,2033,2029,2034,2035,2030],\"remark\":\"\",\"roleId\":3,\"roleKey\":\"manager\",\"roleName\":\"\",\"roleSort\":5,\"status\":\"0\",\"updateBy\":\"admin\",\"updateTime\":\"2023-03-26 13:19:29.348\"}', '{\"msg\":\"\",\"code\":200}', 0, NULL, '2023-03-26 13:19:29');
INSERT INTO `sys_oper_log` VALUES (196, '', 2, 'com.ruoyi.web.controller.system.SysRoleController.edit()', 'PUT', 1, 'admin', NULL, '/system/role', '127.0.0.1', 'IP', '{\"admin\":false,\"createTime\":\"2023-03-24 14:50:23\",\"dataScope\":\"1\",\"delFlag\":\"0\",\"deptCheckStrictly\":true,\"flag\":false,\"menuCheckStrictly\":true,\"menuIds\":[2004,2005,2006,2007,2027,2028,2031,2032,2033,2029,2034,2035,2030],\"remark\":\"\",\"roleId\":4,\"roleKey\":\"employee\",\"roleName\":\"\",\"roleSort\":10,\"status\":\"0\",\"updateBy\":\"admin\",\"updateTime\":\"2023-03-26 13:20:12.657\"}', '{\"msg\":\"\",\"code\":200}', 0, NULL, '2023-03-26 13:20:12');
INSERT INTO `sys_oper_log` VALUES (197, '', 2, 'com.ruoyi.web.controller.system.SysRoleController.edit()', 'PUT', 1, 'admin', NULL, '/system/role', '127.0.0.1', 'IP', '{\"admin\":false,\"createTime\":\"2022-07-30 12:09:02\",\"dataScope\":\"5\",\"delFlag\":\"0\",\"deptCheckStrictly\":true,\"flag\":false,\"menuCheckStrictly\":true,\"menuIds\":[2004,2005,2006,2007,2027,2028,2031,2032,2033,2029,2034,2035,2030],\"remark\":\"\",\"roleId\":2,\"roleKey\":\"user\",\"roleName\":\"\",\"roleSort\":20,\"status\":\"0\",\"updateBy\":\"admin\",\"updateTime\":\"2023-03-26 13:21:25.927\"}', '{\"msg\":\"\",\"code\":200}', 0, NULL, '2023-03-26 13:21:26');
INSERT INTO `sys_oper_log` VALUES (198, '', 2, 'com.ruoyi.web.controller.system.SysUserController.edit()', 'PUT', 1, 'ry', NULL, '/system/user', '127.0.0.1', 'IP', '{\"admin\":false,\"avatar\":\"\",\"createBy\":\"admin\",\"createTime\":\"2022-07-30 12:09:02\",\"delFlag\":\"0\",\"dept\":{\"ancestors\":\"0,100\",\"children\":[],\"deptId\":101,\"deptName\":\"\",\"leader\":\"\",\"orderNum\":1,\"parentId\":100,\"status\":\"0\"},\"deptId\":101,\"email\":\"ry@qq.com\",\"loginDate\":\"2023-03-26 13:09:30\",\"loginIp\":\"127.0.0.1\",\"nickName\":\"\",\"phonenumber\":\"15666666666\",\"postIds\":[2],\"remark\":\"\",\"roleIds\":[2,3,4],\"roles\":[{\"admin\":false,\"dataScope\":\"5\",\"deptCheckStrictly\":false,\"flag\":false,\"menuCheckStrictly\":false,\"roleId\":2,\"roleKey\":\"user\",\"roleName\":\"\",\"roleSort\":20,\"status\":\"0\"},{\"admin\":false,\"dataScope\":\"4\",\"deptCheckStrictly\":false,\"flag\":false,\"menuCheckStrictly\":false,\"roleId\":3,\"roleKey\":\"manager\",\"roleName\":\"\",\"roleSort\":5,\"status\":\"0\"},{\"admin\":false,\"dataScope\":\"1\",\"deptCheckStrictly\":false,\"flag\":false,\"menuCheckStrictly\":false,\"roleId\":4,\"roleKey\":\"employee\",\"roleName\":\"\",\"roleSort\":10,\"status\":\"0\"}],\"sex\":\"1\",\"status\":\"0\",\"updateBy\":\"ry\",\"updateTime\":\"2023-03-26 13:22:08.57\",\"userId\":2,\"userName\":\"ry\"}', '{\"msg\":\"\",\"code\":200}', 0, NULL, '2023-03-26 13:22:08');
INSERT INTO `sys_oper_log` VALUES (199, '', 2, 'com.ruoyi.web.controller.system.SysUserController.edit()', 'PUT', 1, 'ry', NULL, '/system/user', '127.0.0.1', 'IP', '{\"admin\":false,\"avatar\":\"\",\"createBy\":\"admin\",\"createTime\":\"2022-08-18 14:59:06\",\"delFlag\":\"0\",\"dept\":{\"ancestors\":\"0,100,101\",\"children\":[],\"deptId\":103,\"deptName\":\"1\",\"leader\":\"\",\"orderNum\":1,\"parentId\":101,\"status\":\"0\"},\"deptId\":103,\"email\":\"\",\"loginIp\":\"\",\"nickName\":\"\",\"phonenumber\":\"15666668888\",\"postIds\":[4],\"remark\":\"\",\"roleIds\":[2,4],\"roles\":[{\"admin\":false,\"dataScope\":\"5\",\"deptCheckStrictly\":false,\"flag\":false,\"menuCheckStrictly\":false,\"roleId\":2,\"roleKey\":\"user\",\"roleName\":\"\",\"roleSort\":20,\"status\":\"0\"},{\"admin\":false,\"dataScope\":\"1\",\"deptCheckStrictly\":false,\"flag\":false,\"menuCheckStrictly\":false,\"roleId\":4,\"roleKey\":\"employee\",\"roleName\":\"\",\"roleSort\":10,\"status\":\"0\"}],\"sex\":\"0\",\"status\":\"0\",\"updateBy\":\"ry\",\"updateTime\":\"2023-03-26 13:22:26.546\",\"userId\":3,\"userName\":\"puyg\"}', '{\"msg\":\"\",\"code\":200}', 0, NULL, '2023-03-26 13:22:26');
INSERT INTO `sys_oper_log` VALUES (200, '', 2, 'com.ruoyi.web.controller.system.SysUserController.edit()', 'PUT', 1, 'ry', NULL, '/system/user', '127.0.0.1', 'IP', '{\"admin\":false,\"avatar\":\"\",\"createBy\":\"admin\",\"createTime\":\"2022-08-18 14:59:59\",\"delFlag\":\"0\",\"dept\":{\"ancestors\":\"0\",\"children\":[],\"deptId\":100,\"deptName\":\"\",\"leader\":\"\",\"orderNum\":0,\"parentId\":0,\"status\":\"0\"},\"deptId\":100,\"email\":\"\",\"loginIp\":\"\",\"nickName\":\"\",\"phonenumber\":\"16688886666\",\"postIds\":[3],\"remark\":\"\",\"roleIds\":[2,4],\"roles\":[{\"admin\":false,\"dataScope\":\"5\",\"deptCheckStrictly\":false,\"flag\":false,\"menuCheckStrictly\":false,\"roleId\":2,\"roleKey\":\"user\",\"roleName\":\"\",\"roleSort\":20,\"status\":\"0\"},{\"admin\":false,\"dataScope\":\"1\",\"deptCheckStrictly\":false,\"flag\":false,\"menuCheckStrictly\":false,\"roleId\":4,\"roleKey\":\"employee\",\"roleName\":\"\",\"roleSort\":10,\"status\":\"0\"}],\"sex\":\"1\",\"status\":\"0\",\"updateBy\":\"ry\",\"updateTime\":\"2023-03-26 13:22:44.11\",\"userId\":4,\"userName\":\"rl\"}', '{\"msg\":\"\",\"code\":200}', 0, NULL, '2023-03-26 13:22:44');
INSERT INTO `sys_oper_log` VALUES (201, '', 4, 'com.ruoyi.web.controller.system.SysRoleController.cancelAuthUserAll()', 'PUT', 1, 'ry', NULL, '/system/role/authUser/cancelAll', '127.0.0.1', 'IP', '3 [1]', '{\"msg\":\"\",\"code\":200}', 0, NULL, '2023-03-26 13:23:02');
INSERT INTO `sys_oper_log` VALUES (202, '', 4, 'com.ruoyi.web.controller.system.SysRoleController.cancelAuthUserAll()', 'PUT', 1, 'ry', NULL, '/system/role/authUser/cancelAll', '127.0.0.1', 'IP', '4 [2,4]', '{\"msg\":\"\",\"code\":200}', 0, NULL, '2023-03-26 13:23:19');
INSERT INTO `sys_oper_log` VALUES (203, '', 4, 'com.ruoyi.web.controller.system.SysRoleController.cancelAuthUserAll()', 'PUT', 1, 'ry', NULL, '/system/role/authUser/cancelAll', '127.0.0.1', 'IP', '2 [2,3]', '{\"msg\":\"\",\"code\":200}', 0, NULL, '2023-03-26 13:23:33');
INSERT INTO `sys_oper_log` VALUES (204, '', 2, 'com.ruoyi.web.controller.system.SysRoleController.edit()', 'PUT', 1, 'admin', NULL, '/system/role', '127.0.0.1', 'IP', '{\"admin\":false,\"createTime\":\"2023-03-24 14:49:10\",\"dataScope\":\"4\",\"delFlag\":\"0\",\"deptCheckStrictly\":true,\"flag\":false,\"menuCheckStrictly\":true,\"menuIds\":[1,108,500,501,2,2004,2005,100,1000,1001,1002,1003,1004,1005,1006,103,1016,1017,1018,1019,107,1035,1036,1037,1038,1039,1041,1042,1044,1045,109,1046,1047,1048,112,113,114,2006,2007,2008,2009,2011,2012,2013,2014,2015,2016,2017,2018,2019,2020,2021,2027,2028,2031,2032,2033,2029,2034,2035,2030],\"remark\":\"\",\"roleId\":3,\"roleKey\":\"manager\",\"roleName\":\"\",\"roleSort\":5,\"status\":\"0\",\"updateBy\":\"admin\",\"updateTime\":\"2023-03-26 21:27:48.735\"}', '{\"msg\":\"\",\"code\":200}', 0, NULL, '2023-03-26 21:27:48');
INSERT INTO `sys_oper_log` VALUES (205, '', 2, 'com.ruoyi.web.controller.system.SysRoleController.edit()', 'PUT', 1, 'admin', NULL, '/system/role', '127.0.0.1', 'IP', '{\"admin\":false,\"createTime\":\"2023-03-24 14:49:10\",\"dataScope\":\"4\",\"delFlag\":\"0\",\"deptCheckStrictly\":true,\"flag\":false,\"menuCheckStrictly\":true,\"menuIds\":[1,108,500,501,2,100,1000,1001,1002,1003,1004,1005,1006,103,1016,1017,1018,1019,107,1035,1036,1037,1038,1039,1041,1042,1044,1045,109,1046,1047,1048,112,113,114,2027,2028,2031,2032,2033,2029,2034,2035,2030],\"remark\":\"\",\"roleId\":3,\"roleKey\":\"manager\",\"roleName\":\"\",\"roleSort\":5,\"status\":\"0\",\"updateBy\":\"admin\",\"updateTime\":\"2023-03-26 21:28:47.3\"}', '{\"msg\":\"\",\"code\":200}', 0, NULL, '2023-03-26 21:28:47');
INSERT INTO `sys_oper_log` VALUES (206, '', 2, 'com.ruoyi.web.controller.system.SysRoleController.edit()', 'PUT', 1, 'admin', NULL, '/system/role', '127.0.0.1', 'IP', '{\"admin\":false,\"createTime\":\"2023-03-24 14:49:10\",\"dataScope\":\"4\",\"delFlag\":\"0\",\"deptCheckStrictly\":true,\"flag\":false,\"menuCheckStrictly\":true,\"menuIds\":[1,108,500,501,2,100,1000,1001,1002,1003,1004,1005,1006,103,1016,1017,1018,1019,107,1035,1036,1037,1038,1039,1041,1042,1044,1045,109,1046,1047,1048,112,113,2027,2028,2031,2032,2033,2029,2034,2035,2030],\"remark\":\"\",\"roleId\":3,\"roleKey\":\"manager\",\"roleName\":\"\",\"roleSort\":5,\"status\":\"0\",\"updateBy\":\"admin\",\"updateTime\":\"2023-03-26 21:30:16.08\"}', '{\"msg\":\"\",\"code\":200}', 0, NULL, '2023-03-26 21:30:16');
INSERT INTO `sys_oper_log` VALUES (207, '', 2, 'com.ruoyi.web.controller.system.SysRoleController.edit()', 'PUT', 1, 'admin', NULL, '/system/role', '127.0.0.1', 'IP', '{\"admin\":false,\"createTime\":\"2023-03-24 14:50:23\",\"dataScope\":\"1\",\"delFlag\":\"0\",\"deptCheckStrictly\":true,\"flag\":false,\"menuCheckStrictly\":true,\"menuIds\":[2,111,112,2027,2028,2031,2032,2033,2029,2034,2035,2030],\"remark\":\"\",\"roleId\":4,\"roleKey\":\"employee\",\"roleName\":\"\",\"roleSort\":10,\"status\":\"0\",\"updateBy\":\"admin\",\"updateTime\":\"2023-03-26 21:31:14.574\"}', '{\"msg\":\"\",\"code\":200}', 0, NULL, '2023-03-26 21:31:14');
INSERT INTO `sys_oper_log` VALUES (208, '', 2, 'com.ruoyi.web.controller.system.SysUserController.resetPwd()', 'PUT', 1, 'admin', NULL, '/system/user/resetPwd', '127.0.0.1', 'IP', '{\"admin\":false,\"updateBy\":\"admin\",\"updateTime\":\"2023-03-26 21:32:09.763\",\"userId\":3}', '{\"msg\":\"\",\"code\":200}', 0, NULL, '2023-03-26 21:32:09');
INSERT INTO `sys_oper_log` VALUES (209, '', 2, 'com.ruoyi.web.controller.system.SysRoleController.edit()', 'PUT', 1, 'admin', NULL, '/system/role', '127.0.0.1', 'IP', '{\"admin\":false,\"createTime\":\"2023-03-24 14:50:23\",\"dataScope\":\"1\",\"delFlag\":\"0\",\"deptCheckStrictly\":true,\"flag\":false,\"menuCheckStrictly\":true,\"menuIds\":[1,107,2,1035,112,2027,2028,2031,2032,2033,2029,2034,2035,2030],\"remark\":\"\",\"roleId\":4,\"roleKey\":\"employee\",\"roleName\":\"\",\"roleSort\":10,\"status\":\"0\",\"updateBy\":\"admin\",\"updateTime\":\"2023-03-26 21:34:21.196\"}', '{\"msg\":\"\",\"code\":200}', 0, NULL, '2023-03-26 21:34:21');
INSERT INTO `sys_oper_log` VALUES (210, '', 2, 'com.ruoyi.web.controller.system.SysRoleController.edit()', 'PUT', 1, 'admin', NULL, '/system/role', '127.0.0.1', 'IP', '{\"admin\":false,\"createTime\":\"2023-03-24 14:49:10\",\"dataScope\":\"4\",\"delFlag\":\"0\",\"deptCheckStrictly\":true,\"flag\":false,\"menuCheckStrictly\":true,\"menuIds\":[1,108,500,501,2,100,1000,1001,1002,1003,1004,1005,1006,103,1016,1017,1018,1019,107,1035,1036,1037,1038,1039,1041,1042,1044,1045,109,1046,1047,1048,112,113,2027,2028,2031,2032,2033,2029,2034,2035,2030],\"remark\":\"\",\"roleId\":3,\"roleKey\":\"manager\",\"roleName\":\"\",\"roleSort\":5,\"status\":\"0\",\"updateBy\":\"admin\",\"updateTime\":\"2023-03-26 21:36:36.975\"}', '{\"msg\":\"\",\"code\":200}', 0, NULL, '2023-03-26 21:36:37');
INSERT INTO `sys_oper_log` VALUES (211, '', 2, 'com.ruoyi.web.controller.system.SysRoleController.edit()', 'PUT', 1, 'admin', NULL, '/system/role', '127.0.0.1', 'IP', '{\"admin\":false,\"createTime\":\"2023-03-24 14:50:23\",\"dataScope\":\"1\",\"delFlag\":\"0\",\"deptCheckStrictly\":true,\"flag\":false,\"menuCheckStrictly\":true,\"menuIds\":[1,107,2,1035,1036,1037,112,2027,2028,2031,2032,2033,2029,2034,2035,2030],\"remark\":\"\",\"roleId\":4,\"roleKey\":\"employee\",\"roleName\":\"\",\"roleSort\":10,\"status\":\"0\",\"updateBy\":\"admin\",\"updateTime\":\"2023-03-26 21:36:55.884\"}', '{\"msg\":\"\",\"code\":200}', 0, NULL, '2023-03-26 21:36:56');
INSERT INTO `sys_oper_log` VALUES (212, '', 2, 'com.ruoyi.web.controller.system.SysRoleController.edit()', 'PUT', 1, 'admin', NULL, '/system/role', '127.0.0.1', 'IP', '{\"admin\":false,\"createTime\":\"2023-03-24 14:50:23\",\"dataScope\":\"1\",\"delFlag\":\"0\",\"deptCheckStrictly\":true,\"flag\":false,\"menuCheckStrictly\":true,\"menuIds\":[1,107,2,1035,112,2027,2028,2031,2032,2033,2029,2034,2035,2030],\"remark\":\"\",\"roleId\":4,\"roleKey\":\"employee\",\"roleName\":\"\",\"roleSort\":10,\"status\":\"0\",\"updateBy\":\"admin\",\"updateTime\":\"2023-03-26 21:38:40.513\"}', '{\"msg\":\"\",\"code\":200}', 0, NULL, '2023-03-26 21:38:40');
INSERT INTO `sys_oper_log` VALUES (213, '', 2, 'com.ruoyi.web.controller.system.SysRoleController.edit()', 'PUT', 1, 'admin', NULL, '/system/role', '127.0.0.1', 'IP', '{\"admin\":false,\"createTime\":\"2023-03-24 14:50:23\",\"dataScope\":\"1\",\"delFlag\":\"0\",\"deptCheckStrictly\":true,\"flag\":false,\"menuCheckStrictly\":true,\"menuIds\":[1,107,2,1035,112,2027,2028,2031,2032,2033,2029,2034,2035,2030],\"remark\":\"\",\"roleId\":4,\"roleKey\":\"employee\",\"roleName\":\"\",\"roleSort\":10,\"status\":\"0\",\"updateBy\":\"admin\",\"updateTime\":\"2023-03-26 21:39:32.026\"}', '{\"msg\":\"\",\"code\":200}', 0, NULL, '2023-03-26 21:39:32');
INSERT INTO `sys_oper_log` VALUES (214, '', 2, 'com.ruoyi.web.controller.system.SysRoleController.edit()', 'PUT', 1, 'admin', NULL, '/system/role', '127.0.0.1', 'IP', '{\"admin\":false,\"createTime\":\"2022-07-30 12:09:02\",\"dataScope\":\"5\",\"delFlag\":\"0\",\"deptCheckStrictly\":true,\"flag\":false,\"menuCheckStrictly\":true,\"menuIds\":[1,107,1035,2027,2028,2031,2032,2033,2029,2034,2035,2030],\"remark\":\"\",\"roleId\":2,\"roleKey\":\"user\",\"roleName\":\"\",\"roleSort\":20,\"status\":\"0\",\"updateBy\":\"admin\",\"updateTime\":\"2023-03-26 21:39:58.582\"}', '{\"msg\":\"\",\"code\":200}', 0, NULL, '2023-03-26 21:39:58');
INSERT INTO `sys_oper_log` VALUES (215, '', 2, 'com.ruoyi.web.controller.system.SysRoleController.edit()', 'PUT', 1, 'admin', NULL, '/system/role', '127.0.0.1', 'IP', '{\"admin\":false,\"createTime\":\"2022-07-30 12:09:02\",\"dataScope\":\"5\",\"delFlag\":\"0\",\"deptCheckStrictly\":true,\"flag\":false,\"menuCheckStrictly\":true,\"menuIds\":[1,107,1035,2027,2028,2031,2032,2033,2029,2034,2035,2030],\"remark\":\"\",\"roleId\":2,\"roleKey\":\"user\",\"roleName\":\"\",\"roleSort\":20,\"status\":\"0\",\"updateBy\":\"admin\",\"updateTime\":\"2023-03-26 22:06:59.411\"}', '{\"msg\":\"\",\"code\":200}', 0, NULL, '2023-03-26 22:06:59');
INSERT INTO `sys_oper_log` VALUES (216, '', 2, 'com.ruoyi.web.controller.system.SysRoleController.edit()', 'PUT', 1, 'admin', NULL, '/system/role', '127.0.0.1', 'IP', '{\"admin\":false,\"createTime\":\"2023-03-24 14:50:23\",\"dataScope\":\"1\",\"delFlag\":\"0\",\"deptCheckStrictly\":true,\"flag\":false,\"menuCheckStrictly\":true,\"menuIds\":[1,100,107,1000,1001,1035,2027,2028,2031,2032,2033,2029,2034,2035,2030],\"remark\":\"\",\"roleId\":4,\"roleKey\":\"employee\",\"roleName\":\"\",\"roleSort\":10,\"status\":\"0\",\"updateBy\":\"admin\",\"updateTime\":\"2023-03-26 22:07:53.992\"}', '{\"msg\":\"\",\"code\":200}', 0, NULL, '2023-03-26 22:07:54');
INSERT INTO `sys_oper_log` VALUES (217, '', 2, 'com.ruoyi.web.controller.system.SysRoleController.edit()', 'PUT', 1, 'admin', NULL, '/system/role', '127.0.0.1', 'IP', '{\"admin\":false,\"createTime\":\"2022-07-30 12:09:02\",\"dataScope\":\"5\",\"delFlag\":\"0\",\"deptCheckStrictly\":true,\"flag\":false,\"menuCheckStrictly\":true,\"menuIds\":[1,107,2004,2005,1035,2007,2027,2028,2031,2032,2033,2029,2034,2035,2030],\"remark\":\"\",\"roleId\":2,\"roleKey\":\"user\",\"roleName\":\"\",\"roleSort\":20,\"status\":\"0\",\"updateBy\":\"admin\",\"updateTime\":\"2023-03-26 22:11:20.777\"}', '{\"msg\":\"\",\"code\":200}', 0, NULL, '2023-03-26 22:11:20');
INSERT INTO `sys_oper_log` VALUES (218, '', 2, 'com.ruoyi.web.controller.system.SysRoleController.edit()', 'PUT', 1, 'admin', NULL, '/system/role', '127.0.0.1', 'IP', '{\"admin\":false,\"createTime\":\"2023-03-24 14:49:10\",\"dataScope\":\"4\",\"delFlag\":\"0\",\"deptCheckStrictly\":true,\"flag\":false,\"menuCheckStrictly\":true,\"menuIds\":[1,108,500,501,2,2004,2005,100,1000,1001,1002,1003,1004,1005,1006,103,1016,1017,1018,1019,107,1035,1036,1037,1038,1039,1041,1042,1044,1045,109,1046,1047,1048,112,113,2006,2007,2027,2028,2031,2032,2033,2029,2034,2035,2030],\"remark\":\"\",\"roleId\":3,\"roleKey\":\"manager\",\"roleName\":\"\",\"roleSort\":5,\"status\":\"0\",\"updateBy\":\"admin\",\"updateTime\":\"2023-03-26 22:12:31.951\"}', '{\"msg\":\"\",\"code\":200}', 0, NULL, '2023-03-26 22:12:32');
INSERT INTO `sys_oper_log` VALUES (219, '', 2, 'com.ruoyi.web.controller.system.SysRoleController.edit()', 'PUT', 1, 'admin', NULL, '/system/role', '127.0.0.1', 'IP', '{\"admin\":false,\"createTime\":\"2023-03-24 14:49:10\",\"dataScope\":\"4\",\"delFlag\":\"0\",\"deptCheckStrictly\":true,\"flag\":false,\"menuCheckStrictly\":true,\"menuIds\":[1,108,500,501,2,2004,2005,2011,100,1000,1001,1002,1003,1004,1005,1006,103,1016,1017,1018,1019,107,1035,1036,1037,1038,1039,1041,1042,1044,1045,109,1046,1047,1048,112,113,2006,2007,2013,2027,2028,2031,2032,2033,2029,2034,2035,2030],\"remark\":\"\",\"roleId\":3,\"roleKey\":\"manager\",\"roleName\":\"\",\"roleSort\":5,\"status\":\"0\",\"updateBy\":\"admin\",\"updateTime\":\"2023-03-26 22:14:04.644\"}', '{\"msg\":\"\",\"code\":200}', 0, NULL, '2023-03-26 22:14:05');
INSERT INTO `sys_oper_log` VALUES (220, '', 2, 'com.ruoyi.web.controller.system.SysRoleController.edit()', 'PUT', 1, 'admin', NULL, '/system/role', '127.0.0.1', 'IP', '{\"admin\":false,\"createTime\":\"2023-03-24 14:49:10\",\"dataScope\":\"4\",\"delFlag\":\"0\",\"deptCheckStrictly\":true,\"flag\":false,\"menuCheckStrictly\":true,\"menuIds\":[1,108,500,501,2,2004,100,1000,1001,1002,1003,1004,1005,1006,103,1016,1017,1018,1019,107,1035,1036,1037,1038,1039,1041,1042,1044,1045,109,1046,1047,1048,112,113,2005,2006,2007,2008,2009,2010,2011,2012,2013,2014,2015,2016,2017,2018,2019,2020,2021,2027,2028,2031,2032,2033,2029,2034,2035,2030],\"remark\":\"\",\"roleId\":3,\"roleKey\":\"manager\",\"roleName\":\"\",\"roleSort\":5,\"status\":\"0\",\"updateBy\":\"admin\",\"updateTime\":\"2023-03-26 22:15:07.784\"}', '{\"msg\":\"\",\"code\":200}', 0, NULL, '2023-03-26 22:15:08');
INSERT INTO `sys_oper_log` VALUES (221, '', 2, 'com.ruoyi.web.controller.system.SysRoleController.edit()', 'PUT', 1, 'admin', NULL, '/system/role', '127.0.0.1', 'IP', '{\"admin\":false,\"createTime\":\"2023-03-24 14:50:23\",\"dataScope\":\"1\",\"delFlag\":\"0\",\"deptCheckStrictly\":true,\"flag\":false,\"menuCheckStrictly\":true,\"menuIds\":[1,100,107,1000,1001,1002,1006,1035,2027,2028,2031,2032,2033,2029,2034,2035,2030],\"remark\":\"\",\"roleId\":4,\"roleKey\":\"employee\",\"roleName\":\"\",\"roleSort\":10,\"status\":\"0\",\"updateBy\":\"admin\",\"updateTime\":\"2023-03-26 22:16:45.49\"}', '{\"msg\":\"\",\"code\":200}', 0, NULL, '2023-03-26 22:16:45');
INSERT INTO `sys_oper_log` VALUES (222, '', 2, 'com.ruoyi.web.controller.system.SysRoleController.edit()', 'PUT', 1, 'admin', NULL, '/system/role', '127.0.0.1', 'IP', '{\"admin\":false,\"createTime\":\"2023-03-24 14:49:10\",\"dataScope\":\"4\",\"delFlag\":\"0\",\"deptCheckStrictly\":true,\"flag\":false,\"menuCheckStrictly\":true,\"menuIds\":[1,108,500,501,2,2004,100,1000,1001,1002,1003,1004,1005,1006,103,1016,1017,1018,1019,107,1035,1036,1037,1038,1039,1041,1042,1044,1045,109,1046,1047,1048,112,113,2005,2006,2007,2008,2009,2010,2011,2012,2013,2014,2015,2016,2017,2018,2019,2020,2021,2027,2028,2031,2032,2033,2029,2034,2035,2030],\"remark\":\"\",\"roleId\":3,\"roleKey\":\"manager\",\"roleName\":\"\",\"roleSort\":5,\"status\":\"0\",\"updateBy\":\"admin\",\"updateTime\":\"2023-03-26 22:19:33.181\"}', '{\"msg\":\"\",\"code\":200}', 0, NULL, '2023-03-26 22:19:33');
INSERT INTO `sys_oper_log` VALUES (223, '', 2, 'com.ruoyi.web.controller.system.SysRoleController.edit()', 'PUT', 1, 'admin', NULL, '/system/role', '127.0.0.1', 'IP', '{\"admin\":false,\"createTime\":\"2023-03-24 14:49:10\",\"dataScope\":\"4\",\"delFlag\":\"0\",\"deptCheckStrictly\":true,\"flag\":false,\"menuCheckStrictly\":true,\"menuIds\":[1,108,500,501,2,2004,100,1000,1001,1002,1003,1004,1005,1006,103,1016,1017,1018,1019,107,1035,1036,1037,1038,1039,1041,1042,1044,1045,109,1046,1047,1048,112,113,2011,2012,2013,2014,2015,2016,2017,2018,2019,2020,2021,2027,2028,2031,2032,2033,2029,2034,2035,2030],\"remark\":\"\",\"roleId\":3,\"roleKey\":\"manager\",\"roleName\":\"\",\"roleSort\":5,\"status\":\"0\",\"updateBy\":\"admin\",\"updateTime\":\"2023-03-26 22:20:31.382\"}', '{\"msg\":\"\",\"code\":200}', 0, NULL, '2023-03-26 22:20:31');
INSERT INTO `sys_oper_log` VALUES (224, '', 2, 'com.ruoyi.web.controller.system.SysRoleController.edit()', 'PUT', 1, 'admin', NULL, '/system/role', '127.0.0.1', 'IP', '{\"admin\":false,\"createTime\":\"2023-03-24 14:49:10\",\"dataScope\":\"4\",\"delFlag\":\"0\",\"deptCheckStrictly\":true,\"flag\":false,\"menuCheckStrictly\":true,\"menuIds\":[1,108,500,501,2,2004,2011,100,1000,1001,1002,1003,1004,1005,1006,103,1016,1017,1018,1019,107,1035,1036,1037,1038,1039,1041,1042,1044,1045,109,1046,1047,1048,112,113,2012,2013,2027,2028,2031,2032,2033,2029,2034,2035,2030],\"remark\":\"\",\"roleId\":3,\"roleKey\":\"manager\",\"roleName\":\"\",\"roleSort\":5,\"status\":\"0\",\"updateBy\":\"admin\",\"updateTime\":\"2023-03-26 22:21:36.766\"}', '{\"msg\":\"\",\"code\":200}', 0, NULL, '2023-03-26 22:21:36');
INSERT INTO `sys_oper_log` VALUES (225, '', 2, 'com.ruoyi.web.controller.system.SysRoleController.edit()', 'PUT', 1, 'admin', NULL, '/system/role', '127.0.0.1', 'IP', '{\"admin\":false,\"createTime\":\"2023-03-24 14:49:10\",\"dataScope\":\"4\",\"delFlag\":\"0\",\"deptCheckStrictly\":true,\"flag\":false,\"menuCheckStrictly\":true,\"menuIds\":[1,108,500,501,2,2004,2011,100,1000,1001,1002,1003,1004,1005,1006,103,1016,1017,1018,1019,107,1035,1036,1037,1038,1039,1041,1042,1044,1045,109,1046,1047,1048,112,113,2012,2013,2018,2027,2028,2031,2032,2033,2029,2034,2035,2030],\"remark\":\"\",\"roleId\":3,\"roleKey\":\"manager\",\"roleName\":\"\",\"roleSort\":5,\"status\":\"0\",\"updateBy\":\"admin\",\"updateTime\":\"2023-03-26 22:22:11.775\"}', '{\"msg\":\"\",\"code\":200}', 0, NULL, '2023-03-26 22:22:11');
INSERT INTO `sys_oper_log` VALUES (226, '', 2, 'com.ruoyi.web.controller.system.SysRoleController.edit()', 'PUT', 1, 'admin', NULL, '/system/role', '127.0.0.1', 'IP', '{\"admin\":false,\"createTime\":\"2023-03-24 14:49:10\",\"dataScope\":\"4\",\"delFlag\":\"0\",\"deptCheckStrictly\":true,\"flag\":false,\"menuCheckStrictly\":true,\"menuIds\":[1,108,500,501,2,2004,2011,100,1000,1001,1002,1003,1004,1005,1006,103,1016,1017,1018,1019,107,1035,1036,1037,1038,1039,1041,1042,1044,1045,109,1046,1047,1048,112,113,2012,2013,2027,2028,2031,2032,2033,2029,2034,2035,2030],\"remark\":\"\",\"roleId\":3,\"roleKey\":\"manager\",\"roleName\":\"\",\"roleSort\":5,\"status\":\"0\",\"updateBy\":\"admin\",\"updateTime\":\"2023-03-26 22:23:39.63\"}', '{\"msg\":\"\",\"code\":200}', 0, NULL, '2023-03-26 22:23:39');
INSERT INTO `sys_oper_log` VALUES (227, '', 2, 'com.ruoyi.web.controller.system.SysRoleController.edit()', 'PUT', 1, 'admin', NULL, '/system/role', '127.0.0.1', 'IP', '{\"admin\":false,\"createTime\":\"2023-03-24 14:49:10\",\"dataScope\":\"4\",\"delFlag\":\"0\",\"deptCheckStrictly\":true,\"flag\":false,\"menuCheckStrictly\":true,\"menuIds\":[1,108,500,501,2,2004,2011,100,1000,1001,1002,1003,1004,1005,1006,103,1016,1017,1018,1019,107,1035,1036,1037,1038,1039,1041,1042,1044,1045,109,1046,1047,1048,112,113,2012,2013,2020,2027,2028,2031,2032,2033,2029,2034,2035,2030],\"remark\":\"\",\"roleId\":3,\"roleKey\":\"manager\",\"roleName\":\"\",\"roleSort\":5,\"status\":\"0\",\"updateBy\":\"admin\",\"updateTime\":\"2023-03-26 22:28:30.19\"}', '{\"msg\":\"\",\"code\":200}', 0, NULL, '2023-03-26 22:28:30');
INSERT INTO `sys_oper_log` VALUES (228, '', 2, 'com.ruoyi.web.controller.system.SysRoleController.edit()', 'PUT', 1, 'admin', NULL, '/system/role', '127.0.0.1', 'IP', '{\"admin\":false,\"createTime\":\"2023-03-24 14:49:10\",\"dataScope\":\"4\",\"delFlag\":\"0\",\"deptCheckStrictly\":true,\"flag\":false,\"menuCheckStrictly\":true,\"menuIds\":[1,108,500,501,2,100,1000,1001,1002,1003,1004,1005,1006,103,1016,1017,1018,1019,107,1035,1036,1037,1038,1039,1041,1042,1044,1045,109,1046,1047,1048,112,113,2027,2028,2031,2032,2033,2029,2034,2035,2030],\"remark\":\"\",\"roleId\":3,\"roleKey\":\"manager\",\"roleName\":\"\",\"roleSort\":5,\"status\":\"0\",\"updateBy\":\"admin\",\"updateTime\":\"2023-03-26 22:28:56.114\"}', '{\"msg\":\"\",\"code\":200}', 0, NULL, '2023-03-26 22:28:56');
INSERT INTO `sys_oper_log` VALUES (229, '', 2, 'com.ruoyi.web.controller.system.SysRoleController.edit()', 'PUT', 1, 'admin', NULL, '/system/role', '127.0.0.1', 'IP', '{\"admin\":false,\"createTime\":\"2023-03-24 14:49:10\",\"dataScope\":\"4\",\"delFlag\":\"0\",\"deptCheckStrictly\":true,\"flag\":false,\"menuCheckStrictly\":true,\"menuIds\":[1,108,500,501,2,2004,2011,100,1000,1001,1002,1003,1004,1005,1006,103,1016,1017,1018,1019,107,1035,1036,1037,1038,1039,1041,1042,1044,1045,109,1046,1047,1048,112,113,2012,2013,2027,2028,2031,2032,2033,2029,2034,2035,2030],\"remark\":\"\",\"roleId\":3,\"roleKey\":\"manager\",\"roleName\":\"\",\"roleSort\":5,\"status\":\"0\",\"updateBy\":\"admin\",\"updateTime\":\"2023-03-26 22:30:35.176\"}', '{\"msg\":\"\",\"code\":200}', 0, NULL, '2023-03-26 22:30:35');
INSERT INTO `sys_oper_log` VALUES (230, '', 2, 'com.ruoyi.web.controller.system.SysRoleController.edit()', 'PUT', 1, 'admin', NULL, '/system/role', '127.0.0.1', 'IP', '{\"admin\":false,\"createTime\":\"2023-03-24 14:49:10\",\"dataScope\":\"4\",\"delFlag\":\"0\",\"deptCheckStrictly\":true,\"flag\":false,\"menuCheckStrictly\":true,\"menuIds\":[1,108,500,501,2,2004,2011,100,1000,1001,1002,1003,1004,1005,1006,103,1016,1017,1018,1019,107,1035,1036,1037,1038,1039,1041,1042,1044,1045,109,1046,1047,1048,112,113,2012,2013,2018,2019,2027,2028,2031,2032,2033,2029,2034,2035,2030],\"remark\":\"\",\"roleId\":3,\"roleKey\":\"manager\",\"roleName\":\"\",\"roleSort\":5,\"status\":\"0\",\"updateBy\":\"admin\",\"updateTime\":\"2023-03-26 22:31:23.36\"}', '{\"msg\":\"\",\"code\":200}', 0, NULL, '2023-03-26 22:31:23');
INSERT INTO `sys_oper_log` VALUES (231, '', 2, 'com.ruoyi.web.controller.system.SysRoleController.edit()', 'PUT', 1, 'admin', NULL, '/system/role', '127.0.0.1', 'IP', '{\"admin\":false,\"createTime\":\"2023-03-24 14:49:10\",\"dataScope\":\"4\",\"delFlag\":\"0\",\"deptCheckStrictly\":true,\"flag\":false,\"menuCheckStrictly\":true,\"menuIds\":[1,108,500,501,2,2004,2011,100,1000,1001,1002,1003,1004,1005,1006,103,1016,1017,1018,1019,107,1035,1036,1037,1038,1039,1041,1042,1044,1045,109,1046,1047,1048,112,113,2013,2018,2027,2028,2031,2032,2033,2029,2034,2035,2030],\"remark\":\"\",\"roleId\":3,\"roleKey\":\"manager\",\"roleName\":\"\",\"roleSort\":5,\"status\":\"0\",\"updateBy\":\"admin\",\"updateTime\":\"2023-03-26 22:32:22.461\"}', '{\"msg\":\"\",\"code\":200}', 0, NULL, '2023-03-26 22:32:22');
INSERT INTO `sys_oper_log` VALUES (232, '', 2, 'com.ruoyi.web.controller.system.SysRoleController.edit()', 'PUT', 1, 'admin', NULL, '/system/role', '127.0.0.1', 'IP', '{\"admin\":false,\"createTime\":\"2023-03-24 14:49:10\",\"dataScope\":\"4\",\"delFlag\":\"0\",\"deptCheckStrictly\":true,\"flag\":false,\"menuCheckStrictly\":true,\"menuIds\":[1,108,500,501,2,2004,2011,100,1000,1001,1002,1003,1004,1005,1006,103,1016,1017,1018,1019,107,1035,1036,1037,1038,1039,1041,1042,1044,1045,109,1046,1047,1048,112,113,2018,2027,2028,2031,2032,2033,2029,2034,2035,2030],\"remark\":\"\",\"roleId\":3,\"roleKey\":\"manager\",\"roleName\":\"\",\"roleSort\":5,\"status\":\"0\",\"updateBy\":\"admin\",\"updateTime\":\"2023-03-26 22:33:08.683\"}', '{\"msg\":\"\",\"code\":200}', 0, NULL, '2023-03-26 22:33:08');
INSERT INTO `sys_oper_log` VALUES (233, '', 2, 'com.ruoyi.web.controller.system.SysMenuController.edit()', 'PUT', 1, 'admin', NULL, '/system/menu', '127.0.0.1', 'IP', '{\"children\":[],\"component\":\"bpm/model/index\",\"createTime\":\"2022-08-18 10:44:58\",\"icon\":\"build\",\"isCache\":\"0\",\"isFrame\":\"1\",\"menuId\":2011,\"menuName\":\"\",\"menuType\":\"C\",\"orderNum\":2,\"parentId\":2027,\"path\":\"model\",\"perms\":\"\",\"status\":\"0\",\"updateBy\":\"admin\",\"updateTime\":\"2023-03-26 22:36:24.07\",\"visible\":\"0\"}', '{\"msg\":\"\",\"code\":200}', 0, NULL, '2023-03-26 22:36:24');
INSERT INTO `sys_oper_log` VALUES (234, '', 2, 'com.ruoyi.web.controller.system.SysRoleController.edit()', 'PUT', 1, 'admin', NULL, '/system/role', '127.0.0.1', 'IP', '{\"admin\":false,\"createTime\":\"2023-03-24 14:49:10\",\"dataScope\":\"4\",\"delFlag\":\"0\",\"deptCheckStrictly\":true,\"flag\":false,\"menuCheckStrictly\":true,\"menuIds\":[1,108,500,501,2,2027,2011,100,1000,1001,1002,1003,1004,1005,1006,103,1016,1017,1018,1019,107,1035,1036,1037,1038,1039,1041,1042,1044,1045,109,1046,1047,1048,112,113,2028,2031,2032,2033,2018,2029,2034,2035,2030],\"remark\":\"\",\"roleId\":3,\"roleKey\":\"manager\",\"roleName\":\"\",\"roleSort\":5,\"status\":\"0\",\"updateBy\":\"admin\",\"updateTime\":\"2023-03-26 22:38:06.633\"}', '{\"msg\":\"\",\"code\":200}', 0, NULL, '2023-03-26 22:38:07');
INSERT INTO `sys_oper_log` VALUES (235, '', 2, 'com.ruoyi.web.controller.system.SysProfileController.avatar()', 'POST', 1, 'admin', NULL, '/system/user/profile/avatar', '127.0.0.1', 'IP', '', '{\"msg\":\"\",\"imgUrl\":\"/profile/avatar/2023/03/26/blob_20230326224538A001.jpeg\",\"code\":200}', 0, NULL, '2023-03-26 22:45:38');
INSERT INTO `sys_oper_log` VALUES (236, '', 4, 'com.ruoyi.web.controller.system.SysUserController.insertAuthRole()', 'PUT', 1, 'puyg', NULL, '/system/user/authRole', '127.0.0.1', 'IP', '3 [4,3]', '{\"msg\":\"\",\"code\":200}', 0, NULL, '2023-03-26 22:47:18');
INSERT INTO `sys_oper_log` VALUES (237, '', 4, 'com.ruoyi.web.controller.system.SysRoleController.cancelAuthUser()', 'PUT', 1, 'admin', NULL, '/system/role/authUser/cancel', '127.0.0.1', 'IP', '{\"roleId\":3,\"userId\":3}', '{\"msg\":\"\",\"code\":200}', 0, NULL, '2023-03-26 22:47:52');
INSERT INTO `sys_oper_log` VALUES (238, '', 4, 'com.ruoyi.web.controller.system.SysUserController.insertAuthRole()', 'PUT', 1, 'puyg', NULL, '/system/user/authRole', '127.0.0.1', 'IP', '2 [3]', '{\"msg\":\"\",\"code\":200}', 0, NULL, '2023-03-26 22:48:43');
INSERT INTO `sys_oper_log` VALUES (239, '', 2, 'com.ruoyi.web.controller.system.SysRoleController.edit()', 'PUT', 1, 'admin', NULL, '/system/role', '127.0.0.1', 'IP', '{\"admin\":false,\"createTime\":\"2023-03-24 14:50:23\",\"dataScope\":\"1\",\"delFlag\":\"0\",\"deptCheckStrictly\":true,\"flag\":false,\"menuCheckStrictly\":true,\"menuIds\":[1,100,107,2027,2011,1000,1001,1002,1006,1035,2028,2031,2032,2033,2018,2029,2034,2035,2030],\"remark\":\"\",\"roleId\":4,\"roleKey\":\"employee\",\"roleName\":\"\",\"roleSort\":10,\"status\":\"0\",\"updateBy\":\"admin\",\"updateTime\":\"2023-03-26 22:51:07.227\"}', '{\"msg\":\"\",\"code\":200}', 0, NULL, '2023-03-26 22:51:07');
INSERT INTO `sys_oper_log` VALUES (240, '', 2, 'com.ruoyi.web.controller.system.SysMenuController.edit()', 'PUT', 1, 'admin', NULL, '/system/menu', '127.0.0.1', 'IP', '{\"children\":[],\"component\":\"system/notice/index\",\"createTime\":\"2022-08-09 10:14:24\",\"icon\":\"message\",\"isCache\":\"0\",\"isFrame\":\"1\",\"menuId\":107,\"menuName\":\"\",\"menuType\":\"C\",\"orderNum\":8,\"parentId\":2027,\"path\":\"notice\",\"perms\":\"system:notice:list\",\"query\":\"\",\"status\":\"0\",\"updateBy\":\"admin\",\"updateTime\":\"2023-03-26 22:52:52.661\",\"visible\":\"0\"}', '{\"msg\":\"\",\"code\":200}', 0, NULL, '2023-03-26 22:52:52');
INSERT INTO `sys_oper_log` VALUES (241, '', 2, 'com.ruoyi.web.controller.system.SysMenuController.edit()', 'PUT', 1, 'admin', NULL, '/system/menu', '127.0.0.1', 'IP', '{\"children\":[],\"component\":\"system/notice/index\",\"createTime\":\"2022-08-09 10:14:24\",\"icon\":\"message\",\"isCache\":\"0\",\"isFrame\":\"1\",\"menuId\":107,\"menuName\":\"\",\"menuType\":\"C\",\"orderNum\":1,\"parentId\":2027,\"path\":\"notice\",\"perms\":\"system:notice:list\",\"query\":\"\",\"status\":\"0\",\"updateBy\":\"admin\",\"updateTime\":\"2023-03-26 22:53:38.357\",\"visible\":\"0\"}', '{\"msg\":\"\",\"code\":200}', 0, NULL, '2023-03-26 22:53:38');
INSERT INTO `sys_oper_log` VALUES (242, '', 2, 'com.ruoyi.web.controller.system.SysMenuController.edit()', 'PUT', 1, 'admin', NULL, '/system/menu', '127.0.0.1', 'IP', '{\"children\":[],\"component\":\"system/notice/index\",\"createTime\":\"2022-08-09 10:14:24\",\"icon\":\"message\",\"isCache\":\"0\",\"isFrame\":\"1\",\"menuId\":107,\"menuName\":\"\",\"menuType\":\"C\",\"orderNum\":10,\"parentId\":2027,\"path\":\"notice\",\"perms\":\"system:notice:list\",\"query\":\"\",\"status\":\"0\",\"updateBy\":\"admin\",\"updateTime\":\"2023-03-26 22:54:23.786\",\"visible\":\"0\"}', '{\"msg\":\"\",\"code\":200}', 0, NULL, '2023-03-26 22:54:23');
INSERT INTO `sys_oper_log` VALUES (243, '', 2, 'com.ruoyi.web.controller.system.SysMenuController.edit()', 'PUT', 1, 'admin', NULL, '/system/menu', '127.0.0.1', 'IP', '{\"children\":[],\"component\":\"bpm/processInstance/index\",\"createTime\":\"2022-08-18 17:46:52\",\"icon\":\"people\",\"isCache\":\"0\",\"isFrame\":\"1\",\"menuId\":2028,\"menuName\":\"\",\"menuType\":\"C\",\"orderNum\":20,\"parentId\":2027,\"path\":\"my\",\"perms\":\"\",\"status\":\"0\",\"updateBy\":\"admin\",\"updateTime\":\"2023-03-26 22:54:37.619\",\"visible\":\"0\"}', '{\"msg\":\"\",\"code\":200}', 0, NULL, '2023-03-26 22:54:37');
INSERT INTO `sys_oper_log` VALUES (244, '', 2, 'com.ruoyi.web.controller.system.SysMenuController.edit()', 'PUT', 1, 'admin', NULL, '/system/menu', '127.0.0.1', 'IP', '{\"children\":[],\"component\":\"bpm/model/index\",\"createTime\":\"2022-08-18 10:44:58\",\"icon\":\"build\",\"isCache\":\"0\",\"isFrame\":\"1\",\"menuId\":2011,\"menuName\":\"\",\"menuType\":\"C\",\"orderNum\":30,\"parentId\":2027,\"path\":\"model\",\"perms\":\"\",\"status\":\"0\",\"updateBy\":\"admin\",\"updateTime\":\"2023-03-26 22:55:02.776\",\"visible\":\"0\"}', '{\"msg\":\"\",\"code\":200}', 0, NULL, '2023-03-26 22:55:02');
INSERT INTO `sys_oper_log` VALUES (245, '', 2, 'com.ruoyi.web.controller.system.SysMenuController.edit()', 'PUT', 1, 'admin', NULL, '/system/menu', '127.0.0.1', 'IP', '{\"children\":[],\"component\":\"bpm/model/index\",\"createTime\":\"2022-08-18 10:44:58\",\"icon\":\"build\",\"isCache\":\"0\",\"isFrame\":\"1\",\"menuId\":2011,\"menuName\":\"\",\"menuType\":\"C\",\"orderNum\":30,\"parentId\":2027,\"path\":\"model\",\"perms\":\"\",\"status\":\"0\",\"updateBy\":\"admin\",\"updateTime\":\"2023-03-26 22:55:21.065\",\"visible\":\"0\"}', '{\"msg\":\"\",\"code\":200}', 0, NULL, '2023-03-26 22:55:21');
INSERT INTO `sys_oper_log` VALUES (246, '', 2, 'com.ruoyi.web.controller.system.SysMenuController.edit()', 'PUT', 1, 'admin', NULL, '/system/menu', '127.0.0.1', 'IP', '{\"children\":[],\"component\":\"bpm/task/todo\",\"createTime\":\"2022-08-18 17:47:56\",\"icon\":\"eye-open\",\"isCache\":\"0\",\"isFrame\":\"1\",\"menuId\":2029,\"menuName\":\"\",\"menuType\":\"C\",\"orderNum\":22,\"parentId\":2027,\"path\":\"todo\",\"perms\":\"\",\"status\":\"0\",\"updateBy\":\"admin\",\"updateTime\":\"2023-03-26 22:55:40.986\",\"visible\":\"0\"}', '{\"msg\":\"\",\"code\":200}', 0, NULL, '2023-03-26 22:55:41');
INSERT INTO `sys_oper_log` VALUES (247, '', 2, 'com.ruoyi.web.controller.system.SysMenuController.edit()', 'PUT', 1, 'admin', NULL, '/system/menu', '127.0.0.1', 'IP', '{\"children\":[],\"component\":\"bpm/task/done\",\"createTime\":\"2022-08-18 17:48:33\",\"icon\":\"eye\",\"isCache\":\"0\",\"isFrame\":\"1\",\"menuId\":2030,\"menuName\":\"\",\"menuType\":\"C\",\"orderNum\":23,\"parentId\":2027,\"path\":\"done\",\"perms\":\"\",\"status\":\"0\",\"updateBy\":\"admin\",\"updateTime\":\"2023-03-26 22:55:50.378\",\"visible\":\"0\"}', '{\"msg\":\"\",\"code\":200}', 0, NULL, '2023-03-26 22:55:50');
INSERT INTO `sys_oper_log` VALUES (248, '', 2, 'com.ruoyi.web.controller.system.SysMenuController.edit()', 'PUT', 1, 'admin', NULL, '/system/menu', '127.0.0.1', 'IP', '{\"children\":[],\"component\":\"bpm/model/index\",\"createTime\":\"2022-08-18 10:44:58\",\"icon\":\"build\",\"isCache\":\"0\",\"isFrame\":\"1\",\"menuId\":2011,\"menuName\":\"\",\"menuType\":\"C\",\"orderNum\":30,\"parentId\":2027,\"path\":\"model\",\"perms\":\"\",\"status\":\"0\",\"updateBy\":\"admin\",\"updateTime\":\"2023-03-26 22:56:17.926\",\"visible\":\"1\"}', '{\"msg\":\"\",\"code\":200}', 0, NULL, '2023-03-26 22:56:18');
INSERT INTO `sys_oper_log` VALUES (249, '', 4, 'com.ruoyi.web.controller.system.SysUserController.insertAuthRole()', 'PUT', 1, 'puyg', NULL, '/system/user/authRole', '127.0.0.1', 'IP', '2 [3,4,2]', '{\"msg\":\"\",\"code\":200}', 0, NULL, '2023-03-26 22:57:46');
INSERT INTO `sys_oper_log` VALUES (250, '', 2, 'com.ruoyi.web.controller.system.SysRoleController.edit()', 'PUT', 1, 'admin', NULL, '/system/role', '127.0.0.1', 'IP', '{\"admin\":false,\"createTime\":\"2022-07-30 12:09:02\",\"dataScope\":\"5\",\"delFlag\":\"0\",\"deptCheckStrictly\":true,\"flag\":false,\"menuCheckStrictly\":true,\"menuIds\":[2027,107,2011,1035,2028,2031,2032,2033,2029,2034,2035,2030,2018],\"remark\":\"\",\"roleId\":2,\"roleKey\":\"user\",\"roleName\":\"\",\"roleSort\":20,\"status\":\"0\",\"updateBy\":\"admin\",\"updateTime\":\"2023-03-26 22:59:32.479\"}', '{\"msg\":\"\",\"code\":200}', 0, NULL, '2023-03-26 22:59:32');
INSERT INTO `sys_oper_log` VALUES (251, '', 1, 'com.ruoyi.web.controller.system.SysUserController.add()', 'POST', 1, 'puyg', NULL, '/system/user', '127.0.0.1', 'IP', '{\"admin\":false,\"createBy\":\"puyg\",\"deptId\":108,\"nickName\":\"test\",\"postIds\":[],\"roleIds\":[2],\"status\":\"0\",\"userId\":7,\"userName\":\"test\"}', '{\"msg\":\"\",\"code\":200}', 0, NULL, '2023-03-26 23:01:13');
INSERT INTO `sys_oper_log` VALUES (252, '', 4, 'com.ruoyi.web.controller.system.SysUserController.insertAuthRole()', 'PUT', 1, 'puyg', NULL, '/system/user/authRole', '127.0.0.1', 'IP', '7 [2,3,4]', '{\"msg\":\"\",\"code\":200}', 0, NULL, '2023-03-26 23:01:31');
INSERT INTO `sys_oper_log` VALUES (253, '', 4, 'com.ruoyi.web.controller.system.SysUserController.insertAuthRole()', 'PUT', 1, 'admin', NULL, '/system/user/authRole', '127.0.0.1', 'IP', '7 [2]', '{\"msg\":\"\",\"code\":200}', 0, NULL, '2023-03-26 23:03:09');
INSERT INTO `sys_oper_log` VALUES (254, '', 4, 'com.ruoyi.web.controller.system.SysUserController.insertAuthRole()', 'PUT', 1, 'admin', NULL, '/system/user/authRole', '127.0.0.1', 'IP', '3 [4]', '{\"msg\":\"\",\"code\":200}', 0, NULL, '2023-03-26 23:03:55');
INSERT INTO `sys_oper_log` VALUES (255, '', 4, 'com.ruoyi.web.controller.system.SysUserController.insertAuthRole()', 'PUT', 1, 'admin', NULL, '/system/user/authRole', '127.0.0.1', 'IP', '4 [2]', '{\"msg\":\"\",\"code\":200}', 0, NULL, '2023-03-26 23:04:12');
INSERT INTO `sys_oper_log` VALUES (256, '', 4, 'com.ruoyi.web.controller.system.SysUserController.insertAuthRole()', 'PUT', 1, 'admin', NULL, '/system/user/authRole', '127.0.0.1', 'IP', '2 [3]', '{\"msg\":\"\",\"code\":200}', 0, NULL, '2023-03-26 23:05:53');
INSERT INTO `sys_oper_log` VALUES (257, '', 4, 'com.ruoyi.web.controller.system.SysUserController.insertAuthRole()', 'PUT', 1, 'puyg', NULL, '/system/user/authRole', '127.0.0.1', 'IP', '7 [2,3,4]', '{\"msg\":\"\",\"code\":200}', 0, NULL, '2023-03-26 23:06:42');
INSERT INTO `sys_oper_log` VALUES (258, '', 4, 'com.ruoyi.web.controller.system.SysUserController.insertAuthRole()', 'PUT', 1, 'admin', NULL, '/system/user/authRole', '127.0.0.1', 'IP', '7 [2]', '{\"msg\":\"\",\"code\":200}', 0, NULL, '2023-03-26 23:07:24');
INSERT INTO `sys_oper_log` VALUES (259, '', 1, 'com.ruoyi.web.controller.system.SysMenuController.add()', 'POST', 1, 'admin', NULL, '/system/menu', '127.0.0.1', 'IP', '{\"children\":[],\"createBy\":\"admin\",\"icon\":\"peoples\",\"isCache\":\"0\",\"isFrame\":\"1\",\"menuName\":\"\",\"menuType\":\"M\",\"orderNum\":10,\"parentId\":100,\"path\":\"sha\",\"status\":\"0\",\"visible\":\"0\"}', '{\"msg\":\"\",\"code\":200}', 0, NULL, '2023-03-26 23:13:08');
INSERT INTO `sys_oper_log` VALUES (260, '', 3, 'com.ruoyi.web.controller.system.SysMenuController.remove()', 'DELETE', 1, 'admin', NULL, '/system/menu/2041', '127.0.0.1', 'IP', '{}', '{\"msg\":\"\",\"code\":200}', 0, NULL, '2023-03-26 23:13:45');
INSERT INTO `sys_oper_log` VALUES (261, '', 2, 'com.ruoyi.web.controller.system.SysRoleController.edit()', 'PUT', 1, 'admin', NULL, '/system/role', '127.0.0.1', 'IP', '{\"admin\":false,\"createTime\":\"2023-03-24 14:50:23\",\"dataScope\":\"1\",\"delFlag\":\"0\",\"deptCheckStrictly\":true,\"flag\":false,\"menuCheckStrictly\":true,\"menuIds\":[2027,107,2011,1035,2028,2031,2032,2033,2029,2034,2035,2030,2018],\"remark\":\"\",\"roleId\":4,\"roleKey\":\"employee\",\"roleName\":\"\",\"roleSort\":10,\"status\":\"0\",\"updateBy\":\"admin\",\"updateTime\":\"2023-03-27 13:15:55.958\"}', '{\"msg\":\"\",\"code\":200}', 0, NULL, '2023-03-27 13:15:56');
INSERT INTO `sys_oper_log` VALUES (262, '', 2, 'com.ruoyi.web.controller.system.SysMenuController.edit()', 'PUT', 1, 'admin', NULL, '/system/menu', '127.0.0.1', 'IP', '{\"children\":[],\"component\":\"example/map/index\",\"createTime\":\"2022-08-14 13:28:37\",\"icon\":\"chart\",\"isCache\":\"0\",\"isFrame\":\"1\",\"menuId\":2001,\"menuName\":\"\",\"menuType\":\"C\",\"orderNum\":1,\"parentId\":2000,\"path\":\"map\",\"perms\":\"\",\"status\":\"1\",\"updateBy\":\"admin\",\"updateTime\":\"2023-03-28 20:07:47.943\",\"visible\":\"0\"}', '{\"msg\":\"\",\"code\":200}', 0, NULL, '2023-03-28 20:07:48');
INSERT INTO `sys_oper_log` VALUES (263, '', 2, 'com.ruoyi.web.controller.system.SysMenuController.edit()', 'PUT', 1, 'admin', NULL, '/system/menu', '127.0.0.1', 'IP', '{\"children\":[],\"component\":\"system/dept/index\",\"createTime\":\"2022-08-09 10:14:24\",\"icon\":\"tree\",\"isCache\":\"0\",\"isFrame\":\"1\",\"menuId\":103,\"menuName\":\"\",\"menuType\":\"C\",\"orderNum\":2,\"parentId\":1,\"path\":\"dept\",\"perms\":\"system:dept:list\",\"query\":\"\",\"status\":\"0\",\"updateBy\":\"admin\",\"updateTime\":\"2023-03-28 20:08:52.271\",\"visible\":\"0\"}', '{\"msg\":\"\",\"code\":200}', 0, NULL, '2023-03-28 20:08:52');
INSERT INTO `sys_oper_log` VALUES (264, '', 1, 'com.ruoyi.web.controller.system.SysNoticeController.add()', 'POST', 1, 'admin', NULL, '/system/notice', '127.0.0.1', 'IP', '{\"createBy\":\"admin\",\"noticeContent\":\"<p><img src=\\\"/dev-api/profile/upload/2023/03/28/011530-16488333300281_20230328201926A002.jpg\\\" style=\\\"cursor: nwse-resize;\\\" width=\\\"303\\\"></p>\",\"noticeTitle\":\"\",\"noticeType\":\"1\",\"status\":\"0\"}', '{\"msg\":\"\",\"code\":200}', 0, NULL, '2023-03-28 20:19:31');
INSERT INTO `sys_oper_log` VALUES (265, '', 2, 'com.ruoyi.web.controller.system.SysUserController.resetPwd()', 'PUT', 1, 'admin', NULL, '/system/user/resetPwd', '127.0.0.1', 'IP', '{\"admin\":false,\"updateBy\":\"admin\",\"userId\":7}', NULL, 1, 'Cannot invoke \"String.toString()\" because the return value of \"com.ruoyi.common.core.domain.entity.SysUser.getEmail()\" is null', '2023-03-29 21:24:49');
INSERT INTO `sys_oper_log` VALUES (266, '', 2, 'com.ruoyi.web.controller.system.SysUserController.resetPwd()', 'PUT', 1, 'admin', NULL, '/system/user/resetPwd', '127.0.0.1', 'IP', '{\"admin\":false,\"updateBy\":\"admin\",\"userId\":7}', NULL, 1, 'Cannot invoke \"String.toString()\" because the return value of \"com.ruoyi.common.core.domain.entity.SysUser.getEmail()\" is null', '2023-03-29 21:25:54');

-- ----------------------------
-- Table structure for sys_post
-- ----------------------------
DROP TABLE IF EXISTS `sys_post`;
CREATE TABLE `sys_post`  (
  `post_id` bigint(20) NOT NULL AUTO_INCREMENT COMMENT 'ID',
  `post_code` varchar(64) CHARACTER SET utf8 COLLATE utf8_general_ci NOT NULL COMMENT '',
  `post_name` varchar(50) CHARACTER SET utf8 COLLATE utf8_general_ci NOT NULL COMMENT '',
  `post_sort` int(11) NOT NULL COMMENT '',
  `status` char(1) CHARACTER SET utf8 COLLATE utf8_general_ci NOT NULL COMMENT '0 1',
  `create_by` varchar(64) CHARACTER SET utf8 COLLATE utf8_general_ci NULL DEFAULT '' COMMENT '',
  `create_time` datetime NULL DEFAULT NULL COMMENT '',
  `update_by` varchar(64) CHARACTER SET utf8 COLLATE utf8_general_ci NULL DEFAULT '' COMMENT '',
  `update_time` datetime NULL DEFAULT NULL COMMENT '',
  `remark` varchar(500) CHARACTER SET utf8 COLLATE utf8_general_ci NULL DEFAULT NULL COMMENT '',
  PRIMARY KEY (`post_id`) USING BTREE
) ENGINE = InnoDB AUTO_INCREMENT = 5 CHARACTER SET = utf8 COLLATE = utf8_general_ci COMMENT = '' ROW_FORMAT = COMPACT;

-- ----------------------------
-- Records of sys_post
-- ----------------------------
INSERT INTO `sys_post` VALUES (1, 'ceo', '', 1, '0', 'admin', '2022-07-30 12:09:02', '', NULL, '');
INSERT INTO `sys_post` VALUES (2, 'se', '', 2, '0', 'admin', '2022-07-30 12:09:02', '', NULL, '');
INSERT INTO `sys_post` VALUES (3, 'hr', '', 3, '0', 'admin', '2022-07-30 12:09:02', '', NULL, '');
INSERT INTO `sys_post` VALUES (4, 'user', '', 4, '0', 'admin', '2022-07-30 12:09:02', 'admin', '2022-08-20 21:34:24', '');

-- ----------------------------
-- Table structure for sys_role
-- ----------------------------
DROP TABLE IF EXISTS `sys_role`;
CREATE TABLE `sys_role`  (
  `role_id` bigint(20) NOT NULL AUTO_INCREMENT COMMENT 'ID',
  `role_name` varchar(30) CHARACTER SET utf8 COLLATE utf8_general_ci NOT NULL COMMENT '',
  `role_key` varchar(100) CHARACTER SET utf8 COLLATE utf8_general_ci NOT NULL COMMENT '',
  `role_sort` int(11) NOT NULL COMMENT '',
  `data_scope` char(1) CHARACTER SET utf8 COLLATE utf8_general_ci NULL DEFAULT '1' COMMENT '1 2 3 4',
  `menu_check_strictly` tinyint(1) NULL DEFAULT 1 COMMENT '',
  `dept_check_strictly` tinyint(1) NULL DEFAULT 1 COMMENT '',
  `status` char(1) CHARACTER SET utf8 COLLATE utf8_general_ci NOT NULL COMMENT '0 1',
  `del_flag` char(1) CHARACTER SET utf8 COLLATE utf8_general_ci NULL DEFAULT '0' COMMENT '0 2',
  `create_by` varchar(64) CHARACTER SET utf8 COLLATE utf8_general_ci NULL DEFAULT '' COMMENT '',
  `create_time` datetime NULL DEFAULT NULL COMMENT '',
  `update_by` varchar(64) CHARACTER SET utf8 COLLATE utf8_general_ci NULL DEFAULT '' COMMENT '',
  `update_time` datetime NULL DEFAULT NULL COMMENT '',
  `remark` varchar(500) CHARACTER SET utf8 COLLATE utf8_general_ci NULL DEFAULT NULL COMMENT '',
  PRIMARY KEY (`role_id`) USING BTREE
) ENGINE = InnoDB AUTO_INCREMENT = 5 CHARACTER SET = utf8 COLLATE = utf8_general_ci COMMENT = '' ROW_FORMAT = COMPACT;

-- ----------------------------
-- Records of sys_role
-- ----------------------------
INSERT INTO `sys_role` VALUES (1, '', 'admin', 1, '1', 1, 1, '0', '0', 'admin', '2022-07-30 12:09:02', '', NULL, '');
INSERT INTO `sys_role` VALUES (2, '', 'user', 20, '5', 1, 1, '0', '0', 'admin', '2022-07-30 12:09:02', 'admin', '2023-03-26 22:59:32', '');
INSERT INTO `sys_role` VALUES (3, '', 'manager', 5, '4', 1, 1, '0', '0', 'admin', '2023-03-24 14:49:10', 'admin', '2023-03-26 22:38:06', '');
INSERT INTO `sys_role` VALUES (4, '', 'employee', 10, '1', 1, 1, '0', '0', 'admin', '2023-03-24 14:50:23', 'admin', '2023-03-27 13:15:55', '');

-- ----------------------------
-- Table structure for sys_role_dept
-- ----------------------------
DROP TABLE IF EXISTS `sys_role_dept`;
CREATE TABLE `sys_role_dept`  (
  `role_id` bigint(20) NOT NULL COMMENT 'ID',
  `dept_id` bigint(20) NOT NULL COMMENT 'ID',
  PRIMARY KEY (`role_id`, `dept_id`) USING BTREE
) ENGINE = InnoDB CHARACTER SET = utf8 COLLATE = utf8_general_ci COMMENT = '' ROW_FORMAT = COMPACT;

-- ----------------------------
-- Records of sys_role_dept
-- ----------------------------

-- ----------------------------
-- Table structure for sys_role_menu
-- ----------------------------
DROP TABLE IF EXISTS `sys_role_menu`;
CREATE TABLE `sys_role_menu`  (
  `role_id` bigint(20) NOT NULL COMMENT 'ID',
  `menu_id` bigint(20) NOT NULL COMMENT 'ID',
  PRIMARY KEY (`role_id`, `menu_id`) USING BTREE
) ENGINE = InnoDB CHARACTER SET = utf8 COLLATE = utf8_general_ci COMMENT = '' ROW_FORMAT = COMPACT;

-- ----------------------------
-- Records of sys_role_menu
-- ----------------------------
INSERT INTO `sys_role_menu` VALUES (2, 107);
INSERT INTO `sys_role_menu` VALUES (2, 1035);
INSERT INTO `sys_role_menu` VALUES (2, 2011);
INSERT INTO `sys_role_menu` VALUES (2, 2018);
INSERT INTO `sys_role_menu` VALUES (2, 2027);
INSERT INTO `sys_role_menu` VALUES (2, 2028);
INSERT INTO `sys_role_menu` VALUES (2, 2029);
INSERT INTO `sys_role_menu` VALUES (2, 2030);
INSERT INTO `sys_role_menu` VALUES (2, 2031);
INSERT INTO `sys_role_menu` VALUES (2, 2032);
INSERT INTO `sys_role_menu` VALUES (2, 2033);
INSERT INTO `sys_role_menu` VALUES (2, 2034);
INSERT INTO `sys_role_menu` VALUES (2, 2035);
INSERT INTO `sys_role_menu` VALUES (3, 1);
INSERT INTO `sys_role_menu` VALUES (3, 2);
INSERT INTO `sys_role_menu` VALUES (3, 100);
INSERT INTO `sys_role_menu` VALUES (3, 103);
INSERT INTO `sys_role_menu` VALUES (3, 107);
INSERT INTO `sys_role_menu` VALUES (3, 108);
INSERT INTO `sys_role_menu` VALUES (3, 109);
INSERT INTO `sys_role_menu` VALUES (3, 112);
INSERT INTO `sys_role_menu` VALUES (3, 113);
INSERT INTO `sys_role_menu` VALUES (3, 500);
INSERT INTO `sys_role_menu` VALUES (3, 501);
INSERT INTO `sys_role_menu` VALUES (3, 1000);
INSERT INTO `sys_role_menu` VALUES (3, 1001);
INSERT INTO `sys_role_menu` VALUES (3, 1002);
INSERT INTO `sys_role_menu` VALUES (3, 1003);
INSERT INTO `sys_role_menu` VALUES (3, 1004);
INSERT INTO `sys_role_menu` VALUES (3, 1005);
INSERT INTO `sys_role_menu` VALUES (3, 1006);
INSERT INTO `sys_role_menu` VALUES (3, 1016);
INSERT INTO `sys_role_menu` VALUES (3, 1017);
INSERT INTO `sys_role_menu` VALUES (3, 1018);
INSERT INTO `sys_role_menu` VALUES (3, 1019);
INSERT INTO `sys_role_menu` VALUES (3, 1035);
INSERT INTO `sys_role_menu` VALUES (3, 1036);
INSERT INTO `sys_role_menu` VALUES (3, 1037);
INSERT INTO `sys_role_menu` VALUES (3, 1038);
INSERT INTO `sys_role_menu` VALUES (3, 1039);
INSERT INTO `sys_role_menu` VALUES (3, 1041);
INSERT INTO `sys_role_menu` VALUES (3, 1042);
INSERT INTO `sys_role_menu` VALUES (3, 1044);
INSERT INTO `sys_role_menu` VALUES (3, 1045);
INSERT INTO `sys_role_menu` VALUES (3, 1046);
INSERT INTO `sys_role_menu` VALUES (3, 1047);
INSERT INTO `sys_role_menu` VALUES (3, 1048);
INSERT INTO `sys_role_menu` VALUES (3, 2011);
INSERT INTO `sys_role_menu` VALUES (3, 2018);
INSERT INTO `sys_role_menu` VALUES (3, 2027);
INSERT INTO `sys_role_menu` VALUES (3, 2028);
INSERT INTO `sys_role_menu` VALUES (3, 2029);
INSERT INTO `sys_role_menu` VALUES (3, 2030);
INSERT INTO `sys_role_menu` VALUES (3, 2031);
INSERT INTO `sys_role_menu` VALUES (3, 2032);
INSERT INTO `sys_role_menu` VALUES (3, 2033);
INSERT INTO `sys_role_menu` VALUES (3, 2034);
INSERT INTO `sys_role_menu` VALUES (3, 2035);
INSERT INTO `sys_role_menu` VALUES (4, 107);
INSERT INTO `sys_role_menu` VALUES (4, 1035);
INSERT INTO `sys_role_menu` VALUES (4, 2011);
INSERT INTO `sys_role_menu` VALUES (4, 2018);
INSERT INTO `sys_role_menu` VALUES (4, 2027);
INSERT INTO `sys_role_menu` VALUES (4, 2028);
INSERT INTO `sys_role_menu` VALUES (4, 2029);
INSERT INTO `sys_role_menu` VALUES (4, 2030);
INSERT INTO `sys_role_menu` VALUES (4, 2031);
INSERT INTO `sys_role_menu` VALUES (4, 2032);
INSERT INTO `sys_role_menu` VALUES (4, 2033);
INSERT INTO `sys_role_menu` VALUES (4, 2034);
INSERT INTO `sys_role_menu` VALUES (4, 2035);

-- ----------------------------
-- Table structure for sys_tree_dict
-- ----------------------------
DROP TABLE IF EXISTS `sys_tree_dict`;
CREATE TABLE `sys_tree_dict`  (
  `id` varchar(100) CHARACTER SET utf8mb4 COLLATE utf8mb4_general_ci NOT NULL COMMENT '',
  `name` varchar(128) CHARACTER SET utf8mb4 COLLATE utf8mb4_general_ci NULL DEFAULT NULL COMMENT '',
  `code` varchar(100) CHARACTER SET utf8mb4 COLLATE utf8mb4_general_ci NULL DEFAULT NULL COMMENT '',
  `stru_type` varchar(2) CHARACTER SET utf8mb4 COLLATE utf8mb4_general_ci NULL DEFAULT NULL COMMENT '(0: 1:)',
  `is_sys_param` varchar(2) CHARACTER SET utf8mb4 COLLATE utf8mb4_general_ci NULL DEFAULT '0' COMMENT '',
  `remark` varchar(500) CHARACTER SET utf8mb4 COLLATE utf8mb4_general_ci NULL DEFAULT NULL COMMENT '',
  `tenant_id` varchar(100) CHARACTER SET utf8mb4 COLLATE utf8mb4_general_ci NULL DEFAULT NULL COMMENT 'ID',
  `create_by` varchar(100) CHARACTER SET utf8mb4 COLLATE utf8mb4_general_ci NULL DEFAULT NULL COMMENT 'ID',
  `create_time` timestamp NULL DEFAULT NULL COMMENT '',
  `update_by` varchar(100) CHARACTER SET utf8mb4 COLLATE utf8mb4_general_ci NULL DEFAULT NULL COMMENT 'ID',
  `update_time` timestamp NULL DEFAULT NULL COMMENT '',
  `del_flag` varchar(2) CHARACTER SET utf8mb4 COLLATE utf8mb4_general_ci NULL DEFAULT '0' COMMENT '',
  PRIMARY KEY (`id`) USING BTREE
) ENGINE = InnoDB CHARACTER SET = utf8mb4 COLLATE = utf8mb4_general_ci ROW_FORMAT = COMPACT;

-- ----------------------------
-- Records of sys_tree_dict
-- ----------------------------
INSERT INTO `sys_tree_dict` VALUES ('453687cac2b011ecb05200163e087221', '', 'adcode', '1', '1', '', NULL, 'admin', '2022-04-23 10:51:27', NULL, NULL, '0');

-- ----------------------------
-- Table structure for sys_tree_dict_data
-- ----------------------------
DROP TABLE IF EXISTS `sys_tree_dict_data`;
CREATE TABLE `sys_tree_dict_data`  (
  `id` varchar(100) CHARACTER SET utf8mb4 COLLATE utf8mb4_general_ci NOT NULL COMMENT '',
  `tree_dict` varchar(100) CHARACTER SET utf8mb4 COLLATE utf8mb4_general_ci NULL DEFAULT NULL COMMENT '',
  `pid` varchar(100) CHARACTER SET utf8mb4 COLLATE utf8mb4_general_ci NULL DEFAULT '0' COMMENT 'ID',
  `code` varchar(128) CHARACTER SET utf8mb4 COLLATE utf8mb4_general_ci NULL DEFAULT NULL COMMENT '',
  `label` varchar(128) CHARACTER SET utf8mb4 COLLATE utf8mb4_general_ci NULL DEFAULT NULL COMMENT '',
  `level_code` varchar(500) CHARACTER SET utf8mb4 COLLATE utf8mb4_general_ci NULL DEFAULT NULL COMMENT '',
  `level_depth` int(11) NULL DEFAULT NULL COMMENT '',
  `order_num` int(11) NULL DEFAULT 99 COMMENT '',
  `is_leaf` varchar(2) CHARACTER SET utf8mb4 COLLATE utf8mb4_general_ci NULL DEFAULT '1' COMMENT '',
  `path` varchar(255) CHARACTER SET utf8mb4 COLLATE utf8mb4_general_ci NULL DEFAULT NULL COMMENT '',
  `icon` varchar(255) CHARACTER SET utf8mb4 COLLATE utf8mb4_general_ci NULL DEFAULT NULL COMMENT '',
  `remark` varchar(500) CHARACTER SET utf8mb4 COLLATE utf8mb4_general_ci NULL DEFAULT NULL COMMENT '',
  `create_by` varchar(100) CHARACTER SET utf8mb4 COLLATE utf8mb4_general_ci NULL DEFAULT NULL,
  `create_time` timestamp NULL DEFAULT NULL,
  `update_by` varchar(100) CHARACTER SET utf8mb4 COLLATE utf8mb4_general_ci NULL DEFAULT NULL,
  `update_time` timestamp NULL DEFAULT NULL,
  `del_flag` varchar(2) CHARACTER SET utf8mb4 COLLATE utf8mb4_general_ci NULL DEFAULT '0',
  PRIMARY KEY (`id`) USING BTREE
) ENGINE = InnoDB CHARACTER SET = utf8mb4 COLLATE = utf8mb4_general_ci COMMENT = '' ROW_FORMAT = COMPACT;

-- ----------------------------
-- Records of sys_tree_dict_data
-- ----------------------------
INSERT INTO `sys_tree_dict_data` VALUES ('1562369114487918594', 'adcode', '0', '420000', '', NULL, NULL, 1717, '0', NULL, NULL, '', 'admin', '2022-08-24 17:21:32', NULL, NULL, '0');
INSERT INTO `sys_tree_dict_data` VALUES ('1562369114496307201', 'adcode', '0', '110000', '', NULL, NULL, 1, '0', NULL, NULL, '', 'admin', '2022-08-24 17:21:32', NULL, NULL, '0');
INSERT INTO `sys_tree_dict_data` VALUES ('1562369114496307202', 'adcode', '0', '120000', '', NULL, NULL, 19, '0', NULL, NULL, '', 'admin', '2022-08-24 17:21:32', NULL, NULL, '0');
INSERT INTO `sys_tree_dict_data` VALUES ('1562369114496307203', 'adcode', '0', '130000', '', NULL, NULL, 37, '0', NULL, NULL, '', 'admin', '2022-08-24 17:21:32', NULL, NULL, '0');
INSERT INTO `sys_tree_dict_data` VALUES ('1562369114496307204', 'adcode', '0', '140000', '', NULL, NULL, 222, '0', NULL, NULL, '', 'admin', '2022-08-24 17:21:32', NULL, NULL, '0');
INSERT INTO `sys_tree_dict_data` VALUES ('1562369114496307205', 'adcode', '0', '150000', '', NULL, NULL, 360, '0', NULL, NULL, '', 'admin', '2022-08-24 17:21:32', NULL, NULL, '0');
INSERT INTO `sys_tree_dict_data` VALUES ('1562369114496307206', 'adcode', '0', '210000', '', NULL, NULL, 476, '0', NULL, NULL, '', 'admin', '2022-08-24 17:21:32', NULL, NULL, '0');
INSERT INTO `sys_tree_dict_data` VALUES ('1562369114496307207', 'adcode', '0', '220000', '', NULL, NULL, 591, '0', NULL, NULL, '', 'admin', '2022-08-24 17:21:32', NULL, NULL, '0');
INSERT INTO `sys_tree_dict_data` VALUES ('1562369114496307208', 'adcode', '0', '230000', '', NULL, NULL, 662, '0', NULL, NULL, '', 'admin', '2022-08-24 17:21:32', NULL, NULL, '0');
INSERT INTO `sys_tree_dict_data` VALUES ('1562369114496307209', 'adcode', '0', '310000', '', NULL, NULL, 813, '0', NULL, NULL, '', 'admin', '2022-08-24 17:21:32', NULL, NULL, '0');
INSERT INTO `sys_tree_dict_data` VALUES ('1562369114496307210', 'adcode', '0', '320000', '', NULL, NULL, 831, '1', NULL, NULL, '', 'admin', '2022-08-24 17:21:32', NULL, NULL, '0');
INSERT INTO `sys_tree_dict_data` VALUES ('1562369114496307211', 'adcode', '0', '330000', '', NULL, NULL, 941, '0', NULL, NULL, '', 'admin', '2022-08-24 17:21:32', NULL, NULL, '0');
INSERT INTO `sys_tree_dict_data` VALUES ('1562369114496307212', 'adcode', '0', '340000', '', NULL, NULL, 1044, '0', NULL, NULL, '', 'admin', '2022-08-24 17:21:32', NULL, NULL, '0');
INSERT INTO `sys_tree_dict_data` VALUES ('1562369114496307213', 'adcode', '0', '350000', '', NULL, NULL, 1168, '0', NULL, NULL, '', 'admin', '2022-08-24 17:21:32', NULL, NULL, '0');
INSERT INTO `sys_tree_dict_data` VALUES ('1562369114496307214', 'adcode', '0', '360000', '', NULL, NULL, 1263, '0', NULL, NULL, '', 'admin', '2022-08-24 17:21:32', NULL, NULL, '0');
INSERT INTO `sys_tree_dict_data` VALUES ('1562369114496307215', 'adcode', '0', '370000', '', NULL, NULL, 1378, '0', NULL, NULL, '', 'admin', '2022-08-24 17:21:32', NULL, NULL, '0');
INSERT INTO `sys_tree_dict_data` VALUES ('1562369114496307216', 'adcode', '0', '410000', '', NULL, NULL, 1537, '1', NULL, NULL, '', 'admin', '2022-08-24 17:21:32', NULL, NULL, '0');
INSERT INTO `sys_tree_dict_data` VALUES ('1562369114496307217', 'adcode', '0', '450000', '', NULL, NULL, 2118, '0', NULL, NULL, '', 'admin', '2022-08-24 17:21:32', NULL, NULL, '0');
INSERT INTO `sys_tree_dict_data` VALUES ('1562369114496307218', 'adcode', '0', '630000', '', NULL, NULL, 3072, '0', NULL, NULL, '', 'admin', '2022-08-24 17:21:32', NULL, NULL, '0');
INSERT INTO `sys_tree_dict_data` VALUES ('1562369114496307219', 'adcode', '0', '640000', '', NULL, NULL, 3126, '0', NULL, NULL, '', 'admin', '2022-08-24 17:21:32', NULL, NULL, '0');
INSERT INTO `sys_tree_dict_data` VALUES ('1562369114496307220', 'adcode', '0', '650000', '', NULL, NULL, 3154, '0', NULL, NULL, '', 'admin', '2022-08-24 17:21:32', NULL, NULL, '0');
INSERT INTO `sys_tree_dict_data` VALUES ('1562369114496307221', 'adcode', '0', '710000', '', NULL, NULL, 3277, '0', NULL, NULL, '', 'admin', '2022-08-24 17:21:32', NULL, NULL, '0');
INSERT INTO `sys_tree_dict_data` VALUES ('1562369114496307222', 'adcode', '0', '810000', '', NULL, NULL, 3278, '0', NULL, NULL, '', 'admin', '2022-08-24 17:21:32', NULL, NULL, '0');
INSERT INTO `sys_tree_dict_data` VALUES ('1562369114496307223', 'adcode', '0', '820000', '', NULL, NULL, 3279, '0', NULL, NULL, '', 'admin', '2022-08-24 17:21:32', NULL, NULL, '0');
INSERT INTO `sys_tree_dict_data` VALUES ('1562369114496307224', 'adcode', '0', 'A00000', '', NULL, NULL, 3280, '0', NULL, NULL, '', 'admin', '2022-08-24 17:21:32', NULL, NULL, '0');
INSERT INTO `sys_tree_dict_data` VALUES ('1562369114496307225', 'adcode', '0', 'B00000', '', NULL, NULL, 3281, '0', NULL, NULL, '', 'admin', '2022-08-24 17:21:32', NULL, NULL, '0');
INSERT INTO `sys_tree_dict_data` VALUES ('1562369114496307226', 'adcode', '0', 'C00000', '', NULL, NULL, 3282, '0', NULL, NULL, '', 'admin', '2022-08-24 17:21:32', NULL, NULL, '0');
INSERT INTO `sys_tree_dict_data` VALUES ('1562369114496307227', 'adcode', '0', 'D00000', '', NULL, NULL, 3283, '0', NULL, NULL, '', 'admin', '2022-08-24 17:21:32', NULL, NULL, '0');
INSERT INTO `sys_tree_dict_data` VALUES ('1562369114496307228', 'adcode', '0', 'E00000', '', NULL, NULL, 3284, '0', NULL, NULL, '', 'admin', '2022-08-24 17:21:32', NULL, NULL, '0');
INSERT INTO `sys_tree_dict_data` VALUES ('1562369114496307229', 'adcode', '0', 'F00000', '', NULL, NULL, 3285, '0', NULL, NULL, '', 'admin', '2022-08-24 17:21:32', NULL, NULL, '0');
INSERT INTO `sys_tree_dict_data` VALUES ('1562369114496307230', 'adcode', '0', '460000', '', NULL, NULL, 2245, '0', NULL, NULL, '', 'admin', '2022-08-24 17:21:32', NULL, NULL, '0');
INSERT INTO `sys_tree_dict_data` VALUES ('1562369114496307231', 'adcode', '0', '500000', '', NULL, NULL, 2274, '0', NULL, NULL, '', 'admin', '2022-08-24 17:21:32', NULL, NULL, '0');
INSERT INTO `sys_tree_dict_data` VALUES ('1562369114496307232', 'adcode', '0', '510000', '', NULL, NULL, 2315, '1', NULL, NULL, '', 'admin', '2022-08-24 17:21:32', NULL, NULL, '0');
INSERT INTO `sys_tree_dict_data` VALUES ('1562369114496307233', 'adcode', '0', '520000', '', NULL, NULL, 2523, '0', NULL, NULL, '', 'admin', '2022-08-24 17:21:32', NULL, NULL, '0');
INSERT INTO `sys_tree_dict_data` VALUES ('1562369114496307234', 'adcode', '0', '530000', '', NULL, NULL, 2622, '0', NULL, NULL, '', 'admin', '2022-08-24 17:21:32', NULL, NULL, '0');
INSERT INTO `sys_tree_dict_data` VALUES ('1562369114496307235', 'adcode', '0', '540000', '', NULL, NULL, 2770, '0', NULL, NULL, '', 'admin', '2022-08-24 17:21:32', NULL, NULL, '0');
INSERT INTO `sys_tree_dict_data` VALUES ('1562369114496307236', 'adcode', '0', '610000', '', NULL, NULL, 2852, '0', NULL, NULL, '', 'admin', '2022-08-24 17:21:32', NULL, NULL, '0');
INSERT INTO `sys_tree_dict_data` VALUES ('1562369114496307237', 'adcode', '0', '620000', '', NULL, NULL, 2971, '0', NULL, NULL, '', 'admin', '2022-08-24 17:21:32', NULL, NULL, '0');
INSERT INTO `sys_tree_dict_data` VALUES ('1562369114496307238', 'adcode', '0', '430000', '', NULL, NULL, 1835, '0', NULL, NULL, '', 'admin', '2022-08-24 17:21:32', NULL, NULL, '0');
INSERT INTO `sys_tree_dict_data` VALUES ('1562369114496307239', 'adcode', '0', '440000', '', NULL, NULL, 1974, '0', NULL, NULL, '', 'admin', '2022-08-24 17:21:32', NULL, NULL, '0');

-- ----------------------------
-- Table structure for sys_user
-- ----------------------------
DROP TABLE IF EXISTS `sys_user`;
CREATE TABLE `sys_user`  (
  `user_id` bigint(20) NOT NULL AUTO_INCREMENT COMMENT 'ID',
  `dept_id` bigint(20) NULL DEFAULT NULL COMMENT 'ID',
  `user_name` varchar(30) CHARACTER SET utf8 COLLATE utf8_general_ci NOT NULL COMMENT '',
  `nick_name` varchar(30) CHARACTER SET utf8 COLLATE utf8_general_ci NOT NULL COMMENT '',
  `user_type` varchar(2) CHARACTER SET utf8 COLLATE utf8_general_ci NULL DEFAULT '00' COMMENT '00',
  `email` varchar(50) CHARACTER SET utf8 COLLATE utf8_general_ci NULL DEFAULT '' COMMENT '',
  `phonenumber` varchar(11) CHARACTER SET utf8 COLLATE utf8_general_ci NULL DEFAULT '' COMMENT '',
  `sex` char(1) CHARACTER SET utf8 COLLATE utf8_general_ci NULL DEFAULT '0' COMMENT '0 1 2',
  `avatar` varchar(100) CHARACTER SET utf8 COLLATE utf8_general_ci NULL DEFAULT '' COMMENT '',
  `password` varchar(100) CHARACTER SET utf8 COLLATE utf8_general_ci NULL DEFAULT '' COMMENT '',
  `status` char(1) CHARACTER SET utf8 COLLATE utf8_general_ci NULL DEFAULT '0' COMMENT '0 1',
  `del_flag` char(1) CHARACTER SET utf8 COLLATE utf8_general_ci NULL DEFAULT '0' COMMENT '0 2',
  `login_ip` varchar(128) CHARACTER SET utf8 COLLATE utf8_general_ci NULL DEFAULT '' COMMENT 'IP',
  `login_date` datetime NULL DEFAULT NULL COMMENT '',
  `create_by` varchar(64) CHARACTER SET utf8 COLLATE utf8_general_ci NULL DEFAULT '' COMMENT '',
  `create_time` datetime NULL DEFAULT NULL COMMENT '',
  `update_by` varchar(64) CHARACTER SET utf8 COLLATE utf8_general_ci NULL DEFAULT '' COMMENT '',
  `update_time` datetime NULL DEFAULT NULL COMMENT '',
  `remark` varchar(500) CHARACTER SET utf8 COLLATE utf8_general_ci NULL DEFAULT NULL COMMENT '',
  PRIMARY KEY (`user_id`) USING BTREE
) ENGINE = InnoDB AUTO_INCREMENT = 8 CHARACTER SET = utf8 COLLATE = utf8_general_ci COMMENT = '' ROW_FORMAT = COMPACT;

-- ----------------------------
-- Records of sys_user
-- ----------------------------
INSERT INTO `sys_user` VALUES (1, 103, 'admin', '', '00', '29152440390ai@gmail.com', '15888888888', '1', '/profile/avatar/2023/03/26/blob_20230326224538A001.jpeg', '$2a$10$7JB720yubVSZvUI0rEqK/.VqGOZTH.ulu33dHOiBE8ByOhJIrdAu2', '0', '0', '127.0.0.1', '2023-03-29 22:23:50', 'admin', '2022-07-30 12:09:02', '', '2023-03-29 22:23:49', '');
INSERT INTO `sys_user` VALUES (2, 101, 'ry', '', '00', '29152440390ai@gmail.com', '15666666666', '1', '', '$2a$10$INuwvSgzvTKFSz2XKATGp.cUnXueDL2BArTdKw1VMDB0bMY6lCNdG', '0', '0', '127.0.0.1', '2023-03-26 23:04:43', 'admin', '2022-07-30 12:09:02', 'ry', '2023-03-26 23:04:42', '');
INSERT INTO `sys_user` VALUES (3, 103, 'puyg', '', '00', '29152440390ai@gmail.com', '15666668888', '0', '', '$2a$10$LOQB0O4mIvIlAPQNdfxmDewsJT71ZJl78GmTxcqEfjz1GkEGiBQVS', '0', '0', '127.0.0.1', '2023-03-26 23:06:22', 'admin', '2022-08-18 14:59:06', 'admin', '2023-03-26 23:06:21', '');
INSERT INTO `sys_user` VALUES (4, 100, 'rl', '', '00', '29152440390ai@gmail.com', '16688886666', '1', '', '$2a$10$Oqbee6viHRRF65V3l1.dUuXn6kGwL8kkxdE8sA3LBKZx/igB8xw.O', '0', '0', '', NULL, 'admin', '2022-08-18 14:59:59', 'ry', '2023-03-26 13:22:44', '');
INSERT INTO `sys_user` VALUES (5, 100, 'zhangsan', '', '00', '29152440390ai@gmail.com', '18888888888', '0', '', '$2a$10$9XRqtklag2AmsYNxn7nPtOK84yIucMsyQUrhkqN4UIu9aE6qgCdhG', '0', '2', '', NULL, 'admin', '2022-08-20 20:44:07', '', NULL, '');
INSERT INTO `sys_user` VALUES (6, 100, '', 'zhangsan', '00', '29152440390ai@gmail.com', '18888888888', '0', '', '$2a$10$XQv4BvIzrW/15nbtTqk2p.UwXYbzvYys4Cj9yOb15IXpGNHZv511.', '0', '2', '', NULL, 'admin', '2022-08-20 20:45:30', '', NULL, '');
INSERT INTO `sys_user` VALUES (7, 108, 'test', 'test', '00', '29152440390ai@gmail.com', '', '0', '', '$2a$10$i/ukc953lBUtF6gDScH6..0xppumepz5UpOAhPXfuz.jhVdaa9nRu', '0', '0', '127.0.0.1', '2023-03-26 23:04:26', 'puyg', '2023-03-26 23:01:13', '', '2023-03-26 23:04:25', NULL);

-- ----------------------------
-- Table structure for sys_user_post
-- ----------------------------
DROP TABLE IF EXISTS `sys_user_post`;
CREATE TABLE `sys_user_post`  (
  `user_id` bigint(20) NOT NULL COMMENT 'ID',
  `post_id` bigint(20) NOT NULL COMMENT 'ID',
  PRIMARY KEY (`user_id`, `post_id`) USING BTREE
) ENGINE = InnoDB CHARACTER SET = utf8 COLLATE = utf8_general_ci COMMENT = '' ROW_FORMAT = COMPACT;

-- ----------------------------
-- Records of sys_user_post
-- ----------------------------
INSERT INTO `sys_user_post` VALUES (1, 1);
INSERT INTO `sys_user_post` VALUES (2, 2);
INSERT INTO `sys_user_post` VALUES (3, 4);
INSERT INTO `sys_user_post` VALUES (4, 3);

-- ----------------------------
-- Table structure for sys_user_role
-- ----------------------------
DROP TABLE IF EXISTS `sys_user_role`;
CREATE TABLE `sys_user_role`  (
  `user_id` bigint(20) NOT NULL COMMENT 'ID',
  `role_id` bigint(20) NOT NULL COMMENT 'ID',
  PRIMARY KEY (`user_id`, `role_id`) USING BTREE
) ENGINE = InnoDB CHARACTER SET = utf8 COLLATE = utf8_general_ci COMMENT = '' ROW_FORMAT = COMPACT;

-- ----------------------------
-- Records of sys_user_role
-- ----------------------------
INSERT INTO `sys_user_role` VALUES (1, 1);
INSERT INTO `sys_user_role` VALUES (2, 3);
INSERT INTO `sys_user_role` VALUES (3, 4);
INSERT INTO `sys_user_role` VALUES (4, 2);
INSERT INTO `sys_user_role` VALUES (7, 2);

SET FOREIGN_KEY_CHECKS = 1;
